# SYNTHETIC DATA — employee current-skill possession was not present in any source file and has been simulated using a tenure/training-based heuristic for MVP demonstration purposes only. This must NOT be presented to stakeholders as real observed skill data. Real deployment requires an actual skills inventory (HRIS export, LMS completion records, or self-assessment survey).
EmployeeNumber,skill_name,skill_type,has_skill
1,Active Listening,essential,1
1,Speaking,essential,0
1,Reading Comprehension,essential,0
1,Critical Thinking,essential,1
1,Monitoring,essential,1
1,Adobe Acrobat,software,1
1,Adobe Creative Cloud software,software,1
1,Bentley MicroStation,software,0
1,Eclipse IDE,software,0
1,Facebook,software,0
2,Critical Thinking,essential,1
2,Reading Comprehension,essential,0
2,Active Listening,essential,1
2,Speaking,essential,1
2,Active Learning,essential,1
2,Amazon DynamoDB,software,1
2,Amazon Elastic Compute Cloud EC2,software,1
2,Amazon Redshift,software,1
2,Amazon Web Services AWS CloudFormation,software,1
2,Amazon Web Services AWS software,software,1
4,Reading Comprehension,essential,0
4,Active Listening,essential,1
4,Critical Thinking,essential,1
4,Speaking,essential,1
4,Science,essential,0
4,Google Docs,software,0
4,MEDITECH software,software,1
4,Microsoft Excel,software,0
4,Microsoft Office software,software,0
4,Microsoft Outlook,software,1
5,Critical Thinking,essential,1
5,Reading Comprehension,essential,1
5,Active Listening,essential,1
5,Speaking,essential,0
5,Active Learning,essential,0
5,Amazon DynamoDB,software,1
5,Amazon Elastic Compute Cloud EC2,software,1
5,Amazon Redshift,software,1
5,Amazon Web Services AWS CloudFormation,software,1
5,Amazon Web Services AWS software,software,1
7,Reading Comprehension,essential,1
7,Active Listening,essential,1
7,Critical Thinking,essential,1
7,Speaking,essential,0
7,Science,essential,1
7,Google Docs,software,0
7,MEDITECH software,software,1
7,Microsoft Excel,software,1
7,Microsoft Office software,software,1
7,Microsoft Outlook,software,1
8,Reading Comprehension,essential,0
8,Active Listening,essential,0
8,Critical Thinking,essential,0
8,Speaking,essential,0
8,Science,essential,1
8,Google Docs,software,0
8,MEDITECH software,software,1
8,Microsoft Excel,software,1
8,Microsoft Office software,software,1
8,Microsoft Outlook,software,1
10,Reading Comprehension,essential,1
10,Active Listening,essential,1
10,Critical Thinking,essential,0
10,Speaking,essential,1
10,Science,essential,1
10,Google Docs,software,0
10,MEDITECH software,software,1
10,Microsoft Excel,software,0
10,Microsoft Office software,software,1
10,Microsoft Outlook,software,0
11,Reading Comprehension,essential,0
11,Active Listening,essential,1
11,Critical Thinking,essential,1
11,Speaking,essential,0
11,Science,essential,0
11,Google Docs,software,0
11,MEDITECH software,software,0
11,Microsoft Excel,software,1
11,Microsoft Office software,software,1
11,Microsoft Outlook,software,1
12,Critical Thinking,essential,0
12,Speaking,essential,1
12,Monitoring,essential,1
12,Reading Comprehension,essential,1
12,Active Listening,essential,1
12,Adobe Acrobat,software,1
12,Adobe After Effects,software,1
12,Adobe InDesign,software,1
12,Adobe Photoshop,software,0
12,Autodesk AutoCAD,software,1
13,Active Listening,essential,1
13,Speaking,essential,1
13,Reading Comprehension,essential,1
13,Writing,essential,1
13,Active Learning,essential,1
13,Apple macOS,software,1
13,HubSpot software,software,1
13,IBM SPSS Statistics,software,1
13,Microsoft Excel,software,1
13,Microsoft Office software,software,1
14,Reading Comprehension,essential,1
14,Active Listening,essential,1
14,Critical Thinking,essential,1
14,Speaking,essential,1
14,Science,essential,0
14,Google Docs,software,1
14,MEDITECH software,software,1
14,Microsoft Excel,software,1
14,Microsoft Office software,software,1
14,Microsoft Outlook,software,1
15,Reading Comprehension,essential,1
15,Active Listening,essential,1
15,Critical Thinking,essential,0
15,Speaking,essential,1
15,Science,essential,1
15,Google Docs,software,1
15,MEDITECH software,software,1
15,Microsoft Excel,software,1
15,Microsoft Office software,software,1
15,Microsoft Outlook,software,1
16,Critical Thinking,essential,0
16,Reading Comprehension,essential,0
16,Active Listening,essential,1
16,Speaking,essential,1
16,Active Learning,essential,1
16,Amazon DynamoDB,software,1
16,Amazon Elastic Compute Cloud EC2,software,0
16,Amazon Redshift,software,0
16,Amazon Web Services AWS CloudFormation,software,1
16,Amazon Web Services AWS software,software,1
18,Reading Comprehension,essential,1
18,Active Listening,essential,1
18,Critical Thinking,essential,1
18,Speaking,essential,1
18,Science,essential,0
18,Google Docs,software,1
18,MEDITECH software,software,0
18,Microsoft Excel,software,0
18,Microsoft Office software,software,1
18,Microsoft Outlook,software,0
19,Reading Comprehension,essential,0
19,Active Listening,essential,1
19,Critical Thinking,essential,1
19,Speaking,essential,1
19,Science,essential,1
19,Google Docs,software,1
19,MEDITECH software,software,1
19,Microsoft Excel,software,1
19,Microsoft Office software,software,1
19,Microsoft Outlook,software,1
20,Critical Thinking,essential,0
20,Speaking,essential,1
20,Monitoring,essential,1
20,Reading Comprehension,essential,1
20,Active Listening,essential,0
20,Adobe Acrobat,software,1
20,Adobe After Effects,software,1
20,Adobe InDesign,software,1
20,Adobe Photoshop,software,1
20,Autodesk AutoCAD,software,1
21,Critical Thinking,essential,1
21,Reading Comprehension,essential,1
21,Active Listening,essential,1
21,Speaking,essential,1
21,Active Learning,essential,1
21,Amazon DynamoDB,software,1
21,Amazon Elastic Compute Cloud EC2,software,1
21,Amazon Redshift,software,1
21,Amazon Web Services AWS CloudFormation,software,1
21,Amazon Web Services AWS software,software,1
22,Reading Comprehension,essential,0
22,Active Listening,essential,1
22,Critical Thinking,essential,0
22,Speaking,essential,1
22,Science,essential,0
22,Google Docs,software,1
22,MEDITECH software,software,0
22,Microsoft Excel,software,1
22,Microsoft Office software,software,0
22,Microsoft Outlook,software,1
23,N/A - Department-level analysis only,N/A,0
24,Critical Thinking,essential,1
24,Reading Comprehension,essential,1
24,Active Listening,essential,0
24,Speaking,essential,0
24,Active Learning,essential,1
24,Amazon DynamoDB,software,0
24,Amazon Elastic Compute Cloud EC2,software,0
24,Amazon Redshift,software,1
24,Amazon Web Services AWS CloudFormation,software,1
24,Amazon Web Services AWS software,software,1
26,Critical Thinking,essential,1
26,Speaking,essential,0
26,Monitoring,essential,0
26,Reading Comprehension,essential,1
26,Active Listening,essential,1
26,Adobe Acrobat,software,1
26,Adobe After Effects,software,1
26,Adobe InDesign,software,0
26,Adobe Photoshop,software,0
26,Autodesk AutoCAD,software,0
27,Active Listening,essential,1
27,Speaking,essential,1
27,Reading Comprehension,essential,1
27,Writing,essential,0
27,Active Learning,essential,1
27,Apple macOS,software,1
27,HubSpot software,software,1
27,IBM SPSS Statistics,software,1
27,Microsoft Excel,software,1
27,Microsoft Office software,software,1
28,Science,essential,1
28,Reading Comprehension,essential,1
28,Active Listening,essential,1
28,Critical Thinking,essential,1
28,Monitoring,essential,1
28,Adobe Acrobat,software,1
28,Adobe Photoshop,software,1
28,ESRI ArcGIS software,software,1
28,IBM SPSS Statistics,software,1
28,Microsoft Access,software,1
30,Critical Thinking,essential,0
30,Reading Comprehension,essential,1
30,Active Listening,essential,1
30,Speaking,essential,1
30,Active Learning,essential,1
30,Amazon DynamoDB,software,1
30,Amazon Elastic Compute Cloud EC2,software,0
30,Amazon Redshift,software,1
30,Amazon Web Services AWS CloudFormation,software,0
30,Amazon Web Services AWS software,software,0
31,Critical Thinking,essential,0
31,Reading Comprehension,essential,1
31,Active Listening,essential,1
31,Speaking,essential,1
31,Active Learning,essential,1
31,Amazon DynamoDB,software,0
31,Amazon Elastic Compute Cloud EC2,software,1
31,Amazon Redshift,software,1
31,Amazon Web Services AWS CloudFormation,software,0
31,Amazon Web Services AWS software,software,1
32,N/A - Department-level analysis only,N/A,0
33,Critical Thinking,essential,1
33,Reading Comprehension,essential,0
33,Active Listening,essential,1
33,Speaking,essential,1
33,Active Learning,essential,1
33,Amazon DynamoDB,software,1
33,Amazon Elastic Compute Cloud EC2,software,1
33,Amazon Redshift,software,0
33,Amazon Web Services AWS CloudFormation,software,0
33,Amazon Web Services AWS software,software,1
35,Active Listening,essential,1
35,Speaking,essential,1
35,Reading Comprehension,essential,0
35,Critical Thinking,essential,1
35,Monitoring,essential,1
35,Adobe Acrobat,software,1
35,Adobe Creative Cloud software,software,0
35,Bentley MicroStation,software,1
35,Eclipse IDE,software,1
35,Facebook,software,1
36,Active Listening,essential,1
36,Speaking,essential,0
36,Reading Comprehension,essential,1
36,Writing,essential,1
36,Active Learning,essential,1
36,Apple macOS,software,1
36,HubSpot software,software,1
36,IBM SPSS Statistics,software,1
36,Microsoft Excel,software,1
36,Microsoft Office software,software,1
38,N/A - Department-level analysis only,N/A,0
39,Reading Comprehension,essential,0
39,Active Listening,essential,0
39,Critical Thinking,essential,0
39,Speaking,essential,0
39,Science,essential,0
39,Google Docs,software,0
39,MEDITECH software,software,0
39,Microsoft Excel,software,0
39,Microsoft Office software,software,0
39,Microsoft Outlook,software,0
40,Active Listening,essential,0
40,Speaking,essential,1
40,Reading Comprehension,essential,1
40,Writing,essential,1
40,Active Learning,essential,1
40,Apple macOS,software,1
40,HubSpot software,software,1
40,IBM SPSS Statistics,software,1
40,Microsoft Excel,software,1
40,Microsoft Office software,software,1
41,Reading Comprehension,essential,1
41,Active Listening,essential,1
41,Critical Thinking,essential,1
41,Speaking,essential,1
41,Science,essential,1
41,Google Docs,software,1
41,MEDITECH software,software,1
41,Microsoft Excel,software,1
41,Microsoft Office software,software,1
41,Microsoft Outlook,software,1
42,Active Listening,essential,1
42,Speaking,essential,1
42,Reading Comprehension,essential,1
42,Writing,essential,1
42,Active Learning,essential,0
42,Apple macOS,software,0
42,HubSpot software,software,1
42,IBM SPSS Statistics,software,1
42,Microsoft Excel,software,0
42,Microsoft Office software,software,1
45,Critical Thinking,essential,1
45,Reading Comprehension,essential,1
45,Active Listening,essential,1
45,Speaking,essential,0
45,Active Learning,essential,0
45,Amazon DynamoDB,software,0
45,Amazon Elastic Compute Cloud EC2,software,1
45,Amazon Redshift,software,1
45,Amazon Web Services AWS CloudFormation,software,1
45,Amazon Web Services AWS software,software,1
46,Critical Thinking,essential,1
46,Reading Comprehension,essential,0
46,Active Listening,essential,1
46,Speaking,essential,1
46,Active Learning,essential,0
46,Amazon DynamoDB,software,0
46,Amazon Elastic Compute Cloud EC2,software,1
46,Amazon Redshift,software,1
46,Amazon Web Services AWS CloudFormation,software,1
46,Amazon Web Services AWS software,software,1
47,Active Listening,essential,1
47,Speaking,essential,0
47,Reading Comprehension,essential,1
47,Writing,essential,1
47,Active Learning,essential,1
47,Apple macOS,software,1
47,HubSpot software,software,0
47,IBM SPSS Statistics,software,0
47,Microsoft Excel,software,1
47,Microsoft Office software,software,1
49,Active Listening,essential,1
49,Speaking,essential,1
49,Reading Comprehension,essential,1
49,Writing,essential,1
49,Active Learning,essential,1
49,Apple macOS,software,0
49,HubSpot software,software,0
49,IBM SPSS Statistics,software,1
49,Microsoft Excel,software,1
49,Microsoft Office software,software,0
51,Critical Thinking,essential,0
51,Reading Comprehension,essential,0
51,Active Listening,essential,0
51,Speaking,essential,1
51,Active Learning,essential,1
51,Amazon DynamoDB,software,0
51,Amazon Elastic Compute Cloud EC2,software,1
51,Amazon Redshift,software,0
51,Amazon Web Services AWS CloudFormation,software,0
51,Amazon Web Services AWS software,software,0
52,Active Listening,essential,1
52,Speaking,essential,1
52,Reading Comprehension,essential,1
52,Critical Thinking,essential,1
52,Monitoring,essential,0
52,Adobe Acrobat,software,1
52,Adobe Creative Cloud software,software,0
52,Bentley MicroStation,software,0
52,Eclipse IDE,software,1
52,Facebook,software,1
53,Reading Comprehension,essential,1
53,Active Listening,essential,1
53,Critical Thinking,essential,1
53,Speaking,essential,0
53,Science,essential,1
53,Google Docs,software,1
53,MEDITECH software,software,0
53,Microsoft Excel,software,1
53,Microsoft Office software,software,0
53,Microsoft Outlook,software,1
54,Reading Comprehension,essential,1
54,Active Listening,essential,0
54,Critical Thinking,essential,1
54,Speaking,essential,0
54,Science,essential,0
54,Google Docs,software,0
54,MEDITECH software,software,1
54,Microsoft Excel,software,1
54,Microsoft Office software,software,0
54,Microsoft Outlook,software,0
55,Reading Comprehension,essential,0
55,Active Listening,essential,1
55,Critical Thinking,essential,1
55,Speaking,essential,0
55,Science,essential,1
55,Google Docs,software,0
55,MEDITECH software,software,0
55,Microsoft Excel,software,1
55,Microsoft Office software,software,0
55,Microsoft Outlook,software,0
56,Active Listening,essential,1
56,Speaking,essential,0
56,Reading Comprehension,essential,1
56,Critical Thinking,essential,0
56,Monitoring,essential,1
56,Adobe Acrobat,software,0
56,Adobe Creative Cloud software,software,1
56,Bentley MicroStation,software,1
56,Eclipse IDE,software,0
56,Facebook,software,1
57,Reading Comprehension,essential,1
57,Active Listening,essential,0
57,Critical Thinking,essential,0
57,Speaking,essential,1
57,Science,essential,1
57,Google Docs,software,1
57,MEDITECH software,software,1
57,Microsoft Excel,software,1
57,Microsoft Office software,software,1
57,Microsoft Outlook,software,1
58,Science,essential,1
58,Reading Comprehension,essential,1
58,Active Listening,essential,1
58,Critical Thinking,essential,1
58,Monitoring,essential,1
58,Adobe Acrobat,software,1
58,Adobe Photoshop,software,1
58,ESRI ArcGIS software,software,1
58,IBM SPSS Statistics,software,1
58,Microsoft Access,software,1
60,Active Listening,essential,1
60,Speaking,essential,1
60,Reading Comprehension,essential,1
60,Critical Thinking,essential,1
60,Monitoring,essential,1
60,Adobe Acrobat,software,1
60,Adobe Creative Cloud software,software,1
60,Bentley MicroStation,software,1
60,Eclipse IDE,software,1
60,Facebook,software,1
61,Critical Thinking,essential,1
61,Reading Comprehension,essential,0
61,Active Listening,essential,1
61,Speaking,essential,1
61,Active Learning,essential,0
61,Amazon DynamoDB,software,0
61,Amazon Elastic Compute Cloud EC2,software,0
61,Amazon Redshift,software,0
61,Amazon Web Services AWS CloudFormation,software,1
61,Amazon Web Services AWS software,software,1
62,Active Listening,essential,1
62,Speaking,essential,1
62,Reading Comprehension,essential,1
62,Critical Thinking,essential,1
62,Monitoring,essential,1
62,Adobe Acrobat,software,1
62,Adobe Creative Cloud software,software,1
62,Bentley MicroStation,software,1
62,Eclipse IDE,software,1
62,Facebook,software,1
63,Reading Comprehension,essential,1
63,Active Listening,essential,0
63,Critical Thinking,essential,0
63,Speaking,essential,0
63,Science,essential,0
63,Google Docs,software,1
63,MEDITECH software,software,1
63,Microsoft Excel,software,0
63,Microsoft Office software,software,1
63,Microsoft Outlook,software,0
64,Reading Comprehension,essential,1
64,Active Listening,essential,0
64,Critical Thinking,essential,1
64,Speaking,essential,0
64,Science,essential,0
64,Google Docs,software,0
64,MEDITECH software,software,1
64,Microsoft Excel,software,0
64,Microsoft Office software,software,0
64,Microsoft Outlook,software,0
65,Reading Comprehension,essential,0
65,Active Listening,essential,0
65,Critical Thinking,essential,1
65,Speaking,essential,0
65,Science,essential,0
65,Google Docs,software,0
65,MEDITECH software,software,1
65,Microsoft Excel,software,1
65,Microsoft Office software,software,0
65,Microsoft Outlook,software,0
68,Active Listening,essential,1
68,Speaking,essential,0
68,Reading Comprehension,essential,1
68,Critical Thinking,essential,1
68,Monitoring,essential,1
68,Adobe Acrobat,software,1
68,Adobe Creative Cloud software,software,1
68,Bentley MicroStation,software,1
68,Eclipse IDE,software,0
68,Facebook,software,0
70,Active Listening,essential,0
70,Speaking,essential,1
70,Reading Comprehension,essential,1
70,Writing,essential,0
70,Active Learning,essential,0
70,Apple macOS,software,1
70,HubSpot software,software,0
70,IBM SPSS Statistics,software,0
70,Microsoft Excel,software,0
70,Microsoft Office software,software,0
72,Active Listening,essential,0
72,Speaking,essential,1
72,Reading Comprehension,essential,0
72,Critical Thinking,essential,0
72,Monitoring,essential,1
72,Adobe Acrobat,software,1
72,Adobe Creative Cloud software,software,1
72,Bentley MicroStation,software,0
72,Eclipse IDE,software,0
72,Facebook,software,1
73,Science,essential,1
73,Reading Comprehension,essential,1
73,Active Listening,essential,0
73,Critical Thinking,essential,1
73,Monitoring,essential,1
73,Adobe Acrobat,software,1
73,Adobe Photoshop,software,1
73,ESRI ArcGIS software,software,1
73,IBM SPSS Statistics,software,1
73,Microsoft Access,software,1
74,Active Listening,essential,1
74,Speaking,essential,0
74,Reading Comprehension,essential,0
74,Critical Thinking,essential,1
74,Monitoring,essential,1
74,Adobe Acrobat,software,0
74,Adobe Creative Cloud software,software,1
74,Bentley MicroStation,software,1
74,Eclipse IDE,software,1
74,Facebook,software,1
75,Reading Comprehension,essential,0
75,Active Listening,essential,0
75,Critical Thinking,essential,1
75,Speaking,essential,0
75,Science,essential,0
75,Google Docs,software,1
75,MEDITECH software,software,1
75,Microsoft Excel,software,0
75,Microsoft Office software,software,1
75,Microsoft Outlook,software,0
76,Reading Comprehension,essential,1
76,Active Listening,essential,0
76,Critical Thinking,essential,1
76,Speaking,essential,1
76,Science,essential,0
76,Google Docs,software,1
76,MEDITECH software,software,1
76,Microsoft Excel,software,1
76,Microsoft Office software,software,1
76,Microsoft Outlook,software,1
77,Critical Thinking,essential,1
77,Speaking,essential,1
77,Monitoring,essential,1
77,Reading Comprehension,essential,1
77,Active Listening,essential,1
77,Adobe Acrobat,software,1
77,Adobe After Effects,software,1
77,Adobe InDesign,software,1
77,Adobe Photoshop,software,0
77,Autodesk AutoCAD,software,1
78,Critical Thinking,essential,1
78,Speaking,essential,1
78,Monitoring,essential,1
78,Reading Comprehension,essential,1
78,Active Listening,essential,1
78,Adobe Acrobat,software,0
78,Adobe After Effects,software,1
78,Adobe InDesign,software,0
78,Adobe Photoshop,software,1
78,Autodesk AutoCAD,software,1
79,Reading Comprehension,essential,1
79,Active Listening,essential,0
79,Critical Thinking,essential,1
79,Speaking,essential,1
79,Science,essential,1
79,Google Docs,software,1
79,MEDITECH software,software,1
79,Microsoft Excel,software,1
79,Microsoft Office software,software,1
79,Microsoft Outlook,software,1
80,Science,essential,1
80,Reading Comprehension,essential,1
80,Active Listening,essential,1
80,Critical Thinking,essential,1
80,Monitoring,essential,1
80,Adobe Acrobat,software,1
80,Adobe Photoshop,software,1
80,ESRI ArcGIS software,software,1
80,IBM SPSS Statistics,software,1
80,Microsoft Access,software,1
81,Active Listening,essential,1
81,Speaking,essential,1
81,Reading Comprehension,essential,1
81,Critical Thinking,essential,1
81,Monitoring,essential,1
81,Adobe Acrobat,software,1
81,Adobe Creative Cloud software,software,1
81,Bentley MicroStation,software,1
81,Eclipse IDE,software,1
81,Facebook,software,1
83,Active Listening,essential,1
83,Speaking,essential,1
83,Reading Comprehension,essential,1
83,Writing,essential,1
83,Active Learning,essential,1
83,Apple macOS,software,1
83,HubSpot software,software,1
83,IBM SPSS Statistics,software,1
83,Microsoft Excel,software,1
83,Microsoft Office software,software,1
84,N/A - Department-level analysis only,N/A,0
85,Critical Thinking,essential,1
85,Speaking,essential,1
85,Monitoring,essential,1
85,Reading Comprehension,essential,1
85,Active Listening,essential,1
85,Adobe Acrobat,software,1
85,Adobe After Effects,software,1
85,Adobe InDesign,software,1
85,Adobe Photoshop,software,1
85,Autodesk AutoCAD,software,1
86,Critical Thinking,essential,0
86,Reading Comprehension,essential,0
86,Active Listening,essential,0
86,Speaking,essential,0
86,Active Learning,essential,1
86,Amazon DynamoDB,software,1
86,Amazon Elastic Compute Cloud EC2,software,0
86,Amazon Redshift,software,1
86,Amazon Web Services AWS CloudFormation,software,1
86,Amazon Web Services AWS software,software,1
88,Critical Thinking,essential,1
88,Reading Comprehension,essential,1
88,Active Listening,essential,1
88,Speaking,essential,1
88,Active Learning,essential,1
88,Amazon DynamoDB,software,0
88,Amazon Elastic Compute Cloud EC2,software,0
88,Amazon Redshift,software,0
88,Amazon Web Services AWS CloudFormation,software,0
88,Amazon Web Services AWS software,software,1
90,Critical Thinking,essential,1
90,Reading Comprehension,essential,0
90,Active Listening,essential,0
90,Speaking,essential,0
90,Active Learning,essential,0
90,Amazon DynamoDB,software,1
90,Amazon Elastic Compute Cloud EC2,software,1
90,Amazon Redshift,software,0
90,Amazon Web Services AWS CloudFormation,software,0
90,Amazon Web Services AWS software,software,0
91,Active Listening,essential,1
91,Speaking,essential,0
91,Reading Comprehension,essential,0
91,Critical Thinking,essential,1
91,Monitoring,essential,1
91,Adobe Acrobat,software,1
91,Adobe Creative Cloud software,software,1
91,Bentley MicroStation,software,1
91,Eclipse IDE,software,1
91,Facebook,software,1
94,Critical Thinking,essential,1
94,Reading Comprehension,essential,0
94,Active Listening,essential,1
94,Speaking,essential,1
94,Active Learning,essential,1
94,Amazon DynamoDB,software,0
94,Amazon Elastic Compute Cloud EC2,software,1
94,Amazon Redshift,software,1
94,Amazon Web Services AWS CloudFormation,software,0
94,Amazon Web Services AWS software,software,0
95,Critical Thinking,essential,0
95,Reading Comprehension,essential,1
95,Active Listening,essential,1
95,Speaking,essential,0
95,Active Learning,essential,0
95,Amazon DynamoDB,software,0
95,Amazon Elastic Compute Cloud EC2,software,0
95,Amazon Redshift,software,1
95,Amazon Web Services AWS CloudFormation,software,0
95,Amazon Web Services AWS software,software,1
96,Critical Thinking,essential,1
96,Reading Comprehension,essential,1
96,Active Listening,essential,1
96,Speaking,essential,1
96,Active Learning,essential,1
96,Amazon DynamoDB,software,1
96,Amazon Elastic Compute Cloud EC2,software,1
96,Amazon Redshift,software,1
96,Amazon Web Services AWS CloudFormation,software,1
96,Amazon Web Services AWS software,software,1
97,Reading Comprehension,essential,0
97,Active Listening,essential,1
97,Critical Thinking,essential,1
97,Speaking,essential,1
97,Science,essential,1
97,Google Docs,software,0
97,MEDITECH software,software,1
97,Microsoft Excel,software,0
97,Microsoft Office software,software,1
97,Microsoft Outlook,software,0
98,Critical Thinking,essential,1
98,Speaking,essential,1
98,Monitoring,essential,1
98,Reading Comprehension,essential,1
98,Active Listening,essential,1
98,Adobe Acrobat,software,1
98,Adobe After Effects,software,1
98,Adobe InDesign,software,0
98,Adobe Photoshop,software,1
98,Autodesk AutoCAD,software,1
100,Active Listening,essential,1
100,Speaking,essential,1
100,Reading Comprehension,essential,1
100,Critical Thinking,essential,1
100,Monitoring,essential,1
100,Adobe Acrobat,software,1
100,Adobe Creative Cloud software,software,1
100,Bentley MicroStation,software,1
100,Eclipse IDE,software,1
100,Facebook,software,1
101,Science,essential,1
101,Reading Comprehension,essential,0
101,Active Listening,essential,0
101,Critical Thinking,essential,0
101,Monitoring,essential,1
101,Adobe Acrobat,software,0
101,Adobe Photoshop,software,1
101,ESRI ArcGIS software,software,0
101,IBM SPSS Statistics,software,1
101,Microsoft Access,software,1
102,Science,essential,1
102,Reading Comprehension,essential,1
102,Active Listening,essential,0
102,Critical Thinking,essential,1
102,Monitoring,essential,1
102,Adobe Acrobat,software,0
102,Adobe Photoshop,software,1
102,ESRI ArcGIS software,software,1
102,IBM SPSS Statistics,software,0
102,Microsoft Access,software,1
103,Speaking,essential,1
103,Reading Comprehension,essential,0
103,Active Listening,essential,0
103,Writing,essential,1
103,Critical Thinking,essential,1
103,Adobe Acrobat,software,0
103,Adobe Creative Cloud software,software,0
103,Adobe Illustrator,software,1
103,Adobe InDesign,software,0
103,Adobe Photoshop,software,0
104,Reading Comprehension,essential,1
104,Active Listening,essential,1
104,Critical Thinking,essential,1
104,Speaking,essential,1
104,Science,essential,1
104,Google Docs,software,1
104,MEDITECH software,software,1
104,Microsoft Excel,software,0
104,Microsoft Office software,software,1
104,Microsoft Outlook,software,1
105,Critical Thinking,essential,1
105,Reading Comprehension,essential,0
105,Active Listening,essential,1
105,Speaking,essential,1
105,Active Learning,essential,0
105,Amazon DynamoDB,software,1
105,Amazon Elastic Compute Cloud EC2,software,1
105,Amazon Redshift,software,1
105,Amazon Web Services AWS CloudFormation,software,1
105,Amazon Web Services AWS software,software,1
106,Active Listening,essential,0
106,Speaking,essential,1
106,Reading Comprehension,essential,1
106,Critical Thinking,essential,1
106,Monitoring,essential,1
106,Adobe Acrobat,software,0
106,Adobe Creative Cloud software,software,0
106,Bentley MicroStation,software,1
106,Eclipse IDE,software,1
106,Facebook,software,0
107,Critical Thinking,essential,1
107,Reading Comprehension,essential,1
107,Active Listening,essential,1
107,Speaking,essential,1
107,Active Learning,essential,1
107,Amazon DynamoDB,software,1
107,Amazon Elastic Compute Cloud EC2,software,1
107,Amazon Redshift,software,1
107,Amazon Web Services AWS CloudFormation,software,1
107,Amazon Web Services AWS software,software,1
110,Critical Thinking,essential,0
110,Speaking,essential,1
110,Monitoring,essential,1
110,Reading Comprehension,essential,1
110,Active Listening,essential,1
110,Adobe Acrobat,software,0
110,Adobe After Effects,software,0
110,Adobe InDesign,software,0
110,Adobe Photoshop,software,1
110,Autodesk AutoCAD,software,1
112,Critical Thinking,essential,0
112,Speaking,essential,0
112,Monitoring,essential,1
112,Reading Comprehension,essential,0
112,Active Listening,essential,0
112,Adobe Acrobat,software,1
112,Adobe After Effects,software,1
112,Adobe InDesign,software,1
112,Adobe Photoshop,software,1
112,Autodesk AutoCAD,software,1
113,Active Listening,essential,0
113,Speaking,essential,1
113,Reading Comprehension,essential,1
113,Writing,essential,1
113,Active Learning,essential,0
113,Apple macOS,software,0
113,HubSpot software,software,1
113,IBM SPSS Statistics,software,1
113,Microsoft Excel,software,0
113,Microsoft Office software,software,0
116,Reading Comprehension,essential,1
116,Active Listening,essential,1
116,Critical Thinking,essential,1
116,Speaking,essential,1
116,Science,essential,1
116,Google Docs,software,1
116,MEDITECH software,software,0
116,Microsoft Excel,software,1
116,Microsoft Office software,software,1
116,Microsoft Outlook,software,1
117,Active Listening,essential,1
117,Speaking,essential,1
117,Reading Comprehension,essential,1
117,Writing,essential,0
117,Active Learning,essential,1
117,Apple macOS,software,1
117,HubSpot software,software,1
117,IBM SPSS Statistics,software,0
117,Microsoft Excel,software,1
117,Microsoft Office software,software,1
118,Active Listening,essential,1
118,Speaking,essential,1
118,Reading Comprehension,essential,1
118,Critical Thinking,essential,1
118,Monitoring,essential,1
118,Adobe Acrobat,software,1
118,Adobe Creative Cloud software,software,1
118,Bentley MicroStation,software,1
118,Eclipse IDE,software,1
118,Facebook,software,1
119,Active Listening,essential,1
119,Speaking,essential,1
119,Reading Comprehension,essential,1
119,Writing,essential,1
119,Active Learning,essential,1
119,Apple macOS,software,1
119,HubSpot software,software,1
119,IBM SPSS Statistics,software,1
119,Microsoft Excel,software,1
119,Microsoft Office software,software,1
120,Active Listening,essential,1
120,Speaking,essential,1
120,Reading Comprehension,essential,1
120,Critical Thinking,essential,1
120,Monitoring,essential,1
120,Adobe Acrobat,software,1
120,Adobe Creative Cloud software,software,1
120,Bentley MicroStation,software,1
120,Eclipse IDE,software,1
120,Facebook,software,1
121,Active Listening,essential,1
121,Speaking,essential,1
121,Reading Comprehension,essential,1
121,Critical Thinking,essential,1
121,Monitoring,essential,1
121,Adobe Acrobat,software,1
121,Adobe Creative Cloud software,software,1
121,Bentley MicroStation,software,1
121,Eclipse IDE,software,1
121,Facebook,software,1
124,Active Listening,essential,1
124,Speaking,essential,1
124,Reading Comprehension,essential,1
124,Writing,essential,1
124,Active Learning,essential,1
124,Apple macOS,software,1
124,HubSpot software,software,1
124,IBM SPSS Statistics,software,1
124,Microsoft Excel,software,1
124,Microsoft Office software,software,1
125,Active Listening,essential,1
125,Speaking,essential,1
125,Reading Comprehension,essential,1
125,Critical Thinking,essential,1
125,Monitoring,essential,1
125,Adobe Acrobat,software,0
125,Adobe Creative Cloud software,software,1
125,Bentley MicroStation,software,1
125,Eclipse IDE,software,1
125,Facebook,software,1
126,Science,essential,1
126,Reading Comprehension,essential,1
126,Active Listening,essential,1
126,Critical Thinking,essential,1
126,Monitoring,essential,1
126,Adobe Acrobat,software,1
126,Adobe Photoshop,software,1
126,ESRI ArcGIS software,software,0
126,IBM SPSS Statistics,software,0
126,Microsoft Access,software,1
128,Active Listening,essential,0
128,Speaking,essential,1
128,Reading Comprehension,essential,0
128,Critical Thinking,essential,0
128,Monitoring,essential,1
128,Adobe Acrobat,software,1
128,Adobe Creative Cloud software,software,1
128,Bentley MicroStation,software,1
128,Eclipse IDE,software,0
128,Facebook,software,1
129,Active Listening,essential,1
129,Speaking,essential,0
129,Reading Comprehension,essential,0
129,Critical Thinking,essential,1
129,Monitoring,essential,1
129,Adobe Acrobat,software,1
129,Adobe Creative Cloud software,software,1
129,Bentley MicroStation,software,0
129,Eclipse IDE,software,1
129,Facebook,software,1
131,Active Listening,essential,1
131,Speaking,essential,1
131,Reading Comprehension,essential,1
131,Critical Thinking,essential,1
131,Monitoring,essential,1
131,Adobe Acrobat,software,1
131,Adobe Creative Cloud software,software,1
131,Bentley MicroStation,software,1
131,Eclipse IDE,software,1
131,Facebook,software,1
132,Reading Comprehension,essential,0
132,Active Listening,essential,0
132,Critical Thinking,essential,1
132,Speaking,essential,0
132,Science,essential,1
132,Google Docs,software,1
132,MEDITECH software,software,1
132,Microsoft Excel,software,1
132,Microsoft Office software,software,1
132,Microsoft Outlook,software,0
133,Speaking,essential,1
133,Reading Comprehension,essential,0
133,Active Listening,essential,1
133,Writing,essential,1
133,Critical Thinking,essential,1
133,Adobe Acrobat,software,1
133,Adobe Creative Cloud software,software,0
133,Adobe Illustrator,software,1
133,Adobe InDesign,software,1
133,Adobe Photoshop,software,1
134,Critical Thinking,essential,0
134,Reading Comprehension,essential,0
134,Active Listening,essential,0
134,Speaking,essential,1
134,Active Learning,essential,1
134,Amazon DynamoDB,software,1
134,Amazon Elastic Compute Cloud EC2,software,0
134,Amazon Redshift,software,1
134,Amazon Web Services AWS CloudFormation,software,0
134,Amazon Web Services AWS software,software,0
137,Reading Comprehension,essential,1
137,Active Listening,essential,0
137,Critical Thinking,essential,1
137,Speaking,essential,1
137,Science,essential,0
137,Google Docs,software,1
137,MEDITECH software,software,0
137,Microsoft Excel,software,1
137,Microsoft Office software,software,1
137,Microsoft Outlook,software,0
138,Critical Thinking,essential,1
138,Reading Comprehension,essential,1
138,Active Listening,essential,1
138,Speaking,essential,1
138,Active Learning,essential,1
138,Amazon DynamoDB,software,1
138,Amazon Elastic Compute Cloud EC2,software,1
138,Amazon Redshift,software,1
138,Amazon Web Services AWS CloudFormation,software,0
138,Amazon Web Services AWS software,software,1
139,Active Listening,essential,1
139,Speaking,essential,0
139,Reading Comprehension,essential,0
139,Writing,essential,0
139,Active Learning,essential,0
139,Apple macOS,software,0
139,HubSpot software,software,0
139,IBM SPSS Statistics,software,0
139,Microsoft Excel,software,1
139,Microsoft Office software,software,0
140,N/A - Department-level analysis only,N/A,0
141,Science,essential,1
141,Reading Comprehension,essential,0
141,Active Listening,essential,0
141,Critical Thinking,essential,1
141,Monitoring,essential,1
141,Adobe Acrobat,software,0
141,Adobe Photoshop,software,1
141,ESRI ArcGIS software,software,1
141,IBM SPSS Statistics,software,0
141,Microsoft Access,software,1
142,Active Listening,essential,0
142,Speaking,essential,1
142,Reading Comprehension,essential,0
142,Critical Thinking,essential,0
142,Monitoring,essential,0
142,Adobe Acrobat,software,1
142,Adobe Creative Cloud software,software,0
142,Bentley MicroStation,software,0
142,Eclipse IDE,software,1
142,Facebook,software,0
143,Critical Thinking,essential,1
143,Reading Comprehension,essential,0
143,Active Listening,essential,1
143,Speaking,essential,1
143,Active Learning,essential,1
143,Amazon DynamoDB,software,0
143,Amazon Elastic Compute Cloud EC2,software,1
143,Amazon Redshift,software,0
143,Amazon Web Services AWS CloudFormation,software,1
143,Amazon Web Services AWS software,software,1
144,Reading Comprehension,essential,1
144,Active Listening,essential,0
144,Critical Thinking,essential,1
144,Speaking,essential,0
144,Science,essential,0
144,Google Docs,software,0
144,MEDITECH software,software,1
144,Microsoft Excel,software,1
144,Microsoft Office software,software,0
144,Microsoft Outlook,software,1
145,Active Listening,essential,1
145,Speaking,essential,1
145,Reading Comprehension,essential,1
145,Writing,essential,1
145,Active Learning,essential,0
145,Apple macOS,software,1
145,HubSpot software,software,1
145,IBM SPSS Statistics,software,1
145,Microsoft Excel,software,1
145,Microsoft Office software,software,1
147,Reading Comprehension,essential,1
147,Active Listening,essential,0
147,Critical Thinking,essential,1
147,Speaking,essential,1
147,Science,essential,1
147,Google Docs,software,1
147,MEDITECH software,software,1
147,Microsoft Excel,software,1
147,Microsoft Office software,software,1
147,Microsoft Outlook,software,1
148,N/A - Department-level analysis only,N/A,0
150,Reading Comprehension,essential,1
150,Active Listening,essential,1
150,Critical Thinking,essential,1
150,Speaking,essential,1
150,Science,essential,0
150,Google Docs,software,1
150,MEDITECH software,software,1
150,Microsoft Excel,software,0
150,Microsoft Office software,software,1
150,Microsoft Outlook,software,0
151,Critical Thinking,essential,0
151,Reading Comprehension,essential,1
151,Active Listening,essential,1
151,Speaking,essential,0
151,Active Learning,essential,0
151,Amazon DynamoDB,software,1
151,Amazon Elastic Compute Cloud EC2,software,0
151,Amazon Redshift,software,1
151,Amazon Web Services AWS CloudFormation,software,0
151,Amazon Web Services AWS software,software,1
152,Active Listening,essential,0
152,Speaking,essential,1
152,Reading Comprehension,essential,1
152,Critical Thinking,essential,1
152,Monitoring,essential,1
152,Adobe Acrobat,software,1
152,Adobe Creative Cloud software,software,1
152,Bentley MicroStation,software,1
152,Eclipse IDE,software,0
152,Facebook,software,1
153,N/A - Department-level analysis only,N/A,0
154,Active Listening,essential,1
154,Speaking,essential,0
154,Reading Comprehension,essential,1
154,Critical Thinking,essential,1
154,Monitoring,essential,0
154,Adobe Acrobat,software,1
154,Adobe Creative Cloud software,software,1
154,Bentley MicroStation,software,1
154,Eclipse IDE,software,1
154,Facebook,software,1
155,Reading Comprehension,essential,0
155,Active Listening,essential,1
155,Critical Thinking,essential,1
155,Speaking,essential,0
155,Science,essential,0
155,Google Docs,software,0
155,MEDITECH software,software,1
155,Microsoft Excel,software,0
155,Microsoft Office software,software,1
155,Microsoft Outlook,software,1
158,N/A - Department-level analysis only,N/A,0
159,Critical Thinking,essential,1
159,Reading Comprehension,essential,0
159,Active Listening,essential,1
159,Speaking,essential,1
159,Active Learning,essential,1
159,Amazon DynamoDB,software,1
159,Amazon Elastic Compute Cloud EC2,software,1
159,Amazon Redshift,software,1
159,Amazon Web Services AWS CloudFormation,software,1
159,Amazon Web Services AWS software,software,1
160,Active Listening,essential,1
160,Speaking,essential,1
160,Reading Comprehension,essential,1
160,Critical Thinking,essential,1
160,Monitoring,essential,1
160,Adobe Acrobat,software,1
160,Adobe Creative Cloud software,software,0
160,Bentley MicroStation,software,1
160,Eclipse IDE,software,1
160,Facebook,software,1
161,Critical Thinking,essential,0
161,Reading Comprehension,essential,1
161,Active Listening,essential,0
161,Speaking,essential,1
161,Active Learning,essential,1
161,Amazon DynamoDB,software,0
161,Amazon Elastic Compute Cloud EC2,software,0
161,Amazon Redshift,software,0
161,Amazon Web Services AWS CloudFormation,software,0
161,Amazon Web Services AWS software,software,0
162,Science,essential,1
162,Reading Comprehension,essential,1
162,Active Listening,essential,1
162,Critical Thinking,essential,1
162,Monitoring,essential,1
162,Adobe Acrobat,software,1
162,Adobe Photoshop,software,1
162,ESRI ArcGIS software,software,1
162,IBM SPSS Statistics,software,1
162,Microsoft Access,software,1
163,Active Listening,essential,0
163,Speaking,essential,1
163,Reading Comprehension,essential,1
163,Critical Thinking,essential,1
163,Monitoring,essential,1
163,Adobe Acrobat,software,0
163,Adobe Creative Cloud software,software,0
163,Bentley MicroStation,software,1
163,Eclipse IDE,software,1
163,Facebook,software,1
164,Critical Thinking,essential,1
164,Reading Comprehension,essential,0
164,Active Listening,essential,1
164,Speaking,essential,1
164,Active Learning,essential,1
164,Amazon DynamoDB,software,1
164,Amazon Elastic Compute Cloud EC2,software,0
164,Amazon Redshift,software,1
164,Amazon Web Services AWS CloudFormation,software,0
164,Amazon Web Services AWS software,software,1
165,Active Listening,essential,0
165,Speaking,essential,1
165,Reading Comprehension,essential,1
165,Writing,essential,1
165,Active Learning,essential,1
165,Apple macOS,software,1
165,HubSpot software,software,1
165,IBM SPSS Statistics,software,1
165,Microsoft Excel,software,1
165,Microsoft Office software,software,1
167,Active Listening,essential,1
167,Speaking,essential,0
167,Reading Comprehension,essential,1
167,Writing,essential,0
167,Active Learning,essential,1
167,Apple macOS,software,0
167,HubSpot software,software,0
167,IBM SPSS Statistics,software,0
167,Microsoft Excel,software,0
167,Microsoft Office software,software,1
169,Reading Comprehension,essential,0
169,Active Listening,essential,1
169,Critical Thinking,essential,1
169,Speaking,essential,1
169,Science,essential,1
169,Google Docs,software,0
169,MEDITECH software,software,0
169,Microsoft Excel,software,1
169,Microsoft Office software,software,1
169,Microsoft Outlook,software,0
170,Critical Thinking,essential,1
170,Speaking,essential,1
170,Monitoring,essential,1
170,Reading Comprehension,essential,1
170,Active Listening,essential,1
170,Adobe Acrobat,software,1
170,Adobe After Effects,software,1
170,Adobe InDesign,software,1
170,Adobe Photoshop,software,1
170,Autodesk AutoCAD,software,1
171,Critical Thinking,essential,0
171,Reading Comprehension,essential,1
171,Active Listening,essential,1
171,Speaking,essential,0
171,Active Learning,essential,1
171,Amazon DynamoDB,software,0
171,Amazon Elastic Compute Cloud EC2,software,1
171,Amazon Redshift,software,1
171,Amazon Web Services AWS CloudFormation,software,0
171,Amazon Web Services AWS software,software,1
174,Active Listening,essential,0
174,Speaking,essential,1
174,Reading Comprehension,essential,1
174,Critical Thinking,essential,1
174,Monitoring,essential,0
174,Adobe Acrobat,software,1
174,Adobe Creative Cloud software,software,0
174,Bentley MicroStation,software,1
174,Eclipse IDE,software,0
174,Facebook,software,1
175,Active Listening,essential,0
175,Speaking,essential,0
175,Reading Comprehension,essential,0
175,Critical Thinking,essential,0
175,Monitoring,essential,0
175,Adobe Acrobat,software,0
175,Adobe Creative Cloud software,software,1
175,Bentley MicroStation,software,1
175,Eclipse IDE,software,0
175,Facebook,software,0
176,Active Listening,essential,1
176,Speaking,essential,1
176,Reading Comprehension,essential,1
176,Critical Thinking,essential,1
176,Monitoring,essential,1
176,Adobe Acrobat,software,1
176,Adobe Creative Cloud software,software,1
176,Bentley MicroStation,software,1
176,Eclipse IDE,software,1
176,Facebook,software,1
177,Speaking,essential,1
177,Reading Comprehension,essential,1
177,Active Listening,essential,1
177,Writing,essential,1
177,Critical Thinking,essential,1
177,Adobe Acrobat,software,1
177,Adobe Creative Cloud software,software,1
177,Adobe Illustrator,software,1
177,Adobe InDesign,software,1
177,Adobe Photoshop,software,1
178,Critical Thinking,essential,0
178,Speaking,essential,0
178,Monitoring,essential,0
178,Reading Comprehension,essential,1
178,Active Listening,essential,0
178,Adobe Acrobat,software,1
178,Adobe After Effects,software,1
178,Adobe InDesign,software,0
178,Adobe Photoshop,software,1
178,Autodesk AutoCAD,software,0
179,Critical Thinking,essential,0
179,Speaking,essential,0
179,Monitoring,essential,1
179,Reading Comprehension,essential,1
179,Active Listening,essential,1
179,Adobe Acrobat,software,1
179,Adobe After Effects,software,1
179,Adobe InDesign,software,1
179,Adobe Photoshop,software,1
179,Autodesk AutoCAD,software,1
182,Active Listening,essential,1
182,Speaking,essential,1
182,Reading Comprehension,essential,1
182,Critical Thinking,essential,1
182,Monitoring,essential,1
182,Adobe Acrobat,software,1
182,Adobe Creative Cloud software,software,1
182,Bentley MicroStation,software,1
182,Eclipse IDE,software,1
182,Facebook,software,1
183,Active Listening,essential,1
183,Speaking,essential,0
183,Reading Comprehension,essential,1
183,Critical Thinking,essential,1
183,Monitoring,essential,0
183,Adobe Acrobat,software,0
183,Adobe Creative Cloud software,software,0
183,Bentley MicroStation,software,0
183,Eclipse IDE,software,1
183,Facebook,software,0
184,Speaking,essential,1
184,Reading Comprehension,essential,1
184,Active Listening,essential,1
184,Writing,essential,1
184,Critical Thinking,essential,1
184,Adobe Acrobat,software,1
184,Adobe Creative Cloud software,software,1
184,Adobe Illustrator,software,1
184,Adobe InDesign,software,1
184,Adobe Photoshop,software,1
190,Reading Comprehension,essential,1
190,Active Listening,essential,1
190,Critical Thinking,essential,0
190,Speaking,essential,1
190,Science,essential,0
190,Google Docs,software,1
190,MEDITECH software,software,1
190,Microsoft Excel,software,0
190,Microsoft Office software,software,0
190,Microsoft Outlook,software,1
192,Critical Thinking,essential,1
192,Reading Comprehension,essential,0
192,Active Listening,essential,1
192,Speaking,essential,0
192,Active Learning,essential,0
192,Amazon DynamoDB,software,1
192,Amazon Elastic Compute Cloud EC2,software,1
192,Amazon Redshift,software,1
192,Amazon Web Services AWS CloudFormation,software,1
192,Amazon Web Services AWS software,software,1
193,Critical Thinking,essential,1
193,Reading Comprehension,essential,1
193,Active Listening,essential,0
193,Speaking,essential,0
193,Active Learning,essential,0
193,Amazon DynamoDB,software,1
193,Amazon Elastic Compute Cloud EC2,software,1
193,Amazon Redshift,software,1
193,Amazon Web Services AWS CloudFormation,software,0
193,Amazon Web Services AWS software,software,1
194,Critical Thinking,essential,0
194,Reading Comprehension,essential,1
194,Active Listening,essential,1
194,Speaking,essential,1
194,Active Learning,essential,1
194,Amazon DynamoDB,software,0
194,Amazon Elastic Compute Cloud EC2,software,0
194,Amazon Redshift,software,1
194,Amazon Web Services AWS CloudFormation,software,1
194,Amazon Web Services AWS software,software,1
195,Active Listening,essential,0
195,Speaking,essential,1
195,Reading Comprehension,essential,1
195,Critical Thinking,essential,1
195,Monitoring,essential,1
195,Adobe Acrobat,software,1
195,Adobe Creative Cloud software,software,1
195,Bentley MicroStation,software,0
195,Eclipse IDE,software,1
195,Facebook,software,1
197,Critical Thinking,essential,0
197,Reading Comprehension,essential,1
197,Active Listening,essential,0
197,Speaking,essential,1
197,Active Learning,essential,1
197,Amazon DynamoDB,software,0
197,Amazon Elastic Compute Cloud EC2,software,1
197,Amazon Redshift,software,1
197,Amazon Web Services AWS CloudFormation,software,1
197,Amazon Web Services AWS software,software,1
198,Reading Comprehension,essential,1
198,Active Listening,essential,1
198,Critical Thinking,essential,0
198,Speaking,essential,1
198,Science,essential,1
198,Google Docs,software,1
198,MEDITECH software,software,0
198,Microsoft Excel,software,1
198,Microsoft Office software,software,0
198,Microsoft Outlook,software,1
199,N/A - Department-level analysis only,N/A,0
200,Reading Comprehension,essential,1
200,Active Listening,essential,1
200,Critical Thinking,essential,1
200,Speaking,essential,1
200,Science,essential,1
200,Google Docs,software,0
200,MEDITECH software,software,1
200,Microsoft Excel,software,1
200,Microsoft Office software,software,1
200,Microsoft Outlook,software,0
201,Reading Comprehension,essential,1
201,Active Listening,essential,1
201,Critical Thinking,essential,1
201,Speaking,essential,0
201,Science,essential,0
201,Google Docs,software,1
201,MEDITECH software,software,0
201,Microsoft Excel,software,0
201,Microsoft Office software,software,0
201,Microsoft Outlook,software,0
202,Critical Thinking,essential,1
202,Reading Comprehension,essential,1
202,Active Listening,essential,1
202,Speaking,essential,1
202,Active Learning,essential,1
202,Amazon DynamoDB,software,1
202,Amazon Elastic Compute Cloud EC2,software,1
202,Amazon Redshift,software,1
202,Amazon Web Services AWS CloudFormation,software,1
202,Amazon Web Services AWS software,software,1
204,Active Listening,essential,1
204,Speaking,essential,1
204,Reading Comprehension,essential,1
204,Critical Thinking,essential,1
204,Monitoring,essential,0
204,Adobe Acrobat,software,0
204,Adobe Creative Cloud software,software,1
204,Bentley MicroStation,software,0
204,Eclipse IDE,software,1
204,Facebook,software,1
205,Active Listening,essential,1
205,Speaking,essential,1
205,Reading Comprehension,essential,1
205,Writing,essential,1
205,Active Learning,essential,1
205,Apple macOS,software,1
205,HubSpot software,software,1
205,IBM SPSS Statistics,software,1
205,Microsoft Excel,software,1
205,Microsoft Office software,software,1
206,Reading Comprehension,essential,0
206,Active Listening,essential,1
206,Critical Thinking,essential,1
206,Speaking,essential,1
206,Science,essential,1
206,Google Docs,software,1
206,MEDITECH software,software,1
206,Microsoft Excel,software,1
206,Microsoft Office software,software,1
206,Microsoft Outlook,software,1
207,Active Listening,essential,1
207,Speaking,essential,1
207,Reading Comprehension,essential,0
207,Critical Thinking,essential,1
207,Monitoring,essential,1
207,Adobe Acrobat,software,0
207,Adobe Creative Cloud software,software,1
207,Bentley MicroStation,software,1
207,Eclipse IDE,software,1
207,Facebook,software,1
208,Critical Thinking,essential,1
208,Speaking,essential,1
208,Monitoring,essential,1
208,Reading Comprehension,essential,1
208,Active Listening,essential,0
208,Adobe Acrobat,software,1
208,Adobe After Effects,software,0
208,Adobe InDesign,software,1
208,Adobe Photoshop,software,0
208,Autodesk AutoCAD,software,1
211,Critical Thinking,essential,0
211,Speaking,essential,0
211,Monitoring,essential,0
211,Reading Comprehension,essential,1
211,Active Listening,essential,1
211,Adobe Acrobat,software,0
211,Adobe After Effects,software,0
211,Adobe InDesign,software,0
211,Adobe Photoshop,software,0
211,Autodesk AutoCAD,software,1
214,Critical Thinking,essential,0
214,Reading Comprehension,essential,1
214,Active Listening,essential,0
214,Speaking,essential,1
214,Active Learning,essential,1
214,Amazon DynamoDB,software,1
214,Amazon Elastic Compute Cloud EC2,software,1
214,Amazon Redshift,software,0
214,Amazon Web Services AWS CloudFormation,software,1
214,Amazon Web Services AWS software,software,1
215,Active Listening,essential,1
215,Speaking,essential,1
215,Reading Comprehension,essential,1
215,Critical Thinking,essential,1
215,Monitoring,essential,1
215,Adobe Acrobat,software,1
215,Adobe Creative Cloud software,software,1
215,Bentley MicroStation,software,1
215,Eclipse IDE,software,1
215,Facebook,software,1
216,Active Listening,essential,1
216,Speaking,essential,1
216,Reading Comprehension,essential,1
216,Writing,essential,1
216,Active Learning,essential,1
216,Apple macOS,software,1
216,HubSpot software,software,1
216,IBM SPSS Statistics,software,1
216,Microsoft Excel,software,1
216,Microsoft Office software,software,0
217,Critical Thinking,essential,0
217,Reading Comprehension,essential,0
217,Active Listening,essential,0
217,Speaking,essential,1
217,Active Learning,essential,1
217,Amazon DynamoDB,software,1
217,Amazon Elastic Compute Cloud EC2,software,1
217,Amazon Redshift,software,0
217,Amazon Web Services AWS CloudFormation,software,1
217,Amazon Web Services AWS software,software,0
218,Critical Thinking,essential,1
218,Reading Comprehension,essential,0
218,Active Listening,essential,1
218,Speaking,essential,1
218,Active Learning,essential,0
218,Amazon DynamoDB,software,1
218,Amazon Elastic Compute Cloud EC2,software,1
218,Amazon Redshift,software,1
218,Amazon Web Services AWS CloudFormation,software,0
218,Amazon Web Services AWS software,software,0
221,Critical Thinking,essential,1
221,Reading Comprehension,essential,1
221,Active Listening,essential,0
221,Speaking,essential,1
221,Active Learning,essential,1
221,Amazon DynamoDB,software,1
221,Amazon Elastic Compute Cloud EC2,software,1
221,Amazon Redshift,software,0
221,Amazon Web Services AWS CloudFormation,software,1
221,Amazon Web Services AWS software,software,1
223,Active Listening,essential,0
223,Speaking,essential,1
223,Reading Comprehension,essential,1
223,Writing,essential,1
223,Active Learning,essential,0
223,Apple macOS,software,1
223,HubSpot software,software,0
223,IBM SPSS Statistics,software,1
223,Microsoft Excel,software,1
223,Microsoft Office software,software,1
224,Critical Thinking,essential,0
224,Reading Comprehension,essential,0
224,Active Listening,essential,0
224,Speaking,essential,0
224,Active Learning,essential,1
224,Amazon DynamoDB,software,1
224,Amazon Elastic Compute Cloud EC2,software,0
224,Amazon Redshift,software,1
224,Amazon Web Services AWS CloudFormation,software,0
224,Amazon Web Services AWS software,software,0
226,N/A - Department-level analysis only,N/A,0
227,Critical Thinking,essential,1
227,Reading Comprehension,essential,1
227,Active Listening,essential,1
227,Speaking,essential,1
227,Active Learning,essential,1
227,Amazon DynamoDB,software,1
227,Amazon Elastic Compute Cloud EC2,software,1
227,Amazon Redshift,software,1
227,Amazon Web Services AWS CloudFormation,software,1
227,Amazon Web Services AWS software,software,1
228,Active Listening,essential,1
228,Speaking,essential,1
228,Reading Comprehension,essential,1
228,Critical Thinking,essential,1
228,Monitoring,essential,1
228,Adobe Acrobat,software,1
228,Adobe Creative Cloud software,software,1
228,Bentley MicroStation,software,1
228,Eclipse IDE,software,1
228,Facebook,software,1
230,Active Listening,essential,1
230,Speaking,essential,1
230,Reading Comprehension,essential,1
230,Critical Thinking,essential,1
230,Monitoring,essential,0
230,Adobe Acrobat,software,1
230,Adobe Creative Cloud software,software,1
230,Bentley MicroStation,software,1
230,Eclipse IDE,software,1
230,Facebook,software,1
231,Critical Thinking,essential,0
231,Reading Comprehension,essential,0
231,Active Listening,essential,1
231,Speaking,essential,1
231,Active Learning,essential,0
231,Amazon DynamoDB,software,1
231,Amazon Elastic Compute Cloud EC2,software,1
231,Amazon Redshift,software,1
231,Amazon Web Services AWS CloudFormation,software,1
231,Amazon Web Services AWS software,software,0
233,Critical Thinking,essential,1
233,Reading Comprehension,essential,1
233,Active Listening,essential,1
233,Speaking,essential,1
233,Active Learning,essential,1
233,Amazon DynamoDB,software,1
233,Amazon Elastic Compute Cloud EC2,software,1
233,Amazon Redshift,software,0
233,Amazon Web Services AWS CloudFormation,software,1
233,Amazon Web Services AWS software,software,1
235,Active Listening,essential,0
235,Speaking,essential,0
235,Reading Comprehension,essential,1
235,Writing,essential,1
235,Active Learning,essential,1
235,Apple macOS,software,0
235,HubSpot software,software,0
235,IBM SPSS Statistics,software,0
235,Microsoft Excel,software,0
235,Microsoft Office software,software,0
238,Reading Comprehension,essential,1
238,Active Listening,essential,1
238,Critical Thinking,essential,1
238,Speaking,essential,0
238,Science,essential,1
238,Google Docs,software,1
238,MEDITECH software,software,1
238,Microsoft Excel,software,1
238,Microsoft Office software,software,1
238,Microsoft Outlook,software,1
239,Reading Comprehension,essential,1
239,Active Listening,essential,1
239,Critical Thinking,essential,1
239,Speaking,essential,1
239,Science,essential,1
239,Google Docs,software,1
239,MEDITECH software,software,1
239,Microsoft Excel,software,1
239,Microsoft Office software,software,0
239,Microsoft Outlook,software,1
240,Active Listening,essential,1
240,Speaking,essential,0
240,Reading Comprehension,essential,1
240,Critical Thinking,essential,1
240,Monitoring,essential,1
240,Adobe Acrobat,software,0
240,Adobe Creative Cloud software,software,1
240,Bentley MicroStation,software,0
240,Eclipse IDE,software,0
240,Facebook,software,0
241,Critical Thinking,essential,1
241,Reading Comprehension,essential,1
241,Active Listening,essential,1
241,Speaking,essential,1
241,Active Learning,essential,1
241,Amazon DynamoDB,software,0
241,Amazon Elastic Compute Cloud EC2,software,0
241,Amazon Redshift,software,1
241,Amazon Web Services AWS CloudFormation,software,1
241,Amazon Web Services AWS software,software,1
242,Critical Thinking,essential,0
242,Reading Comprehension,essential,1
242,Active Listening,essential,0
242,Speaking,essential,1
242,Active Learning,essential,0
242,Amazon DynamoDB,software,0
242,Amazon Elastic Compute Cloud EC2,software,1
242,Amazon Redshift,software,0
242,Amazon Web Services AWS CloudFormation,software,1
242,Amazon Web Services AWS software,software,0
243,Reading Comprehension,essential,1
243,Active Listening,essential,0
243,Critical Thinking,essential,0
243,Speaking,essential,0
243,Science,essential,0
243,Google Docs,software,1
243,MEDITECH software,software,1
243,Microsoft Excel,software,1
243,Microsoft Office software,software,1
243,Microsoft Outlook,software,0
244,Active Listening,essential,1
244,Speaking,essential,0
244,Reading Comprehension,essential,1
244,Critical Thinking,essential,1
244,Monitoring,essential,1
244,Adobe Acrobat,software,1
244,Adobe Creative Cloud software,software,1
244,Bentley MicroStation,software,1
244,Eclipse IDE,software,1
244,Facebook,software,1
245,Reading Comprehension,essential,1
245,Active Listening,essential,1
245,Critical Thinking,essential,1
245,Speaking,essential,1
245,Science,essential,1
245,Google Docs,software,1
245,MEDITECH software,software,1
245,Microsoft Excel,software,1
245,Microsoft Office software,software,0
245,Microsoft Outlook,software,1
246,Critical Thinking,essential,0
246,Reading Comprehension,essential,1
246,Active Listening,essential,1
246,Speaking,essential,0
246,Active Learning,essential,1
246,Amazon DynamoDB,software,1
246,Amazon Elastic Compute Cloud EC2,software,0
246,Amazon Redshift,software,1
246,Amazon Web Services AWS CloudFormation,software,0
246,Amazon Web Services AWS software,software,0
247,Critical Thinking,essential,1
247,Reading Comprehension,essential,1
247,Active Listening,essential,0
247,Speaking,essential,1
247,Active Learning,essential,1
247,Amazon DynamoDB,software,0
247,Amazon Elastic Compute Cloud EC2,software,1
247,Amazon Redshift,software,0
247,Amazon Web Services AWS CloudFormation,software,0
247,Amazon Web Services AWS software,software,1
248,Active Listening,essential,1
248,Speaking,essential,1
248,Reading Comprehension,essential,1
248,Writing,essential,1
248,Active Learning,essential,1
248,Apple macOS,software,1
248,HubSpot software,software,1
248,IBM SPSS Statistics,software,0
248,Microsoft Excel,software,0
248,Microsoft Office software,software,1
249,Reading Comprehension,essential,1
249,Active Listening,essential,0
249,Critical Thinking,essential,1
249,Speaking,essential,1
249,Science,essential,1
249,Google Docs,software,0
249,MEDITECH software,software,1
249,Microsoft Excel,software,1
249,Microsoft Office software,software,1
249,Microsoft Outlook,software,1
250,Critical Thinking,essential,0
250,Speaking,essential,0
250,Monitoring,essential,0
250,Reading Comprehension,essential,1
250,Active Listening,essential,1
250,Adobe Acrobat,software,1
250,Adobe After Effects,software,1
250,Adobe InDesign,software,1
250,Adobe Photoshop,software,0
250,Autodesk AutoCAD,software,1
252,Critical Thinking,essential,1
252,Reading Comprehension,essential,1
252,Active Listening,essential,1
252,Speaking,essential,1
252,Active Learning,essential,0
252,Amazon DynamoDB,software,1
252,Amazon Elastic Compute Cloud EC2,software,0
252,Amazon Redshift,software,1
252,Amazon Web Services AWS CloudFormation,software,1
252,Amazon Web Services AWS software,software,1
253,N/A - Department-level analysis only,N/A,0
254,Science,essential,1
254,Reading Comprehension,essential,1
254,Active Listening,essential,1
254,Critical Thinking,essential,1
254,Monitoring,essential,1
254,Adobe Acrobat,software,1
254,Adobe Photoshop,software,1
254,ESRI ArcGIS software,software,1
254,IBM SPSS Statistics,software,1
254,Microsoft Access,software,1
256,Critical Thinking,essential,1
256,Speaking,essential,1
256,Monitoring,essential,1
256,Reading Comprehension,essential,0
256,Active Listening,essential,1
256,Adobe Acrobat,software,1
256,Adobe After Effects,software,1
256,Adobe InDesign,software,1
256,Adobe Photoshop,software,1
256,Autodesk AutoCAD,software,1
258,Active Listening,essential,1
258,Speaking,essential,1
258,Reading Comprehension,essential,1
258,Writing,essential,1
258,Active Learning,essential,1
258,Apple macOS,software,1
258,HubSpot software,software,1
258,IBM SPSS Statistics,software,1
258,Microsoft Excel,software,1
258,Microsoft Office software,software,1
259,N/A - Department-level analysis only,N/A,0
260,Critical Thinking,essential,1
260,Reading Comprehension,essential,1
260,Active Listening,essential,1
260,Speaking,essential,1
260,Active Learning,essential,1
260,Amazon DynamoDB,software,1
260,Amazon Elastic Compute Cloud EC2,software,1
260,Amazon Redshift,software,1
260,Amazon Web Services AWS CloudFormation,software,1
260,Amazon Web Services AWS software,software,1
261,Critical Thinking,essential,0
261,Speaking,essential,0
261,Monitoring,essential,1
261,Reading Comprehension,essential,1
261,Active Listening,essential,1
261,Adobe Acrobat,software,0
261,Adobe After Effects,software,0
261,Adobe InDesign,software,1
261,Adobe Photoshop,software,1
261,Autodesk AutoCAD,software,1
262,Critical Thinking,essential,1
262,Reading Comprehension,essential,0
262,Active Listening,essential,1
262,Speaking,essential,1
262,Active Learning,essential,1
262,Amazon DynamoDB,software,0
262,Amazon Elastic Compute Cloud EC2,software,1
262,Amazon Redshift,software,0
262,Amazon Web Services AWS CloudFormation,software,1
262,Amazon Web Services AWS software,software,1
264,N/A - Department-level analysis only,N/A,0
267,Critical Thinking,essential,1
267,Reading Comprehension,essential,1
267,Active Listening,essential,1
267,Speaking,essential,1
267,Active Learning,essential,1
267,Amazon DynamoDB,software,1
267,Amazon Elastic Compute Cloud EC2,software,1
267,Amazon Redshift,software,0
267,Amazon Web Services AWS CloudFormation,software,1
267,Amazon Web Services AWS software,software,1
269,Reading Comprehension,essential,0
269,Active Listening,essential,1
269,Critical Thinking,essential,1
269,Speaking,essential,1
269,Science,essential,1
269,Google Docs,software,1
269,MEDITECH software,software,1
269,Microsoft Excel,software,1
269,Microsoft Office software,software,0
269,Microsoft Outlook,software,1
270,Critical Thinking,essential,1
270,Speaking,essential,1
270,Monitoring,essential,1
270,Reading Comprehension,essential,1
270,Active Listening,essential,0
270,Adobe Acrobat,software,1
270,Adobe After Effects,software,1
270,Adobe InDesign,software,1
270,Adobe Photoshop,software,0
270,Autodesk AutoCAD,software,1
271,Critical Thinking,essential,1
271,Speaking,essential,0
271,Monitoring,essential,0
271,Reading Comprehension,essential,0
271,Active Listening,essential,0
271,Adobe Acrobat,software,1
271,Adobe After Effects,software,0
271,Adobe InDesign,software,1
271,Adobe Photoshop,software,0
271,Autodesk AutoCAD,software,0
273,Critical Thinking,essential,1
273,Speaking,essential,1
273,Monitoring,essential,1
273,Reading Comprehension,essential,1
273,Active Listening,essential,0
273,Adobe Acrobat,software,0
273,Adobe After Effects,software,1
273,Adobe InDesign,software,1
273,Adobe Photoshop,software,1
273,Autodesk AutoCAD,software,1
274,Critical Thinking,essential,0
274,Speaking,essential,1
274,Monitoring,essential,0
274,Reading Comprehension,essential,0
274,Active Listening,essential,0
274,Adobe Acrobat,software,0
274,Adobe After Effects,software,0
274,Adobe InDesign,software,0
274,Adobe Photoshop,software,1
274,Autodesk AutoCAD,software,0
275,Critical Thinking,essential,0
275,Speaking,essential,0
275,Monitoring,essential,1
275,Reading Comprehension,essential,0
275,Active Listening,essential,1
275,Adobe Acrobat,software,1
275,Adobe After Effects,software,1
275,Adobe InDesign,software,1
275,Adobe Photoshop,software,0
275,Autodesk AutoCAD,software,0
277,Critical Thinking,essential,1
277,Reading Comprehension,essential,1
277,Active Listening,essential,0
277,Speaking,essential,1
277,Active Learning,essential,1
277,Amazon DynamoDB,software,1
277,Amazon Elastic Compute Cloud EC2,software,1
277,Amazon Redshift,software,1
277,Amazon Web Services AWS CloudFormation,software,1
277,Amazon Web Services AWS software,software,0
281,Reading Comprehension,essential,1
281,Active Listening,essential,1
281,Critical Thinking,essential,0
281,Speaking,essential,1
281,Science,essential,1
281,Google Docs,software,1
281,MEDITECH software,software,0
281,Microsoft Excel,software,1
281,Microsoft Office software,software,1
281,Microsoft Outlook,software,1
282,Active Listening,essential,1
282,Speaking,essential,0
282,Reading Comprehension,essential,0
282,Writing,essential,1
282,Active Learning,essential,1
282,Apple macOS,software,0
282,HubSpot software,software,0
282,IBM SPSS Statistics,software,0
282,Microsoft Excel,software,1
282,Microsoft Office software,software,1
283,Active Listening,essential,1
283,Speaking,essential,1
283,Reading Comprehension,essential,1
283,Critical Thinking,essential,1
283,Monitoring,essential,1
283,Adobe Acrobat,software,1
283,Adobe Creative Cloud software,software,1
283,Bentley MicroStation,software,1
283,Eclipse IDE,software,1
283,Facebook,software,1
284,Critical Thinking,essential,1
284,Reading Comprehension,essential,1
284,Active Listening,essential,1
284,Speaking,essential,0
284,Active Learning,essential,0
284,Amazon DynamoDB,software,0
284,Amazon Elastic Compute Cloud EC2,software,1
284,Amazon Redshift,software,0
284,Amazon Web Services AWS CloudFormation,software,1
284,Amazon Web Services AWS software,software,1
286,Reading Comprehension,essential,1
286,Active Listening,essential,1
286,Critical Thinking,essential,1
286,Speaking,essential,1
286,Science,essential,1
286,Google Docs,software,1
286,MEDITECH software,software,1
286,Microsoft Excel,software,1
286,Microsoft Office software,software,1
286,Microsoft Outlook,software,1
287,Active Listening,essential,1
287,Speaking,essential,1
287,Reading Comprehension,essential,1
287,Writing,essential,0
287,Active Learning,essential,0
287,Apple macOS,software,0
287,HubSpot software,software,1
287,IBM SPSS Statistics,software,1
287,Microsoft Excel,software,1
287,Microsoft Office software,software,0
288,Active Listening,essential,1
288,Speaking,essential,1
288,Reading Comprehension,essential,0
288,Writing,essential,1
288,Active Learning,essential,1
288,Apple macOS,software,1
288,HubSpot software,software,1
288,IBM SPSS Statistics,software,1
288,Microsoft Excel,software,1
288,Microsoft Office software,software,1
291,Active Listening,essential,1
291,Speaking,essential,1
291,Reading Comprehension,essential,1
291,Critical Thinking,essential,1
291,Monitoring,essential,1
291,Adobe Acrobat,software,1
291,Adobe Creative Cloud software,software,1
291,Bentley MicroStation,software,1
291,Eclipse IDE,software,1
291,Facebook,software,1
292,Critical Thinking,essential,1
292,Speaking,essential,1
292,Monitoring,essential,1
292,Reading Comprehension,essential,1
292,Active Listening,essential,1
292,Adobe Acrobat,software,1
292,Adobe After Effects,software,1
292,Adobe InDesign,software,1
292,Adobe Photoshop,software,1
292,Autodesk AutoCAD,software,1
293,Active Listening,essential,0
293,Speaking,essential,1
293,Reading Comprehension,essential,1
293,Critical Thinking,essential,1
293,Monitoring,essential,0
293,Adobe Acrobat,software,1
293,Adobe Creative Cloud software,software,0
293,Bentley MicroStation,software,1
293,Eclipse IDE,software,1
293,Facebook,software,1
296,Science,essential,1
296,Reading Comprehension,essential,1
296,Active Listening,essential,1
296,Critical Thinking,essential,1
296,Monitoring,essential,1
296,Adobe Acrobat,software,1
296,Adobe Photoshop,software,1
296,ESRI ArcGIS software,software,1
296,IBM SPSS Statistics,software,1
296,Microsoft Access,software,1
297,Critical Thinking,essential,1
297,Reading Comprehension,essential,1
297,Active Listening,essential,0
297,Speaking,essential,1
297,Active Learning,essential,1
297,Amazon DynamoDB,software,1
297,Amazon Elastic Compute Cloud EC2,software,1
297,Amazon Redshift,software,0
297,Amazon Web Services AWS CloudFormation,software,1
297,Amazon Web Services AWS software,software,1
298,N/A - Department-level analysis only,N/A,0
299,Active Listening,essential,0
299,Speaking,essential,1
299,Reading Comprehension,essential,0
299,Critical Thinking,essential,1
299,Monitoring,essential,1
299,Adobe Acrobat,software,1
299,Adobe Creative Cloud software,software,1
299,Bentley MicroStation,software,0
299,Eclipse IDE,software,1
299,Facebook,software,1
300,Critical Thinking,essential,1
300,Reading Comprehension,essential,1
300,Active Listening,essential,1
300,Speaking,essential,0
300,Active Learning,essential,1
300,Amazon DynamoDB,software,1
300,Amazon Elastic Compute Cloud EC2,software,1
300,Amazon Redshift,software,1
300,Amazon Web Services AWS CloudFormation,software,1
300,Amazon Web Services AWS software,software,1
302,Active Listening,essential,1
302,Speaking,essential,1
302,Reading Comprehension,essential,1
302,Critical Thinking,essential,1
302,Monitoring,essential,1
302,Adobe Acrobat,software,1
302,Adobe Creative Cloud software,software,1
302,Bentley MicroStation,software,1
302,Eclipse IDE,software,1
302,Facebook,software,1
303,Active Listening,essential,1
303,Speaking,essential,1
303,Reading Comprehension,essential,1
303,Critical Thinking,essential,0
303,Monitoring,essential,0
303,Adobe Acrobat,software,1
303,Adobe Creative Cloud software,software,1
303,Bentley MicroStation,software,1
303,Eclipse IDE,software,1
303,Facebook,software,1
304,Reading Comprehension,essential,1
304,Active Listening,essential,1
304,Critical Thinking,essential,1
304,Speaking,essential,1
304,Science,essential,1
304,Google Docs,software,1
304,MEDITECH software,software,1
304,Microsoft Excel,software,1
304,Microsoft Office software,software,1
304,Microsoft Outlook,software,1
305,Critical Thinking,essential,0
305,Reading Comprehension,essential,1
305,Active Listening,essential,1
305,Speaking,essential,0
305,Active Learning,essential,0
305,Amazon DynamoDB,software,0
305,Amazon Elastic Compute Cloud EC2,software,1
305,Amazon Redshift,software,1
305,Amazon Web Services AWS CloudFormation,software,0
305,Amazon Web Services AWS software,software,0
306,Science,essential,1
306,Reading Comprehension,essential,1
306,Active Listening,essential,1
306,Critical Thinking,essential,0
306,Monitoring,essential,1
306,Adobe Acrobat,software,1
306,Adobe Photoshop,software,1
306,ESRI ArcGIS software,software,1
306,IBM SPSS Statistics,software,1
306,Microsoft Access,software,1
307,Active Listening,essential,1
307,Speaking,essential,0
307,Reading Comprehension,essential,1
307,Critical Thinking,essential,1
307,Monitoring,essential,1
307,Adobe Acrobat,software,1
307,Adobe Creative Cloud software,software,1
307,Bentley MicroStation,software,1
307,Eclipse IDE,software,1
307,Facebook,software,1
308,Critical Thinking,essential,0
308,Speaking,essential,1
308,Monitoring,essential,1
308,Reading Comprehension,essential,0
308,Active Listening,essential,0
308,Adobe Acrobat,software,1
308,Adobe After Effects,software,0
308,Adobe InDesign,software,0
308,Adobe Photoshop,software,1
308,Autodesk AutoCAD,software,0
309,Critical Thinking,essential,1
309,Reading Comprehension,essential,1
309,Active Listening,essential,1
309,Speaking,essential,0
309,Active Learning,essential,0
309,Amazon DynamoDB,software,1
309,Amazon Elastic Compute Cloud EC2,software,1
309,Amazon Redshift,software,1
309,Amazon Web Services AWS CloudFormation,software,1
309,Amazon Web Services AWS software,software,0
311,Active Listening,essential,1
311,Speaking,essential,1
311,Reading Comprehension,essential,0
311,Writing,essential,1
311,Active Learning,essential,0
311,Apple macOS,software,1
311,HubSpot software,software,1
311,IBM SPSS Statistics,software,1
311,Microsoft Excel,software,0
311,Microsoft Office software,software,1
312,Active Listening,essential,1
312,Speaking,essential,1
312,Reading Comprehension,essential,1
312,Critical Thinking,essential,1
312,Monitoring,essential,1
312,Adobe Acrobat,software,1
312,Adobe Creative Cloud software,software,1
312,Bentley MicroStation,software,1
312,Eclipse IDE,software,1
312,Facebook,software,1
314,Active Listening,essential,1
314,Speaking,essential,1
314,Reading Comprehension,essential,1
314,Critical Thinking,essential,1
314,Monitoring,essential,1
314,Adobe Acrobat,software,1
314,Adobe Creative Cloud software,software,1
314,Bentley MicroStation,software,1
314,Eclipse IDE,software,1
314,Facebook,software,1
315,Critical Thinking,essential,1
315,Reading Comprehension,essential,1
315,Active Listening,essential,0
315,Speaking,essential,0
315,Active Learning,essential,1
315,Amazon DynamoDB,software,1
315,Amazon Elastic Compute Cloud EC2,software,1
315,Amazon Redshift,software,1
315,Amazon Web Services AWS CloudFormation,software,1
315,Amazon Web Services AWS software,software,0
316,Reading Comprehension,essential,0
316,Active Listening,essential,0
316,Critical Thinking,essential,1
316,Speaking,essential,0
316,Science,essential,1
316,Google Docs,software,0
316,MEDITECH software,software,0
316,Microsoft Excel,software,1
316,Microsoft Office software,software,0
316,Microsoft Outlook,software,1
319,N/A - Department-level analysis only,N/A,0
321,Speaking,essential,0
321,Reading Comprehension,essential,1
321,Active Listening,essential,1
321,Writing,essential,0
321,Critical Thinking,essential,1
321,Adobe Acrobat,software,0
321,Adobe Creative Cloud software,software,1
321,Adobe Illustrator,software,0
321,Adobe InDesign,software,0
321,Adobe Photoshop,software,0
323,N/A - Department-level analysis only,N/A,0
325,Reading Comprehension,essential,1
325,Active Listening,essential,1
325,Critical Thinking,essential,1
325,Speaking,essential,1
325,Science,essential,0
325,Google Docs,software,0
325,MEDITECH software,software,0
325,Microsoft Excel,software,0
325,Microsoft Office software,software,0
325,Microsoft Outlook,software,0
327,N/A - Department-level analysis only,N/A,0
328,Reading Comprehension,essential,1
328,Active Listening,essential,0
328,Critical Thinking,essential,1
328,Speaking,essential,1
328,Science,essential,1
328,Google Docs,software,1
328,MEDITECH software,software,1
328,Microsoft Excel,software,1
328,Microsoft Office software,software,1
328,Microsoft Outlook,software,1
329,N/A - Department-level analysis only,N/A,0
330,Active Listening,essential,0
330,Speaking,essential,1
330,Reading Comprehension,essential,1
330,Writing,essential,1
330,Active Learning,essential,1
330,Apple macOS,software,0
330,HubSpot software,software,1
330,IBM SPSS Statistics,software,0
330,Microsoft Excel,software,1
330,Microsoft Office software,software,0
331,Reading Comprehension,essential,0
331,Active Listening,essential,0
331,Critical Thinking,essential,1
331,Speaking,essential,0
331,Science,essential,0
331,Google Docs,software,1
331,MEDITECH software,software,0
331,Microsoft Excel,software,1
331,Microsoft Office software,software,0
331,Microsoft Outlook,software,1
332,Reading Comprehension,essential,0
332,Active Listening,essential,0
332,Critical Thinking,essential,1
332,Speaking,essential,1
332,Science,essential,1
332,Google Docs,software,1
332,MEDITECH software,software,1
332,Microsoft Excel,software,0
332,Microsoft Office software,software,1
332,Microsoft Outlook,software,1
333,Active Listening,essential,0
333,Speaking,essential,1
333,Reading Comprehension,essential,0
333,Critical Thinking,essential,0
333,Monitoring,essential,0
333,Adobe Acrobat,software,0
333,Adobe Creative Cloud software,software,0
333,Bentley MicroStation,software,1
333,Eclipse IDE,software,1
333,Facebook,software,1
334,Critical Thinking,essential,0
334,Reading Comprehension,essential,1
334,Active Listening,essential,0
334,Speaking,essential,0
334,Active Learning,essential,0
334,Amazon DynamoDB,software,0
334,Amazon Elastic Compute Cloud EC2,software,1
334,Amazon Redshift,software,0
334,Amazon Web Services AWS CloudFormation,software,0
334,Amazon Web Services AWS software,software,1
335,Critical Thinking,essential,1
335,Reading Comprehension,essential,0
335,Active Listening,essential,1
335,Speaking,essential,1
335,Active Learning,essential,1
335,Amazon DynamoDB,software,1
335,Amazon Elastic Compute Cloud EC2,software,1
335,Amazon Redshift,software,1
335,Amazon Web Services AWS CloudFormation,software,1
335,Amazon Web Services AWS software,software,1
336,N/A - Department-level analysis only,N/A,0
337,Science,essential,0
337,Reading Comprehension,essential,0
337,Active Listening,essential,0
337,Critical Thinking,essential,1
337,Monitoring,essential,0
337,Adobe Acrobat,software,0
337,Adobe Photoshop,software,0
337,ESRI ArcGIS software,software,0
337,IBM SPSS Statistics,software,1
337,Microsoft Access,software,1
338,Critical Thinking,essential,1
338,Reading Comprehension,essential,1
338,Active Listening,essential,1
338,Speaking,essential,0
338,Active Learning,essential,0
338,Amazon DynamoDB,software,0
338,Amazon Elastic Compute Cloud EC2,software,0
338,Amazon Redshift,software,0
338,Amazon Web Services AWS CloudFormation,software,0
338,Amazon Web Services AWS software,software,1
339,Critical Thinking,essential,1
339,Speaking,essential,1
339,Monitoring,essential,1
339,Reading Comprehension,essential,1
339,Active Listening,essential,1
339,Adobe Acrobat,software,1
339,Adobe After Effects,software,0
339,Adobe InDesign,software,1
339,Adobe Photoshop,software,1
339,Autodesk AutoCAD,software,1
340,Critical Thinking,essential,0
340,Reading Comprehension,essential,1
340,Active Listening,essential,1
340,Speaking,essential,1
340,Active Learning,essential,1
340,Amazon DynamoDB,software,1
340,Amazon Elastic Compute Cloud EC2,software,1
340,Amazon Redshift,software,1
340,Amazon Web Services AWS CloudFormation,software,1
340,Amazon Web Services AWS software,software,1
341,Critical Thinking,essential,0
341,Speaking,essential,0
341,Monitoring,essential,0
341,Reading Comprehension,essential,1
341,Active Listening,essential,0
341,Adobe Acrobat,software,1
341,Adobe After Effects,software,1
341,Adobe InDesign,software,0
341,Adobe Photoshop,software,1
341,Autodesk AutoCAD,software,1
342,Critical Thinking,essential,1
342,Speaking,essential,0
342,Monitoring,essential,1
342,Reading Comprehension,essential,0
342,Active Listening,essential,0
342,Adobe Acrobat,software,1
342,Adobe After Effects,software,1
342,Adobe InDesign,software,1
342,Adobe Photoshop,software,1
342,Autodesk AutoCAD,software,1
343,Active Listening,essential,1
343,Speaking,essential,1
343,Reading Comprehension,essential,1
343,Writing,essential,1
343,Active Learning,essential,1
343,Apple macOS,software,0
343,HubSpot software,software,1
343,IBM SPSS Statistics,software,1
343,Microsoft Excel,software,1
343,Microsoft Office software,software,1
346,Critical Thinking,essential,1
346,Reading Comprehension,essential,1
346,Active Listening,essential,1
346,Speaking,essential,0
346,Active Learning,essential,1
346,Amazon DynamoDB,software,1
346,Amazon Elastic Compute Cloud EC2,software,1
346,Amazon Redshift,software,1
346,Amazon Web Services AWS CloudFormation,software,1
346,Amazon Web Services AWS software,software,1
347,Critical Thinking,essential,0
347,Reading Comprehension,essential,1
347,Active Listening,essential,1
347,Speaking,essential,1
347,Active Learning,essential,0
347,Amazon DynamoDB,software,0
347,Amazon Elastic Compute Cloud EC2,software,0
347,Amazon Redshift,software,1
347,Amazon Web Services AWS CloudFormation,software,0
347,Amazon Web Services AWS software,software,1
349,Active Listening,essential,0
349,Speaking,essential,0
349,Reading Comprehension,essential,0
349,Critical Thinking,essential,0
349,Monitoring,essential,0
349,Adobe Acrobat,software,1
349,Adobe Creative Cloud software,software,0
349,Bentley MicroStation,software,1
349,Eclipse IDE,software,1
349,Facebook,software,1
350,Critical Thinking,essential,1
350,Speaking,essential,1
350,Monitoring,essential,1
350,Reading Comprehension,essential,1
350,Active Listening,essential,1
350,Adobe Acrobat,software,1
350,Adobe After Effects,software,1
350,Adobe InDesign,software,1
350,Adobe Photoshop,software,1
350,Autodesk AutoCAD,software,0
351,Reading Comprehension,essential,1
351,Active Listening,essential,1
351,Critical Thinking,essential,1
351,Speaking,essential,1
351,Science,essential,1
351,Google Docs,software,1
351,MEDITECH software,software,1
351,Microsoft Excel,software,1
351,Microsoft Office software,software,1
351,Microsoft Outlook,software,1
352,Science,essential,1
352,Reading Comprehension,essential,1
352,Active Listening,essential,1
352,Critical Thinking,essential,1
352,Monitoring,essential,1
352,Adobe Acrobat,software,1
352,Adobe Photoshop,software,1
352,ESRI ArcGIS software,software,1
352,IBM SPSS Statistics,software,1
352,Microsoft Access,software,1
353,Critical Thinking,essential,0
353,Reading Comprehension,essential,1
353,Active Listening,essential,0
353,Speaking,essential,1
353,Active Learning,essential,0
353,Amazon DynamoDB,software,1
353,Amazon Elastic Compute Cloud EC2,software,1
353,Amazon Redshift,software,1
353,Amazon Web Services AWS CloudFormation,software,0
353,Amazon Web Services AWS software,software,0
355,Reading Comprehension,essential,1
355,Active Listening,essential,1
355,Critical Thinking,essential,1
355,Speaking,essential,1
355,Science,essential,0
355,Google Docs,software,1
355,MEDITECH software,software,1
355,Microsoft Excel,software,1
355,Microsoft Office software,software,0
355,Microsoft Outlook,software,1
359,Reading Comprehension,essential,1
359,Active Listening,essential,1
359,Critical Thinking,essential,1
359,Speaking,essential,1
359,Science,essential,1
359,Google Docs,software,0
359,MEDITECH software,software,1
359,Microsoft Excel,software,1
359,Microsoft Office software,software,1
359,Microsoft Outlook,software,1
361,Active Listening,essential,1
361,Speaking,essential,1
361,Reading Comprehension,essential,0
361,Critical Thinking,essential,1
361,Monitoring,essential,1
361,Adobe Acrobat,software,0
361,Adobe Creative Cloud software,software,1
361,Bentley MicroStation,software,0
361,Eclipse IDE,software,1
361,Facebook,software,0
362,Reading Comprehension,essential,1
362,Active Listening,essential,1
362,Critical Thinking,essential,0
362,Speaking,essential,1
362,Science,essential,0
362,Google Docs,software,1
362,MEDITECH software,software,1
362,Microsoft Excel,software,1
362,Microsoft Office software,software,1
362,Microsoft Outlook,software,1
363,N/A - Department-level analysis only,N/A,0
364,Reading Comprehension,essential,0
364,Active Listening,essential,1
364,Critical Thinking,essential,0
364,Speaking,essential,0
364,Science,essential,1
364,Google Docs,software,1
364,MEDITECH software,software,1
364,Microsoft Excel,software,1
364,Microsoft Office software,software,1
364,Microsoft Outlook,software,1
366,Active Listening,essential,1
366,Speaking,essential,0
366,Reading Comprehension,essential,0
366,Critical Thinking,essential,1
366,Monitoring,essential,0
366,Adobe Acrobat,software,1
366,Adobe Creative Cloud software,software,0
366,Bentley MicroStation,software,0
366,Eclipse IDE,software,0
366,Facebook,software,0
367,Active Listening,essential,0
367,Speaking,essential,0
367,Reading Comprehension,essential,1
367,Writing,essential,1
367,Active Learning,essential,1
367,Apple macOS,software,1
367,HubSpot software,software,1
367,IBM SPSS Statistics,software,1
367,Microsoft Excel,software,1
367,Microsoft Office software,software,1
369,Active Listening,essential,1
369,Speaking,essential,0
369,Reading Comprehension,essential,0
369,Writing,essential,0
369,Active Learning,essential,1
369,Apple macOS,software,0
369,HubSpot software,software,1
369,IBM SPSS Statistics,software,0
369,Microsoft Excel,software,1
369,Microsoft Office software,software,0
372,Active Listening,essential,1
372,Speaking,essential,1
372,Reading Comprehension,essential,1
372,Writing,essential,1
372,Active Learning,essential,1
372,Apple macOS,software,0
372,HubSpot software,software,1
372,IBM SPSS Statistics,software,1
372,Microsoft Excel,software,1
372,Microsoft Office software,software,1
373,Reading Comprehension,essential,1
373,Active Listening,essential,1
373,Critical Thinking,essential,1
373,Speaking,essential,1
373,Science,essential,1
373,Google Docs,software,1
373,MEDITECH software,software,1
373,Microsoft Excel,software,1
373,Microsoft Office software,software,0
373,Microsoft Outlook,software,1
374,N/A - Department-level analysis only,N/A,0
376,N/A - Department-level analysis only,N/A,0
377,Critical Thinking,essential,0
377,Reading Comprehension,essential,0
377,Active Listening,essential,1
377,Speaking,essential,0
377,Active Learning,essential,1
377,Amazon DynamoDB,software,1
377,Amazon Elastic Compute Cloud EC2,software,0
377,Amazon Redshift,software,1
377,Amazon Web Services AWS CloudFormation,software,0
377,Amazon Web Services AWS software,software,0
378,Active Listening,essential,1
378,Speaking,essential,0
378,Reading Comprehension,essential,1
378,Critical Thinking,essential,1
378,Monitoring,essential,1
378,Adobe Acrobat,software,0
378,Adobe Creative Cloud software,software,1
378,Bentley MicroStation,software,1
378,Eclipse IDE,software,1
378,Facebook,software,1
379,Critical Thinking,essential,0
379,Reading Comprehension,essential,1
379,Active Listening,essential,1
379,Speaking,essential,1
379,Active Learning,essential,0
379,Amazon DynamoDB,software,1
379,Amazon Elastic Compute Cloud EC2,software,1
379,Amazon Redshift,software,0
379,Amazon Web Services AWS CloudFormation,software,1
379,Amazon Web Services AWS software,software,0
380,Science,essential,0
380,Reading Comprehension,essential,0
380,Active Listening,essential,1
380,Critical Thinking,essential,1
380,Monitoring,essential,0
380,Adobe Acrobat,software,0
380,Adobe Photoshop,software,0
380,ESRI ArcGIS software,software,1
380,IBM SPSS Statistics,software,0
380,Microsoft Access,software,0
381,N/A - Department-level analysis only,N/A,0
382,Active Listening,essential,1
382,Speaking,essential,1
382,Reading Comprehension,essential,1
382,Critical Thinking,essential,1
382,Monitoring,essential,1
382,Adobe Acrobat,software,1
382,Adobe Creative Cloud software,software,1
382,Bentley MicroStation,software,1
382,Eclipse IDE,software,1
382,Facebook,software,1
384,Critical Thinking,essential,1
384,Speaking,essential,1
384,Monitoring,essential,1
384,Reading Comprehension,essential,0
384,Active Listening,essential,1
384,Adobe Acrobat,software,0
384,Adobe After Effects,software,1
384,Adobe InDesign,software,1
384,Adobe Photoshop,software,1
384,Autodesk AutoCAD,software,1
385,Science,essential,1
385,Reading Comprehension,essential,1
385,Active Listening,essential,1
385,Critical Thinking,essential,1
385,Monitoring,essential,1
385,Adobe Acrobat,software,1
385,Adobe Photoshop,software,1
385,ESRI ArcGIS software,software,1
385,IBM SPSS Statistics,software,1
385,Microsoft Access,software,1
386,Science,essential,1
386,Reading Comprehension,essential,0
386,Active Listening,essential,1
386,Critical Thinking,essential,1
386,Monitoring,essential,1
386,Adobe Acrobat,software,1
386,Adobe Photoshop,software,0
386,ESRI ArcGIS software,software,1
386,IBM SPSS Statistics,software,1
386,Microsoft Access,software,1
387,Active Listening,essential,1
387,Speaking,essential,1
387,Reading Comprehension,essential,1
387,Critical Thinking,essential,1
387,Monitoring,essential,1
387,Adobe Acrobat,software,1
387,Adobe Creative Cloud software,software,1
387,Bentley MicroStation,software,1
387,Eclipse IDE,software,1
387,Facebook,software,1
388,Active Listening,essential,1
388,Speaking,essential,1
388,Reading Comprehension,essential,1
388,Critical Thinking,essential,1
388,Monitoring,essential,1
388,Adobe Acrobat,software,1
388,Adobe Creative Cloud software,software,1
388,Bentley MicroStation,software,1
388,Eclipse IDE,software,1
388,Facebook,software,1
389,Reading Comprehension,essential,1
389,Active Listening,essential,1
389,Critical Thinking,essential,1
389,Speaking,essential,1
389,Science,essential,1
389,Google Docs,software,1
389,MEDITECH software,software,1
389,Microsoft Excel,software,1
389,Microsoft Office software,software,1
389,Microsoft Outlook,software,1
390,Active Listening,essential,0
390,Speaking,essential,1
390,Reading Comprehension,essential,1
390,Writing,essential,0
390,Active Learning,essential,1
390,Apple macOS,software,1
390,HubSpot software,software,1
390,IBM SPSS Statistics,software,1
390,Microsoft Excel,software,0
390,Microsoft Office software,software,1
391,Critical Thinking,essential,1
391,Reading Comprehension,essential,1
391,Active Listening,essential,1
391,Speaking,essential,1
391,Active Learning,essential,1
391,Amazon DynamoDB,software,0
391,Amazon Elastic Compute Cloud EC2,software,1
391,Amazon Redshift,software,1
391,Amazon Web Services AWS CloudFormation,software,1
391,Amazon Web Services AWS software,software,1
392,Reading Comprehension,essential,0
392,Active Listening,essential,0
392,Critical Thinking,essential,1
392,Speaking,essential,1
392,Science,essential,0
392,Google Docs,software,0
392,MEDITECH software,software,0
392,Microsoft Excel,software,0
392,Microsoft Office software,software,0
392,Microsoft Outlook,software,0
393,Active Listening,essential,1
393,Speaking,essential,1
393,Reading Comprehension,essential,0
393,Writing,essential,0
393,Active Learning,essential,1
393,Apple macOS,software,1
393,HubSpot software,software,0
393,IBM SPSS Statistics,software,0
393,Microsoft Excel,software,1
393,Microsoft Office software,software,1
394,Reading Comprehension,essential,1
394,Active Listening,essential,1
394,Critical Thinking,essential,1
394,Speaking,essential,1
394,Science,essential,0
394,Google Docs,software,1
394,MEDITECH software,software,0
394,Microsoft Excel,software,0
394,Microsoft Office software,software,1
394,Microsoft Outlook,software,0
395,Critical Thinking,essential,1
395,Reading Comprehension,essential,0
395,Active Listening,essential,1
395,Speaking,essential,1
395,Active Learning,essential,1
395,Amazon DynamoDB,software,1
395,Amazon Elastic Compute Cloud EC2,software,1
395,Amazon Redshift,software,1
395,Amazon Web Services AWS CloudFormation,software,0
395,Amazon Web Services AWS software,software,1
396,Science,essential,1
396,Reading Comprehension,essential,1
396,Active Listening,essential,0
396,Critical Thinking,essential,1
396,Monitoring,essential,0
396,Adobe Acrobat,software,1
396,Adobe Photoshop,software,1
396,ESRI ArcGIS software,software,1
396,IBM SPSS Statistics,software,1
396,Microsoft Access,software,1
397,Critical Thinking,essential,1
397,Reading Comprehension,essential,0
397,Active Listening,essential,1
397,Speaking,essential,1
397,Active Learning,essential,1
397,Amazon DynamoDB,software,1
397,Amazon Elastic Compute Cloud EC2,software,1
397,Amazon Redshift,software,1
397,Amazon Web Services AWS CloudFormation,software,1
397,Amazon Web Services AWS software,software,1
399,Active Listening,essential,1
399,Speaking,essential,1
399,Reading Comprehension,essential,1
399,Writing,essential,1
399,Active Learning,essential,0
399,Apple macOS,software,1
399,HubSpot software,software,0
399,IBM SPSS Statistics,software,1
399,Microsoft Excel,software,0
399,Microsoft Office software,software,0
401,Active Listening,essential,1
401,Speaking,essential,0
401,Reading Comprehension,essential,1
401,Critical Thinking,essential,1
401,Monitoring,essential,0
401,Adobe Acrobat,software,0
401,Adobe Creative Cloud software,software,1
401,Bentley MicroStation,software,1
401,Eclipse IDE,software,1
401,Facebook,software,1
403,Critical Thinking,essential,0
403,Reading Comprehension,essential,1
403,Active Listening,essential,1
403,Speaking,essential,1
403,Active Learning,essential,1
403,Amazon DynamoDB,software,1
403,Amazon Elastic Compute Cloud EC2,software,1
403,Amazon Redshift,software,0
403,Amazon Web Services AWS CloudFormation,software,0
403,Amazon Web Services AWS software,software,1
404,Active Listening,essential,1
404,Speaking,essential,1
404,Reading Comprehension,essential,1
404,Critical Thinking,essential,1
404,Monitoring,essential,1
404,Adobe Acrobat,software,1
404,Adobe Creative Cloud software,software,1
404,Bentley MicroStation,software,1
404,Eclipse IDE,software,1
404,Facebook,software,1
405,Reading Comprehension,essential,0
405,Active Listening,essential,0
405,Critical Thinking,essential,1
405,Speaking,essential,0
405,Science,essential,0
405,Google Docs,software,0
405,MEDITECH software,software,0
405,Microsoft Excel,software,0
405,Microsoft Office software,software,0
405,Microsoft Outlook,software,1
406,Active Listening,essential,1
406,Speaking,essential,1
406,Reading Comprehension,essential,1
406,Critical Thinking,essential,1
406,Monitoring,essential,1
406,Adobe Acrobat,software,1
406,Adobe Creative Cloud software,software,1
406,Bentley MicroStation,software,1
406,Eclipse IDE,software,1
406,Facebook,software,1
407,Reading Comprehension,essential,1
407,Active Listening,essential,0
407,Critical Thinking,essential,1
407,Speaking,essential,1
407,Science,essential,0
407,Google Docs,software,1
407,MEDITECH software,software,0
407,Microsoft Excel,software,0
407,Microsoft Office software,software,0
407,Microsoft Outlook,software,1
408,Critical Thinking,essential,1
408,Speaking,essential,1
408,Monitoring,essential,1
408,Reading Comprehension,essential,1
408,Active Listening,essential,1
408,Adobe Acrobat,software,0
408,Adobe After Effects,software,1
408,Adobe InDesign,software,1
408,Adobe Photoshop,software,1
408,Autodesk AutoCAD,software,0
410,N/A - Department-level analysis only,N/A,0
411,Active Listening,essential,1
411,Speaking,essential,1
411,Reading Comprehension,essential,0
411,Writing,essential,0
411,Active Learning,essential,0
411,Apple macOS,software,0
411,HubSpot software,software,1
411,IBM SPSS Statistics,software,1
411,Microsoft Excel,software,0
411,Microsoft Office software,software,1
412,Active Listening,essential,1
412,Speaking,essential,0
412,Reading Comprehension,essential,0
412,Writing,essential,1
412,Active Learning,essential,0
412,Apple macOS,software,1
412,HubSpot software,software,0
412,IBM SPSS Statistics,software,1
412,Microsoft Excel,software,0
412,Microsoft Office software,software,0
416,Active Listening,essential,1
416,Speaking,essential,0
416,Reading Comprehension,essential,1
416,Critical Thinking,essential,1
416,Monitoring,essential,1
416,Adobe Acrobat,software,1
416,Adobe Creative Cloud software,software,1
416,Bentley MicroStation,software,1
416,Eclipse IDE,software,0
416,Facebook,software,1
417,Active Listening,essential,1
417,Speaking,essential,1
417,Reading Comprehension,essential,1
417,Writing,essential,0
417,Active Learning,essential,1
417,Apple macOS,software,0
417,HubSpot software,software,1
417,IBM SPSS Statistics,software,1
417,Microsoft Excel,software,1
417,Microsoft Office software,software,1
419,Reading Comprehension,essential,1
419,Active Listening,essential,1
419,Critical Thinking,essential,1
419,Speaking,essential,1
419,Science,essential,1
419,Google Docs,software,1
419,MEDITECH software,software,1
419,Microsoft Excel,software,1
419,Microsoft Office software,software,1
419,Microsoft Outlook,software,1
420,Active Listening,essential,1
420,Speaking,essential,1
420,Reading Comprehension,essential,1
420,Critical Thinking,essential,1
420,Monitoring,essential,1
420,Adobe Acrobat,software,1
420,Adobe Creative Cloud software,software,1
420,Bentley MicroStation,software,1
420,Eclipse IDE,software,1
420,Facebook,software,1
421,Science,essential,1
421,Reading Comprehension,essential,1
421,Active Listening,essential,1
421,Critical Thinking,essential,1
421,Monitoring,essential,1
421,Adobe Acrobat,software,0
421,Adobe Photoshop,software,0
421,ESRI ArcGIS software,software,1
421,IBM SPSS Statistics,software,1
421,Microsoft Access,software,1
422,Active Listening,essential,1
422,Speaking,essential,0
422,Reading Comprehension,essential,0
422,Writing,essential,0
422,Active Learning,essential,1
422,Apple macOS,software,1
422,HubSpot software,software,0
422,IBM SPSS Statistics,software,1
422,Microsoft Excel,software,1
422,Microsoft Office software,software,1
423,Critical Thinking,essential,1
423,Reading Comprehension,essential,1
423,Active Listening,essential,1
423,Speaking,essential,0
423,Active Learning,essential,1
423,Amazon DynamoDB,software,1
423,Amazon Elastic Compute Cloud EC2,software,1
423,Amazon Redshift,software,1
423,Amazon Web Services AWS CloudFormation,software,1
423,Amazon Web Services AWS software,software,1
424,Speaking,essential,0
424,Reading Comprehension,essential,1
424,Active Listening,essential,0
424,Writing,essential,0
424,Critical Thinking,essential,1
424,Adobe Acrobat,software,0
424,Adobe Creative Cloud software,software,0
424,Adobe Illustrator,software,0
424,Adobe InDesign,software,1
424,Adobe Photoshop,software,1
425,Reading Comprehension,essential,1
425,Active Listening,essential,1
425,Critical Thinking,essential,1
425,Speaking,essential,1
425,Science,essential,1
425,Google Docs,software,1
425,MEDITECH software,software,1
425,Microsoft Excel,software,1
425,Microsoft Office software,software,1
425,Microsoft Outlook,software,1
426,Critical Thinking,essential,1
426,Reading Comprehension,essential,0
426,Active Listening,essential,1
426,Speaking,essential,1
426,Active Learning,essential,1
426,Amazon DynamoDB,software,0
426,Amazon Elastic Compute Cloud EC2,software,0
426,Amazon Redshift,software,1
426,Amazon Web Services AWS CloudFormation,software,0
426,Amazon Web Services AWS software,software,0
428,N/A - Department-level analysis only,N/A,0
429,N/A - Department-level analysis only,N/A,0
430,Reading Comprehension,essential,1
430,Active Listening,essential,1
430,Critical Thinking,essential,1
430,Speaking,essential,1
430,Science,essential,1
430,Google Docs,software,1
430,MEDITECH software,software,1
430,Microsoft Excel,software,1
430,Microsoft Office software,software,1
430,Microsoft Outlook,software,1
431,Active Listening,essential,1
431,Speaking,essential,0
431,Reading Comprehension,essential,1
431,Writing,essential,1
431,Active Learning,essential,1
431,Apple macOS,software,1
431,HubSpot software,software,0
431,IBM SPSS Statistics,software,1
431,Microsoft Excel,software,1
431,Microsoft Office software,software,1
433,Critical Thinking,essential,1
433,Reading Comprehension,essential,1
433,Active Listening,essential,1
433,Speaking,essential,0
433,Active Learning,essential,1
433,Amazon DynamoDB,software,1
433,Amazon Elastic Compute Cloud EC2,software,1
433,Amazon Redshift,software,1
433,Amazon Web Services AWS CloudFormation,software,1
433,Amazon Web Services AWS software,software,1
434,Critical Thinking,essential,1
434,Reading Comprehension,essential,0
434,Active Listening,essential,0
434,Speaking,essential,1
434,Active Learning,essential,1
434,Amazon DynamoDB,software,0
434,Amazon Elastic Compute Cloud EC2,software,0
434,Amazon Redshift,software,0
434,Amazon Web Services AWS CloudFormation,software,0
434,Amazon Web Services AWS software,software,1
436,Active Listening,essential,1
436,Speaking,essential,1
436,Reading Comprehension,essential,1
436,Critical Thinking,essential,1
436,Monitoring,essential,1
436,Adobe Acrobat,software,1
436,Adobe Creative Cloud software,software,1
436,Bentley MicroStation,software,1
436,Eclipse IDE,software,0
436,Facebook,software,1
437,Active Listening,essential,1
437,Speaking,essential,1
437,Reading Comprehension,essential,1
437,Critical Thinking,essential,0
437,Monitoring,essential,0
437,Adobe Acrobat,software,1
437,Adobe Creative Cloud software,software,1
437,Bentley MicroStation,software,1
437,Eclipse IDE,software,1
437,Facebook,software,0
438,Active Listening,essential,0
438,Speaking,essential,1
438,Reading Comprehension,essential,1
438,Critical Thinking,essential,1
438,Monitoring,essential,0
438,Adobe Acrobat,software,1
438,Adobe Creative Cloud software,software,1
438,Bentley MicroStation,software,0
438,Eclipse IDE,software,1
438,Facebook,software,0
439,Critical Thinking,essential,1
439,Reading Comprehension,essential,1
439,Active Listening,essential,1
439,Speaking,essential,0
439,Active Learning,essential,0
439,Amazon DynamoDB,software,0
439,Amazon Elastic Compute Cloud EC2,software,0
439,Amazon Redshift,software,1
439,Amazon Web Services AWS CloudFormation,software,0
439,Amazon Web Services AWS software,software,1
440,Critical Thinking,essential,1
440,Reading Comprehension,essential,1
440,Active Listening,essential,0
440,Speaking,essential,0
440,Active Learning,essential,1
440,Amazon DynamoDB,software,1
440,Amazon Elastic Compute Cloud EC2,software,0
440,Amazon Redshift,software,1
440,Amazon Web Services AWS CloudFormation,software,0
440,Amazon Web Services AWS software,software,0
441,Critical Thinking,essential,1
441,Reading Comprehension,essential,1
441,Active Listening,essential,1
441,Speaking,essential,1
441,Active Learning,essential,1
441,Amazon DynamoDB,software,0
441,Amazon Elastic Compute Cloud EC2,software,1
441,Amazon Redshift,software,1
441,Amazon Web Services AWS CloudFormation,software,1
441,Amazon Web Services AWS software,software,1
442,Critical Thinking,essential,1
442,Speaking,essential,1
442,Monitoring,essential,1
442,Reading Comprehension,essential,1
442,Active Listening,essential,1
442,Adobe Acrobat,software,1
442,Adobe After Effects,software,1
442,Adobe InDesign,software,1
442,Adobe Photoshop,software,1
442,Autodesk AutoCAD,software,1
444,N/A - Department-level analysis only,N/A,0
445,Active Listening,essential,0
445,Speaking,essential,0
445,Reading Comprehension,essential,1
445,Critical Thinking,essential,0
445,Monitoring,essential,0
445,Adobe Acrobat,software,0
445,Adobe Creative Cloud software,software,0
445,Bentley MicroStation,software,1
445,Eclipse IDE,software,0
445,Facebook,software,1
446,Active Listening,essential,1
446,Speaking,essential,1
446,Reading Comprehension,essential,1
446,Critical Thinking,essential,1
446,Monitoring,essential,1
446,Adobe Acrobat,software,1
446,Adobe Creative Cloud software,software,1
446,Bentley MicroStation,software,1
446,Eclipse IDE,software,1
446,Facebook,software,1
447,Science,essential,1
447,Reading Comprehension,essential,1
447,Active Listening,essential,0
447,Critical Thinking,essential,1
447,Monitoring,essential,1
447,Adobe Acrobat,software,1
447,Adobe Photoshop,software,0
447,ESRI ArcGIS software,software,0
447,IBM SPSS Statistics,software,0
447,Microsoft Access,software,0
448,Reading Comprehension,essential,1
448,Active Listening,essential,1
448,Critical Thinking,essential,1
448,Speaking,essential,1
448,Science,essential,1
448,Google Docs,software,1
448,MEDITECH software,software,1
448,Microsoft Excel,software,0
448,Microsoft Office software,software,1
448,Microsoft Outlook,software,1
449,Active Listening,essential,1
449,Speaking,essential,0
449,Reading Comprehension,essential,1
449,Critical Thinking,essential,1
449,Monitoring,essential,0
449,Adobe Acrobat,software,0
449,Adobe Creative Cloud software,software,1
449,Bentley MicroStation,software,1
449,Eclipse IDE,software,1
449,Facebook,software,1
450,Critical Thinking,essential,1
450,Reading Comprehension,essential,1
450,Active Listening,essential,1
450,Speaking,essential,1
450,Active Learning,essential,1
450,Amazon DynamoDB,software,0
450,Amazon Elastic Compute Cloud EC2,software,1
450,Amazon Redshift,software,1
450,Amazon Web Services AWS CloudFormation,software,1
450,Amazon Web Services AWS software,software,0
451,Active Listening,essential,1
451,Speaking,essential,1
451,Reading Comprehension,essential,0
451,Writing,essential,0
451,Active Learning,essential,0
451,Apple macOS,software,1
451,HubSpot software,software,1
451,IBM SPSS Statistics,software,0
451,Microsoft Excel,software,1
451,Microsoft Office software,software,0
452,Critical Thinking,essential,1
452,Reading Comprehension,essential,1
452,Active Listening,essential,1
452,Speaking,essential,1
452,Active Learning,essential,1
452,Amazon DynamoDB,software,1
452,Amazon Elastic Compute Cloud EC2,software,1
452,Amazon Redshift,software,1
452,Amazon Web Services AWS CloudFormation,software,1
452,Amazon Web Services AWS software,software,1
453,Active Listening,essential,0
453,Speaking,essential,0
453,Reading Comprehension,essential,1
453,Critical Thinking,essential,1
453,Monitoring,essential,0
453,Adobe Acrobat,software,0
453,Adobe Creative Cloud software,software,1
453,Bentley MicroStation,software,1
453,Eclipse IDE,software,1
453,Facebook,software,1
454,Reading Comprehension,essential,1
454,Active Listening,essential,0
454,Critical Thinking,essential,1
454,Speaking,essential,1
454,Science,essential,1
454,Google Docs,software,1
454,MEDITECH software,software,0
454,Microsoft Excel,software,1
454,Microsoft Office software,software,1
454,Microsoft Outlook,software,1
455,Reading Comprehension,essential,1
455,Active Listening,essential,0
455,Critical Thinking,essential,0
455,Speaking,essential,1
455,Science,essential,1
455,Google Docs,software,1
455,MEDITECH software,software,0
455,Microsoft Excel,software,1
455,Microsoft Office software,software,0
455,Microsoft Outlook,software,0
456,Active Listening,essential,1
456,Speaking,essential,1
456,Reading Comprehension,essential,1
456,Critical Thinking,essential,1
456,Monitoring,essential,1
456,Adobe Acrobat,software,1
456,Adobe Creative Cloud software,software,1
456,Bentley MicroStation,software,1
456,Eclipse IDE,software,1
456,Facebook,software,1
458,Active Listening,essential,1
458,Speaking,essential,1
458,Reading Comprehension,essential,1
458,Critical Thinking,essential,1
458,Monitoring,essential,1
458,Adobe Acrobat,software,1
458,Adobe Creative Cloud software,software,1
458,Bentley MicroStation,software,1
458,Eclipse IDE,software,0
458,Facebook,software,1
460,Critical Thinking,essential,0
460,Speaking,essential,0
460,Monitoring,essential,0
460,Reading Comprehension,essential,1
460,Active Listening,essential,1
460,Adobe Acrobat,software,1
460,Adobe After Effects,software,0
460,Adobe InDesign,software,0
460,Adobe Photoshop,software,1
460,Autodesk AutoCAD,software,1
461,Science,essential,1
461,Reading Comprehension,essential,1
461,Active Listening,essential,1
461,Critical Thinking,essential,1
461,Monitoring,essential,1
461,Adobe Acrobat,software,1
461,Adobe Photoshop,software,1
461,ESRI ArcGIS software,software,1
461,IBM SPSS Statistics,software,1
461,Microsoft Access,software,1
462,Critical Thinking,essential,1
462,Speaking,essential,1
462,Monitoring,essential,1
462,Reading Comprehension,essential,1
462,Active Listening,essential,1
462,Adobe Acrobat,software,1
462,Adobe After Effects,software,1
462,Adobe InDesign,software,1
462,Adobe Photoshop,software,1
462,Autodesk AutoCAD,software,1
463,Active Listening,essential,1
463,Speaking,essential,1
463,Reading Comprehension,essential,1
463,Critical Thinking,essential,1
463,Monitoring,essential,1
463,Adobe Acrobat,software,1
463,Adobe Creative Cloud software,software,0
463,Bentley MicroStation,software,1
463,Eclipse IDE,software,0
463,Facebook,software,1
464,Critical Thinking,essential,1
464,Speaking,essential,1
464,Monitoring,essential,1
464,Reading Comprehension,essential,1
464,Active Listening,essential,1
464,Adobe Acrobat,software,1
464,Adobe After Effects,software,1
464,Adobe InDesign,software,1
464,Adobe Photoshop,software,1
464,Autodesk AutoCAD,software,1
465,Critical Thinking,essential,1
465,Reading Comprehension,essential,1
465,Active Listening,essential,1
465,Speaking,essential,1
465,Active Learning,essential,1
465,Amazon DynamoDB,software,1
465,Amazon Elastic Compute Cloud EC2,software,1
465,Amazon Redshift,software,1
465,Amazon Web Services AWS CloudFormation,software,0
465,Amazon Web Services AWS software,software,0
466,Critical Thinking,essential,1
466,Speaking,essential,0
466,Monitoring,essential,0
466,Reading Comprehension,essential,1
466,Active Listening,essential,1
466,Adobe Acrobat,software,1
466,Adobe After Effects,software,0
466,Adobe InDesign,software,0
466,Adobe Photoshop,software,1
466,Autodesk AutoCAD,software,1
467,Active Listening,essential,0
467,Speaking,essential,0
467,Reading Comprehension,essential,1
467,Writing,essential,0
467,Active Learning,essential,0
467,Apple macOS,software,0
467,HubSpot software,software,0
467,IBM SPSS Statistics,software,0
467,Microsoft Excel,software,1
467,Microsoft Office software,software,0
468,Science,essential,1
468,Reading Comprehension,essential,0
468,Active Listening,essential,1
468,Critical Thinking,essential,0
468,Monitoring,essential,1
468,Adobe Acrobat,software,1
468,Adobe Photoshop,software,1
468,ESRI ArcGIS software,software,1
468,IBM SPSS Statistics,software,0
468,Microsoft Access,software,0
469,Active Listening,essential,1
469,Speaking,essential,1
469,Reading Comprehension,essential,1
469,Critical Thinking,essential,1
469,Monitoring,essential,1
469,Adobe Acrobat,software,0
469,Adobe Creative Cloud software,software,1
469,Bentley MicroStation,software,1
469,Eclipse IDE,software,1
469,Facebook,software,1
470,Speaking,essential,1
470,Reading Comprehension,essential,1
470,Active Listening,essential,1
470,Writing,essential,1
470,Critical Thinking,essential,1
470,Adobe Acrobat,software,1
470,Adobe Creative Cloud software,software,1
470,Adobe Illustrator,software,0
470,Adobe InDesign,software,1
470,Adobe Photoshop,software,1
471,Reading Comprehension,essential,1
471,Active Listening,essential,1
471,Critical Thinking,essential,1
471,Speaking,essential,1
471,Science,essential,1
471,Google Docs,software,1
471,MEDITECH software,software,1
471,Microsoft Excel,software,1
471,Microsoft Office software,software,1
471,Microsoft Outlook,software,1
473,N/A - Department-level analysis only,N/A,0
474,Critical Thinking,essential,1
474,Reading Comprehension,essential,1
474,Active Listening,essential,1
474,Speaking,essential,1
474,Active Learning,essential,1
474,Amazon DynamoDB,software,1
474,Amazon Elastic Compute Cloud EC2,software,1
474,Amazon Redshift,software,1
474,Amazon Web Services AWS CloudFormation,software,1
474,Amazon Web Services AWS software,software,0
475,Active Listening,essential,1
475,Speaking,essential,0
475,Reading Comprehension,essential,1
475,Critical Thinking,essential,1
475,Monitoring,essential,0
475,Adobe Acrobat,software,1
475,Adobe Creative Cloud software,software,1
475,Bentley MicroStation,software,0
475,Eclipse IDE,software,0
475,Facebook,software,0
476,Active Listening,essential,1
476,Speaking,essential,1
476,Reading Comprehension,essential,1
476,Critical Thinking,essential,1
476,Monitoring,essential,1
476,Adobe Acrobat,software,1
476,Adobe Creative Cloud software,software,1
476,Bentley MicroStation,software,1
476,Eclipse IDE,software,1
476,Facebook,software,1
477,Active Listening,essential,1
477,Speaking,essential,1
477,Reading Comprehension,essential,0
477,Writing,essential,0
477,Active Learning,essential,1
477,Apple macOS,software,1
477,HubSpot software,software,1
477,IBM SPSS Statistics,software,0
477,Microsoft Excel,software,0
477,Microsoft Office software,software,1
478,Active Listening,essential,1
478,Speaking,essential,0
478,Reading Comprehension,essential,1
478,Writing,essential,1
478,Active Learning,essential,0
478,Apple macOS,software,1
478,HubSpot software,software,0
478,IBM SPSS Statistics,software,1
478,Microsoft Excel,software,1
478,Microsoft Office software,software,0
479,Active Listening,essential,1
479,Speaking,essential,0
479,Reading Comprehension,essential,1
479,Critical Thinking,essential,1
479,Monitoring,essential,1
479,Adobe Acrobat,software,1
479,Adobe Creative Cloud software,software,1
479,Bentley MicroStation,software,1
479,Eclipse IDE,software,1
479,Facebook,software,1
481,Active Listening,essential,1
481,Speaking,essential,1
481,Reading Comprehension,essential,1
481,Critical Thinking,essential,1
481,Monitoring,essential,1
481,Adobe Acrobat,software,1
481,Adobe Creative Cloud software,software,1
481,Bentley MicroStation,software,1
481,Eclipse IDE,software,1
481,Facebook,software,1
482,Active Listening,essential,1
482,Speaking,essential,1
482,Reading Comprehension,essential,0
482,Writing,essential,0
482,Active Learning,essential,0
482,Apple macOS,software,0
482,HubSpot software,software,0
482,IBM SPSS Statistics,software,1
482,Microsoft Excel,software,1
482,Microsoft Office software,software,0
483,Reading Comprehension,essential,1
483,Active Listening,essential,1
483,Critical Thinking,essential,1
483,Speaking,essential,1
483,Science,essential,0
483,Google Docs,software,1
483,MEDITECH software,software,0
483,Microsoft Excel,software,1
483,Microsoft Office software,software,1
483,Microsoft Outlook,software,1
484,Active Listening,essential,0
484,Speaking,essential,1
484,Reading Comprehension,essential,0
484,Writing,essential,1
484,Active Learning,essential,1
484,Apple macOS,software,0
484,HubSpot software,software,1
484,IBM SPSS Statistics,software,1
484,Microsoft Excel,software,1
484,Microsoft Office software,software,1
485,Active Listening,essential,1
485,Speaking,essential,1
485,Reading Comprehension,essential,0
485,Writing,essential,0
485,Active Learning,essential,1
485,Apple macOS,software,1
485,HubSpot software,software,0
485,IBM SPSS Statistics,software,1
485,Microsoft Excel,software,0
485,Microsoft Office software,software,0
486,Reading Comprehension,essential,0
486,Active Listening,essential,1
486,Critical Thinking,essential,1
486,Speaking,essential,1
486,Science,essential,0
486,Google Docs,software,1
486,MEDITECH software,software,1
486,Microsoft Excel,software,1
486,Microsoft Office software,software,1
486,Microsoft Outlook,software,1
487,Critical Thinking,essential,1
487,Speaking,essential,0
487,Monitoring,essential,1
487,Reading Comprehension,essential,0
487,Active Listening,essential,0
487,Adobe Acrobat,software,0
487,Adobe After Effects,software,0
487,Adobe InDesign,software,1
487,Adobe Photoshop,software,1
487,Autodesk AutoCAD,software,0
488,Active Listening,essential,1
488,Speaking,essential,1
488,Reading Comprehension,essential,1
488,Critical Thinking,essential,1
488,Monitoring,essential,1
488,Adobe Acrobat,software,1
488,Adobe Creative Cloud software,software,1
488,Bentley MicroStation,software,1
488,Eclipse IDE,software,1
488,Facebook,software,1
491,Active Listening,essential,1
491,Speaking,essential,0
491,Reading Comprehension,essential,0
491,Writing,essential,1
491,Active Learning,essential,0
491,Apple macOS,software,0
491,HubSpot software,software,0
491,IBM SPSS Statistics,software,0
491,Microsoft Excel,software,1
491,Microsoft Office software,software,1
492,Active Listening,essential,1
492,Speaking,essential,1
492,Reading Comprehension,essential,0
492,Critical Thinking,essential,1
492,Monitoring,essential,1
492,Adobe Acrobat,software,1
492,Adobe Creative Cloud software,software,1
492,Bentley MicroStation,software,0
492,Eclipse IDE,software,1
492,Facebook,software,1
493,Critical Thinking,essential,1
493,Reading Comprehension,essential,1
493,Active Listening,essential,1
493,Speaking,essential,1
493,Active Learning,essential,0
493,Amazon DynamoDB,software,1
493,Amazon Elastic Compute Cloud EC2,software,1
493,Amazon Redshift,software,0
493,Amazon Web Services AWS CloudFormation,software,1
493,Amazon Web Services AWS software,software,1
494,Active Listening,essential,0
494,Speaking,essential,0
494,Reading Comprehension,essential,0
494,Writing,essential,1
494,Active Learning,essential,0
494,Apple macOS,software,0
494,HubSpot software,software,0
494,IBM SPSS Statistics,software,0
494,Microsoft Excel,software,0
494,Microsoft Office software,software,0
495,Critical Thinking,essential,1
495,Reading Comprehension,essential,0
495,Active Listening,essential,0
495,Speaking,essential,1
495,Active Learning,essential,0
495,Amazon DynamoDB,software,1
495,Amazon Elastic Compute Cloud EC2,software,1
495,Amazon Redshift,software,1
495,Amazon Web Services AWS CloudFormation,software,0
495,Amazon Web Services AWS software,software,0
496,Active Listening,essential,1
496,Speaking,essential,1
496,Reading Comprehension,essential,1
496,Writing,essential,0
496,Active Learning,essential,0
496,Apple macOS,software,0
496,HubSpot software,software,0
496,IBM SPSS Statistics,software,0
496,Microsoft Excel,software,1
496,Microsoft Office software,software,1
497,Reading Comprehension,essential,1
497,Active Listening,essential,0
497,Critical Thinking,essential,0
497,Speaking,essential,1
497,Science,essential,0
497,Google Docs,software,1
497,MEDITECH software,software,1
497,Microsoft Excel,software,0
497,Microsoft Office software,software,0
497,Microsoft Outlook,software,1
498,Active Listening,essential,1
498,Speaking,essential,1
498,Reading Comprehension,essential,1
498,Critical Thinking,essential,1
498,Monitoring,essential,1
498,Adobe Acrobat,software,0
498,Adobe Creative Cloud software,software,1
498,Bentley MicroStation,software,1
498,Eclipse IDE,software,0
498,Facebook,software,1
499,Active Listening,essential,1
499,Speaking,essential,0
499,Reading Comprehension,essential,1
499,Writing,essential,0
499,Active Learning,essential,0
499,Apple macOS,software,0
499,HubSpot software,software,0
499,IBM SPSS Statistics,software,1
499,Microsoft Excel,software,1
499,Microsoft Office software,software,1
500,Active Listening,essential,1
500,Speaking,essential,1
500,Reading Comprehension,essential,1
500,Critical Thinking,essential,0
500,Monitoring,essential,1
500,Adobe Acrobat,software,1
500,Adobe Creative Cloud software,software,1
500,Bentley MicroStation,software,1
500,Eclipse IDE,software,1
500,Facebook,software,1
501,Critical Thinking,essential,1
501,Reading Comprehension,essential,0
501,Active Listening,essential,0
501,Speaking,essential,0
501,Active Learning,essential,0
501,Amazon DynamoDB,software,1
501,Amazon Elastic Compute Cloud EC2,software,0
501,Amazon Redshift,software,0
501,Amazon Web Services AWS CloudFormation,software,1
501,Amazon Web Services AWS software,software,0
502,Active Listening,essential,1
502,Speaking,essential,0
502,Reading Comprehension,essential,0
502,Critical Thinking,essential,1
502,Monitoring,essential,0
502,Adobe Acrobat,software,1
502,Adobe Creative Cloud software,software,0
502,Bentley MicroStation,software,1
502,Eclipse IDE,software,0
502,Facebook,software,1
505,N/A - Department-level analysis only,N/A,0
507,Active Listening,essential,1
507,Speaking,essential,1
507,Reading Comprehension,essential,0
507,Critical Thinking,essential,0
507,Monitoring,essential,0
507,Adobe Acrobat,software,0
507,Adobe Creative Cloud software,software,1
507,Bentley MicroStation,software,1
507,Eclipse IDE,software,1
507,Facebook,software,1
508,Active Listening,essential,1
508,Speaking,essential,1
508,Reading Comprehension,essential,1
508,Writing,essential,1
508,Active Learning,essential,1
508,Apple macOS,software,1
508,HubSpot software,software,0
508,IBM SPSS Statistics,software,0
508,Microsoft Excel,software,0
508,Microsoft Office software,software,1
510,Critical Thinking,essential,1
510,Reading Comprehension,essential,0
510,Active Listening,essential,1
510,Speaking,essential,1
510,Active Learning,essential,1
510,Amazon DynamoDB,software,1
510,Amazon Elastic Compute Cloud EC2,software,1
510,Amazon Redshift,software,1
510,Amazon Web Services AWS CloudFormation,software,1
510,Amazon Web Services AWS software,software,1
511,Critical Thinking,essential,1
511,Reading Comprehension,essential,0
511,Active Listening,essential,1
511,Speaking,essential,1
511,Active Learning,essential,0
511,Amazon DynamoDB,software,1
511,Amazon Elastic Compute Cloud EC2,software,1
511,Amazon Redshift,software,0
511,Amazon Web Services AWS CloudFormation,software,1
511,Amazon Web Services AWS software,software,0
513,Active Listening,essential,1
513,Speaking,essential,1
513,Reading Comprehension,essential,1
513,Critical Thinking,essential,1
513,Monitoring,essential,1
513,Adobe Acrobat,software,1
513,Adobe Creative Cloud software,software,1
513,Bentley MicroStation,software,1
513,Eclipse IDE,software,1
513,Facebook,software,1
514,Critical Thinking,essential,1
514,Reading Comprehension,essential,0
514,Active Listening,essential,1
514,Speaking,essential,1
514,Active Learning,essential,1
514,Amazon DynamoDB,software,0
514,Amazon Elastic Compute Cloud EC2,software,0
514,Amazon Redshift,software,0
514,Amazon Web Services AWS CloudFormation,software,0
514,Amazon Web Services AWS software,software,0
515,Reading Comprehension,essential,1
515,Active Listening,essential,1
515,Critical Thinking,essential,1
515,Speaking,essential,0
515,Science,essential,1
515,Google Docs,software,1
515,MEDITECH software,software,1
515,Microsoft Excel,software,1
515,Microsoft Office software,software,1
515,Microsoft Outlook,software,1
516,Active Listening,essential,1
516,Speaking,essential,0
516,Reading Comprehension,essential,1
516,Critical Thinking,essential,0
516,Monitoring,essential,1
516,Adobe Acrobat,software,1
516,Adobe Creative Cloud software,software,1
516,Bentley MicroStation,software,1
516,Eclipse IDE,software,1
516,Facebook,software,1
517,Reading Comprehension,essential,0
517,Active Listening,essential,1
517,Critical Thinking,essential,1
517,Speaking,essential,1
517,Science,essential,1
517,Google Docs,software,1
517,MEDITECH software,software,1
517,Microsoft Excel,software,1
517,Microsoft Office software,software,1
517,Microsoft Outlook,software,1
518,Critical Thinking,essential,1
518,Speaking,essential,0
518,Monitoring,essential,1
518,Reading Comprehension,essential,1
518,Active Listening,essential,1
518,Adobe Acrobat,software,1
518,Adobe After Effects,software,0
518,Adobe InDesign,software,1
518,Adobe Photoshop,software,0
518,Autodesk AutoCAD,software,0
520,Science,essential,1
520,Reading Comprehension,essential,1
520,Active Listening,essential,1
520,Critical Thinking,essential,1
520,Monitoring,essential,1
520,Adobe Acrobat,software,1
520,Adobe Photoshop,software,1
520,ESRI ArcGIS software,software,1
520,IBM SPSS Statistics,software,1
520,Microsoft Access,software,1
521,Reading Comprehension,essential,0
521,Active Listening,essential,1
521,Critical Thinking,essential,1
521,Speaking,essential,0
521,Science,essential,1
521,Google Docs,software,1
521,MEDITECH software,software,1
521,Microsoft Excel,software,0
521,Microsoft Office software,software,0
521,Microsoft Outlook,software,0
522,Science,essential,0
522,Reading Comprehension,essential,1
522,Active Listening,essential,1
522,Critical Thinking,essential,1
522,Monitoring,essential,1
522,Adobe Acrobat,software,1
522,Adobe Photoshop,software,0
522,ESRI ArcGIS software,software,1
522,IBM SPSS Statistics,software,1
522,Microsoft Access,software,1
523,Active Listening,essential,1
523,Speaking,essential,0
523,Reading Comprehension,essential,1
523,Critical Thinking,essential,1
523,Monitoring,essential,0
523,Adobe Acrobat,software,1
523,Adobe Creative Cloud software,software,1
523,Bentley MicroStation,software,1
523,Eclipse IDE,software,1
523,Facebook,software,0
524,Critical Thinking,essential,1
524,Speaking,essential,1
524,Monitoring,essential,1
524,Reading Comprehension,essential,1
524,Active Listening,essential,1
524,Adobe Acrobat,software,1
524,Adobe After Effects,software,1
524,Adobe InDesign,software,1
524,Adobe Photoshop,software,1
524,Autodesk AutoCAD,software,1
525,Reading Comprehension,essential,0
525,Active Listening,essential,0
525,Critical Thinking,essential,1
525,Speaking,essential,1
525,Science,essential,0
525,Google Docs,software,1
525,MEDITECH software,software,0
525,Microsoft Excel,software,1
525,Microsoft Office software,software,1
525,Microsoft Outlook,software,1
526,Active Listening,essential,1
526,Speaking,essential,1
526,Reading Comprehension,essential,0
526,Writing,essential,1
526,Active Learning,essential,1
526,Apple macOS,software,1
526,HubSpot software,software,1
526,IBM SPSS Statistics,software,1
526,Microsoft Excel,software,0
526,Microsoft Office software,software,1
527,Active Listening,essential,0
527,Speaking,essential,1
527,Reading Comprehension,essential,0
527,Critical Thinking,essential,1
527,Monitoring,essential,1
527,Adobe Acrobat,software,1
527,Adobe Creative Cloud software,software,0
527,Bentley MicroStation,software,1
527,Eclipse IDE,software,1
527,Facebook,software,1
529,Critical Thinking,essential,1
529,Reading Comprehension,essential,1
529,Active Listening,essential,1
529,Speaking,essential,1
529,Active Learning,essential,1
529,Amazon DynamoDB,software,1
529,Amazon Elastic Compute Cloud EC2,software,0
529,Amazon Redshift,software,1
529,Amazon Web Services AWS CloudFormation,software,1
529,Amazon Web Services AWS software,software,1
530,Reading Comprehension,essential,1
530,Active Listening,essential,0
530,Critical Thinking,essential,1
530,Speaking,essential,0
530,Science,essential,0
530,Google Docs,software,0
530,MEDITECH software,software,0
530,Microsoft Excel,software,1
530,Microsoft Office software,software,1
530,Microsoft Outlook,software,0
531,N/A - Department-level analysis only,N/A,0
532,Active Listening,essential,1
532,Speaking,essential,0
532,Reading Comprehension,essential,0
532,Critical Thinking,essential,1
532,Monitoring,essential,0
532,Adobe Acrobat,software,1
532,Adobe Creative Cloud software,software,1
532,Bentley MicroStation,software,1
532,Eclipse IDE,software,1
532,Facebook,software,1
533,Active Listening,essential,1
533,Speaking,essential,1
533,Reading Comprehension,essential,0
533,Critical Thinking,essential,1
533,Monitoring,essential,1
533,Adobe Acrobat,software,0
533,Adobe Creative Cloud software,software,1
533,Bentley MicroStation,software,1
533,Eclipse IDE,software,1
533,Facebook,software,1
534,Active Listening,essential,1
534,Speaking,essential,0
534,Reading Comprehension,essential,1
534,Critical Thinking,essential,1
534,Monitoring,essential,1
534,Adobe Acrobat,software,1
534,Adobe Creative Cloud software,software,1
534,Bentley MicroStation,software,1
534,Eclipse IDE,software,1
534,Facebook,software,1
536,Reading Comprehension,essential,0
536,Active Listening,essential,1
536,Critical Thinking,essential,1
536,Speaking,essential,1
536,Science,essential,1
536,Google Docs,software,1
536,MEDITECH software,software,1
536,Microsoft Excel,software,1
536,Microsoft Office software,software,1
536,Microsoft Outlook,software,1
538,Reading Comprehension,essential,0
538,Active Listening,essential,0
538,Critical Thinking,essential,1
538,Speaking,essential,0
538,Science,essential,1
538,Google Docs,software,1
538,MEDITECH software,software,1
538,Microsoft Excel,software,1
538,Microsoft Office software,software,1
538,Microsoft Outlook,software,0
543,Critical Thinking,essential,1
543,Speaking,essential,1
543,Monitoring,essential,1
543,Reading Comprehension,essential,1
543,Active Listening,essential,1
543,Adobe Acrobat,software,1
543,Adobe After Effects,software,1
543,Adobe InDesign,software,1
543,Adobe Photoshop,software,1
543,Autodesk AutoCAD,software,1
544,Critical Thinking,essential,1
544,Reading Comprehension,essential,0
544,Active Listening,essential,1
544,Speaking,essential,0
544,Active Learning,essential,0
544,Amazon DynamoDB,software,0
544,Amazon Elastic Compute Cloud EC2,software,0
544,Amazon Redshift,software,0
544,Amazon Web Services AWS CloudFormation,software,0
544,Amazon Web Services AWS software,software,0
546,N/A - Department-level analysis only,N/A,0
547,Critical Thinking,essential,1
547,Reading Comprehension,essential,1
547,Active Listening,essential,1
547,Speaking,essential,0
547,Active Learning,essential,0
547,Amazon DynamoDB,software,1
547,Amazon Elastic Compute Cloud EC2,software,1
547,Amazon Redshift,software,1
547,Amazon Web Services AWS CloudFormation,software,1
547,Amazon Web Services AWS software,software,0
548,Critical Thinking,essential,1
548,Speaking,essential,1
548,Monitoring,essential,1
548,Reading Comprehension,essential,0
548,Active Listening,essential,1
548,Adobe Acrobat,software,0
548,Adobe After Effects,software,1
548,Adobe InDesign,software,1
548,Adobe Photoshop,software,1
548,Autodesk AutoCAD,software,1
549,N/A - Department-level analysis only,N/A,0
550,Critical Thinking,essential,1
550,Speaking,essential,1
550,Monitoring,essential,1
550,Reading Comprehension,essential,0
550,Active Listening,essential,1
550,Adobe Acrobat,software,0
550,Adobe After Effects,software,1
550,Adobe InDesign,software,1
550,Adobe Photoshop,software,1
550,Autodesk AutoCAD,software,1
551,Active Listening,essential,1
551,Speaking,essential,1
551,Reading Comprehension,essential,1
551,Writing,essential,1
551,Active Learning,essential,1
551,Apple macOS,software,1
551,HubSpot software,software,1
551,IBM SPSS Statistics,software,0
551,Microsoft Excel,software,0
551,Microsoft Office software,software,1
554,Active Listening,essential,1
554,Speaking,essential,1
554,Reading Comprehension,essential,0
554,Writing,essential,1
554,Active Learning,essential,1
554,Apple macOS,software,1
554,HubSpot software,software,1
554,IBM SPSS Statistics,software,1
554,Microsoft Excel,software,0
554,Microsoft Office software,software,1
555,Active Listening,essential,1
555,Speaking,essential,0
555,Reading Comprehension,essential,0
555,Writing,essential,1
555,Active Learning,essential,1
555,Apple macOS,software,1
555,HubSpot software,software,0
555,IBM SPSS Statistics,software,1
555,Microsoft Excel,software,0
555,Microsoft Office software,software,0
556,Reading Comprehension,essential,0
556,Active Listening,essential,1
556,Critical Thinking,essential,1
556,Speaking,essential,1
556,Science,essential,1
556,Google Docs,software,0
556,MEDITECH software,software,0
556,Microsoft Excel,software,0
556,Microsoft Office software,software,0
556,Microsoft Outlook,software,1
558,N/A - Department-level analysis only,N/A,0
560,Critical Thinking,essential,1
560,Reading Comprehension,essential,1
560,Active Listening,essential,0
560,Speaking,essential,0
560,Active Learning,essential,0
560,Amazon DynamoDB,software,1
560,Amazon Elastic Compute Cloud EC2,software,1
560,Amazon Redshift,software,1
560,Amazon Web Services AWS CloudFormation,software,1
560,Amazon Web Services AWS software,software,0
562,Reading Comprehension,essential,0
562,Active Listening,essential,1
562,Critical Thinking,essential,1
562,Speaking,essential,1
562,Science,essential,1
562,Google Docs,software,1
562,MEDITECH software,software,1
562,Microsoft Excel,software,1
562,Microsoft Office software,software,1
562,Microsoft Outlook,software,1
564,Science,essential,1
564,Reading Comprehension,essential,1
564,Active Listening,essential,1
564,Critical Thinking,essential,1
564,Monitoring,essential,1
564,Adobe Acrobat,software,1
564,Adobe Photoshop,software,1
564,ESRI ArcGIS software,software,1
564,IBM SPSS Statistics,software,1
564,Microsoft Access,software,1
565,Critical Thinking,essential,0
565,Reading Comprehension,essential,0
565,Active Listening,essential,0
565,Speaking,essential,1
565,Active Learning,essential,0
565,Amazon DynamoDB,software,0
565,Amazon Elastic Compute Cloud EC2,software,0
565,Amazon Redshift,software,0
565,Amazon Web Services AWS CloudFormation,software,0
565,Amazon Web Services AWS software,software,1
566,Speaking,essential,0
566,Reading Comprehension,essential,0
566,Active Listening,essential,0
566,Writing,essential,1
566,Critical Thinking,essential,0
566,Adobe Acrobat,software,0
566,Adobe Creative Cloud software,software,1
566,Adobe Illustrator,software,0
566,Adobe InDesign,software,0
566,Adobe Photoshop,software,0
567,Active Listening,essential,1
567,Speaking,essential,1
567,Reading Comprehension,essential,0
567,Critical Thinking,essential,1
567,Monitoring,essential,1
567,Adobe Acrobat,software,1
567,Adobe Creative Cloud software,software,1
567,Bentley MicroStation,software,1
567,Eclipse IDE,software,1
567,Facebook,software,1
568,N/A - Department-level analysis only,N/A,0
569,N/A - Department-level analysis only,N/A,0
571,Reading Comprehension,essential,1
571,Active Listening,essential,1
571,Critical Thinking,essential,1
571,Speaking,essential,0
571,Science,essential,0
571,Google Docs,software,1
571,MEDITECH software,software,1
571,Microsoft Excel,software,1
571,Microsoft Office software,software,1
571,Microsoft Outlook,software,1
573,Active Listening,essential,1
573,Speaking,essential,1
573,Reading Comprehension,essential,1
573,Critical Thinking,essential,1
573,Monitoring,essential,0
573,Adobe Acrobat,software,1
573,Adobe Creative Cloud software,software,1
573,Bentley MicroStation,software,1
573,Eclipse IDE,software,1
573,Facebook,software,1
574,Critical Thinking,essential,0
574,Speaking,essential,1
574,Monitoring,essential,1
574,Reading Comprehension,essential,1
574,Active Listening,essential,1
574,Adobe Acrobat,software,1
574,Adobe After Effects,software,1
574,Adobe InDesign,software,1
574,Adobe Photoshop,software,1
574,Autodesk AutoCAD,software,1
575,Science,essential,0
575,Reading Comprehension,essential,0
575,Active Listening,essential,1
575,Critical Thinking,essential,1
575,Monitoring,essential,1
575,Adobe Acrobat,software,1
575,Adobe Photoshop,software,0
575,ESRI ArcGIS software,software,0
575,IBM SPSS Statistics,software,1
575,Microsoft Access,software,1
577,Reading Comprehension,essential,1
577,Active Listening,essential,0
577,Critical Thinking,essential,0
577,Speaking,essential,1
577,Science,essential,1
577,Google Docs,software,0
577,MEDITECH software,software,0
577,Microsoft Excel,software,1
577,Microsoft Office software,software,1
577,Microsoft Outlook,software,1
578,Reading Comprehension,essential,0
578,Active Listening,essential,1
578,Critical Thinking,essential,1
578,Speaking,essential,0
578,Science,essential,1
578,Google Docs,software,0
578,MEDITECH software,software,1
578,Microsoft Excel,software,1
578,Microsoft Office software,software,0
578,Microsoft Outlook,software,1
579,Critical Thinking,essential,0
579,Reading Comprehension,essential,1
579,Active Listening,essential,1
579,Speaking,essential,1
579,Active Learning,essential,1
579,Amazon DynamoDB,software,0
579,Amazon Elastic Compute Cloud EC2,software,1
579,Amazon Redshift,software,1
579,Amazon Web Services AWS CloudFormation,software,1
579,Amazon Web Services AWS software,software,1
580,Active Listening,essential,0
580,Speaking,essential,0
580,Reading Comprehension,essential,1
580,Critical Thinking,essential,1
580,Monitoring,essential,0
580,Adobe Acrobat,software,0
580,Adobe Creative Cloud software,software,1
580,Bentley MicroStation,software,1
580,Eclipse IDE,software,1
580,Facebook,software,0
581,Critical Thinking,essential,1
581,Speaking,essential,1
581,Monitoring,essential,1
581,Reading Comprehension,essential,1
581,Active Listening,essential,1
581,Adobe Acrobat,software,1
581,Adobe After Effects,software,1
581,Adobe InDesign,software,1
581,Adobe Photoshop,software,1
581,Autodesk AutoCAD,software,1
582,N/A - Department-level analysis only,N/A,0
584,Reading Comprehension,essential,1
584,Active Listening,essential,0
584,Critical Thinking,essential,0
584,Speaking,essential,1
584,Science,essential,1
584,Google Docs,software,1
584,MEDITECH software,software,1
584,Microsoft Excel,software,1
584,Microsoft Office software,software,0
584,Microsoft Outlook,software,1
585,Active Listening,essential,1
585,Speaking,essential,1
585,Reading Comprehension,essential,0
585,Writing,essential,1
585,Active Learning,essential,0
585,Apple macOS,software,1
585,HubSpot software,software,0
585,IBM SPSS Statistics,software,0
585,Microsoft Excel,software,1
585,Microsoft Office software,software,1
586,Active Listening,essential,1
586,Speaking,essential,1
586,Reading Comprehension,essential,1
586,Writing,essential,0
586,Active Learning,essential,1
586,Apple macOS,software,0
586,HubSpot software,software,1
586,IBM SPSS Statistics,software,1
586,Microsoft Excel,software,1
586,Microsoft Office software,software,1
587,Active Listening,essential,0
587,Speaking,essential,1
587,Reading Comprehension,essential,1
587,Writing,essential,0
587,Active Learning,essential,1
587,Apple macOS,software,0
587,HubSpot software,software,0
587,IBM SPSS Statistics,software,0
587,Microsoft Excel,software,0
587,Microsoft Office software,software,0
590,Speaking,essential,0
590,Reading Comprehension,essential,1
590,Active Listening,essential,1
590,Writing,essential,0
590,Critical Thinking,essential,1
590,Adobe Acrobat,software,1
590,Adobe Creative Cloud software,software,1
590,Adobe Illustrator,software,0
590,Adobe InDesign,software,0
590,Adobe Photoshop,software,1
591,Reading Comprehension,essential,0
591,Active Listening,essential,0
591,Critical Thinking,essential,0
591,Speaking,essential,1
591,Science,essential,0
591,Google Docs,software,1
591,MEDITECH software,software,0
591,Microsoft Excel,software,1
591,Microsoft Office software,software,0
591,Microsoft Outlook,software,0
592,Active Listening,essential,1
592,Speaking,essential,1
592,Reading Comprehension,essential,1
592,Critical Thinking,essential,1
592,Monitoring,essential,1
592,Adobe Acrobat,software,1
592,Adobe Creative Cloud software,software,1
592,Bentley MicroStation,software,0
592,Eclipse IDE,software,1
592,Facebook,software,1
593,Reading Comprehension,essential,1
593,Active Listening,essential,0
593,Critical Thinking,essential,0
593,Speaking,essential,0
593,Science,essential,0
593,Google Docs,software,0
593,MEDITECH software,software,1
593,Microsoft Excel,software,1
593,Microsoft Office software,software,0
593,Microsoft Outlook,software,1
595,Active Listening,essential,1
595,Speaking,essential,1
595,Reading Comprehension,essential,1
595,Critical Thinking,essential,1
595,Monitoring,essential,1
595,Adobe Acrobat,software,1
595,Adobe Creative Cloud software,software,1
595,Bentley MicroStation,software,1
595,Eclipse IDE,software,1
595,Facebook,software,1
597,N/A - Department-level analysis only,N/A,0
599,Active Listening,essential,1
599,Speaking,essential,1
599,Reading Comprehension,essential,1
599,Critical Thinking,essential,1
599,Monitoring,essential,1
599,Adobe Acrobat,software,1
599,Adobe Creative Cloud software,software,1
599,Bentley MicroStation,software,1
599,Eclipse IDE,software,1
599,Facebook,software,1
600,Active Listening,essential,1
600,Speaking,essential,1
600,Reading Comprehension,essential,1
600,Critical Thinking,essential,1
600,Monitoring,essential,1
600,Adobe Acrobat,software,1
600,Adobe Creative Cloud software,software,0
600,Bentley MicroStation,software,1
600,Eclipse IDE,software,1
600,Facebook,software,1
601,Critical Thinking,essential,1
601,Speaking,essential,1
601,Monitoring,essential,1
601,Reading Comprehension,essential,1
601,Active Listening,essential,1
601,Adobe Acrobat,software,1
601,Adobe After Effects,software,1
601,Adobe InDesign,software,1
601,Adobe Photoshop,software,1
601,Autodesk AutoCAD,software,1
602,Reading Comprehension,essential,1
602,Active Listening,essential,1
602,Critical Thinking,essential,1
602,Speaking,essential,0
602,Science,essential,1
602,Google Docs,software,1
602,MEDITECH software,software,1
602,Microsoft Excel,software,0
602,Microsoft Office software,software,1
602,Microsoft Outlook,software,1
604,Active Listening,essential,1
604,Speaking,essential,1
604,Reading Comprehension,essential,1
604,Critical Thinking,essential,1
604,Monitoring,essential,1
604,Adobe Acrobat,software,1
604,Adobe Creative Cloud software,software,0
604,Bentley MicroStation,software,1
604,Eclipse IDE,software,1
604,Facebook,software,1
605,Critical Thinking,essential,1
605,Speaking,essential,1
605,Monitoring,essential,1
605,Reading Comprehension,essential,1
605,Active Listening,essential,1
605,Adobe Acrobat,software,1
605,Adobe After Effects,software,1
605,Adobe InDesign,software,1
605,Adobe Photoshop,software,1
605,Autodesk AutoCAD,software,1
606,Active Listening,essential,1
606,Speaking,essential,1
606,Reading Comprehension,essential,1
606,Critical Thinking,essential,1
606,Monitoring,essential,1
606,Adobe Acrobat,software,1
606,Adobe Creative Cloud software,software,1
606,Bentley MicroStation,software,0
606,Eclipse IDE,software,0
606,Facebook,software,1
608,Speaking,essential,1
608,Reading Comprehension,essential,1
608,Active Listening,essential,1
608,Writing,essential,1
608,Critical Thinking,essential,1
608,Adobe Acrobat,software,1
608,Adobe Creative Cloud software,software,1
608,Adobe Illustrator,software,1
608,Adobe InDesign,software,1
608,Adobe Photoshop,software,1
611,Critical Thinking,essential,1
611,Speaking,essential,0
611,Monitoring,essential,1
611,Reading Comprehension,essential,1
611,Active Listening,essential,0
611,Adobe Acrobat,software,0
611,Adobe After Effects,software,0
611,Adobe InDesign,software,0
611,Adobe Photoshop,software,1
611,Autodesk AutoCAD,software,1
612,Science,essential,1
612,Reading Comprehension,essential,1
612,Active Listening,essential,1
612,Critical Thinking,essential,1
612,Monitoring,essential,1
612,Adobe Acrobat,software,1
612,Adobe Photoshop,software,1
612,ESRI ArcGIS software,software,1
612,IBM SPSS Statistics,software,1
612,Microsoft Access,software,0
613,N/A - Department-level analysis only,N/A,0
614,Active Listening,essential,0
614,Speaking,essential,0
614,Reading Comprehension,essential,0
614,Writing,essential,0
614,Active Learning,essential,0
614,Apple macOS,software,1
614,HubSpot software,software,1
614,IBM SPSS Statistics,software,1
614,Microsoft Excel,software,1
614,Microsoft Office software,software,0
615,Active Listening,essential,0
615,Speaking,essential,1
615,Reading Comprehension,essential,1
615,Critical Thinking,essential,0
615,Monitoring,essential,1
615,Adobe Acrobat,software,0
615,Adobe Creative Cloud software,software,0
615,Bentley MicroStation,software,0
615,Eclipse IDE,software,1
615,Facebook,software,1
616,Active Listening,essential,1
616,Speaking,essential,1
616,Reading Comprehension,essential,1
616,Writing,essential,1
616,Active Learning,essential,1
616,Apple macOS,software,1
616,HubSpot software,software,1
616,IBM SPSS Statistics,software,1
616,Microsoft Excel,software,1
616,Microsoft Office software,software,1
618,Active Listening,essential,1
618,Speaking,essential,0
618,Reading Comprehension,essential,0
618,Critical Thinking,essential,0
618,Monitoring,essential,0
618,Adobe Acrobat,software,0
618,Adobe Creative Cloud software,software,1
618,Bentley MicroStation,software,0
618,Eclipse IDE,software,1
618,Facebook,software,1
620,Active Listening,essential,0
620,Speaking,essential,1
620,Reading Comprehension,essential,1
620,Critical Thinking,essential,0
620,Monitoring,essential,1
620,Adobe Acrobat,software,1
620,Adobe Creative Cloud software,software,1
620,Bentley MicroStation,software,0
620,Eclipse IDE,software,0
620,Facebook,software,1
621,Active Listening,essential,1
621,Speaking,essential,1
621,Reading Comprehension,essential,1
621,Critical Thinking,essential,1
621,Monitoring,essential,1
621,Adobe Acrobat,software,1
621,Adobe Creative Cloud software,software,1
621,Bentley MicroStation,software,1
621,Eclipse IDE,software,1
621,Facebook,software,0
622,Reading Comprehension,essential,1
622,Active Listening,essential,1
622,Critical Thinking,essential,1
622,Speaking,essential,0
622,Science,essential,1
622,Google Docs,software,0
622,MEDITECH software,software,0
622,Microsoft Excel,software,1
622,Microsoft Office software,software,1
622,Microsoft Outlook,software,1
623,Critical Thinking,essential,1
623,Speaking,essential,0
623,Monitoring,essential,1
623,Reading Comprehension,essential,1
623,Active Listening,essential,1
623,Adobe Acrobat,software,1
623,Adobe After Effects,software,1
623,Adobe InDesign,software,1
623,Adobe Photoshop,software,0
623,Autodesk AutoCAD,software,0
624,Active Listening,essential,0
624,Speaking,essential,0
624,Reading Comprehension,essential,1
624,Writing,essential,1
624,Active Learning,essential,0
624,Apple macOS,software,0
624,HubSpot software,software,1
624,IBM SPSS Statistics,software,1
624,Microsoft Excel,software,1
624,Microsoft Office software,software,1
625,N/A - Department-level analysis only,N/A,0
626,Active Listening,essential,1
626,Speaking,essential,1
626,Reading Comprehension,essential,1
626,Critical Thinking,essential,1
626,Monitoring,essential,1
626,Adobe Acrobat,software,1
626,Adobe Creative Cloud software,software,1
626,Bentley MicroStation,software,1
626,Eclipse IDE,software,1
626,Facebook,software,1
630,Critical Thinking,essential,1
630,Reading Comprehension,essential,1
630,Active Listening,essential,1
630,Speaking,essential,1
630,Active Learning,essential,1
630,Amazon DynamoDB,software,1
630,Amazon Elastic Compute Cloud EC2,software,1
630,Amazon Redshift,software,1
630,Amazon Web Services AWS CloudFormation,software,1
630,Amazon Web Services AWS software,software,1
631,Active Listening,essential,1
631,Speaking,essential,0
631,Reading Comprehension,essential,0
631,Critical Thinking,essential,1
631,Monitoring,essential,0
631,Adobe Acrobat,software,1
631,Adobe Creative Cloud software,software,1
631,Bentley MicroStation,software,0
631,Eclipse IDE,software,0
631,Facebook,software,0
632,Active Listening,essential,1
632,Speaking,essential,0
632,Reading Comprehension,essential,1
632,Writing,essential,0
632,Active Learning,essential,0
632,Apple macOS,software,1
632,HubSpot software,software,0
632,IBM SPSS Statistics,software,1
632,Microsoft Excel,software,1
632,Microsoft Office software,software,1
634,Active Listening,essential,0
634,Speaking,essential,0
634,Reading Comprehension,essential,0
634,Writing,essential,1
634,Active Learning,essential,0
634,Apple macOS,software,0
634,HubSpot software,software,1
634,IBM SPSS Statistics,software,0
634,Microsoft Excel,software,1
634,Microsoft Office software,software,0
635,Critical Thinking,essential,1
635,Speaking,essential,1
635,Monitoring,essential,1
635,Reading Comprehension,essential,1
635,Active Listening,essential,1
635,Adobe Acrobat,software,1
635,Adobe After Effects,software,1
635,Adobe InDesign,software,0
635,Adobe Photoshop,software,1
635,Autodesk AutoCAD,software,1
638,Science,essential,1
638,Reading Comprehension,essential,1
638,Active Listening,essential,1
638,Critical Thinking,essential,1
638,Monitoring,essential,1
638,Adobe Acrobat,software,1
638,Adobe Photoshop,software,1
638,ESRI ArcGIS software,software,1
638,IBM SPSS Statistics,software,1
638,Microsoft Access,software,1
639,Critical Thinking,essential,0
639,Reading Comprehension,essential,1
639,Active Listening,essential,1
639,Speaking,essential,0
639,Active Learning,essential,1
639,Amazon DynamoDB,software,1
639,Amazon Elastic Compute Cloud EC2,software,1
639,Amazon Redshift,software,1
639,Amazon Web Services AWS CloudFormation,software,1
639,Amazon Web Services AWS software,software,1
641,Active Listening,essential,1
641,Speaking,essential,1
641,Reading Comprehension,essential,1
641,Critical Thinking,essential,1
641,Monitoring,essential,1
641,Adobe Acrobat,software,1
641,Adobe Creative Cloud software,software,1
641,Bentley MicroStation,software,1
641,Eclipse IDE,software,1
641,Facebook,software,1
643,Reading Comprehension,essential,1
643,Active Listening,essential,1
643,Critical Thinking,essential,1
643,Speaking,essential,1
643,Science,essential,0
643,Google Docs,software,0
643,MEDITECH software,software,1
643,Microsoft Excel,software,0
643,Microsoft Office software,software,1
643,Microsoft Outlook,software,0
644,N/A - Department-level analysis only,N/A,0
645,Active Listening,essential,1
645,Speaking,essential,1
645,Reading Comprehension,essential,1
645,Writing,essential,1
645,Active Learning,essential,0
645,Apple macOS,software,1
645,HubSpot software,software,0
645,IBM SPSS Statistics,software,1
645,Microsoft Excel,software,1
645,Microsoft Office software,software,1
647,Reading Comprehension,essential,1
647,Active Listening,essential,1
647,Critical Thinking,essential,1
647,Speaking,essential,1
647,Science,essential,0
647,Google Docs,software,0
647,MEDITECH software,software,1
647,Microsoft Excel,software,1
647,Microsoft Office software,software,1
647,Microsoft Outlook,software,1
648,Active Listening,essential,1
648,Speaking,essential,0
648,Reading Comprehension,essential,1
648,Writing,essential,1
648,Active Learning,essential,0
648,Apple macOS,software,0
648,HubSpot software,software,0
648,IBM SPSS Statistics,software,1
648,Microsoft Excel,software,1
648,Microsoft Office software,software,0
649,Critical Thinking,essential,1
649,Reading Comprehension,essential,1
649,Active Listening,essential,1
649,Speaking,essential,1
649,Active Learning,essential,1
649,Amazon DynamoDB,software,1
649,Amazon Elastic Compute Cloud EC2,software,1
649,Amazon Redshift,software,1
649,Amazon Web Services AWS CloudFormation,software,1
649,Amazon Web Services AWS software,software,1
650,Active Listening,essential,1
650,Speaking,essential,0
650,Reading Comprehension,essential,0
650,Critical Thinking,essential,0
650,Monitoring,essential,1
650,Adobe Acrobat,software,1
650,Adobe Creative Cloud software,software,1
650,Bentley MicroStation,software,1
650,Eclipse IDE,software,1
650,Facebook,software,0
652,Reading Comprehension,essential,0
652,Active Listening,essential,1
652,Critical Thinking,essential,1
652,Speaking,essential,0
652,Science,essential,1
652,Google Docs,software,1
652,MEDITECH software,software,1
652,Microsoft Excel,software,0
652,Microsoft Office software,software,0
652,Microsoft Outlook,software,1
653,Active Listening,essential,0
653,Speaking,essential,1
653,Reading Comprehension,essential,1
653,Critical Thinking,essential,1
653,Monitoring,essential,1
653,Adobe Acrobat,software,0
653,Adobe Creative Cloud software,software,1
653,Bentley MicroStation,software,1
653,Eclipse IDE,software,1
653,Facebook,software,1
655,Critical Thinking,essential,1
655,Reading Comprehension,essential,1
655,Active Listening,essential,0
655,Speaking,essential,0
655,Active Learning,essential,0
655,Amazon DynamoDB,software,1
655,Amazon Elastic Compute Cloud EC2,software,1
655,Amazon Redshift,software,1
655,Amazon Web Services AWS CloudFormation,software,1
655,Amazon Web Services AWS software,software,1
656,Active Listening,essential,1
656,Speaking,essential,1
656,Reading Comprehension,essential,0
656,Critical Thinking,essential,1
656,Monitoring,essential,0
656,Adobe Acrobat,software,1
656,Adobe Creative Cloud software,software,1
656,Bentley MicroStation,software,1
656,Eclipse IDE,software,0
656,Facebook,software,0
657,Critical Thinking,essential,0
657,Reading Comprehension,essential,0
657,Active Listening,essential,1
657,Speaking,essential,0
657,Active Learning,essential,0
657,Amazon DynamoDB,software,0
657,Amazon Elastic Compute Cloud EC2,software,0
657,Amazon Redshift,software,0
657,Amazon Web Services AWS CloudFormation,software,0
657,Amazon Web Services AWS software,software,0
659,Active Listening,essential,1
659,Speaking,essential,1
659,Reading Comprehension,essential,1
659,Writing,essential,1
659,Active Learning,essential,1
659,Apple macOS,software,1
659,HubSpot software,software,1
659,IBM SPSS Statistics,software,1
659,Microsoft Excel,software,1
659,Microsoft Office software,software,1
661,Science,essential,1
661,Reading Comprehension,essential,0
661,Active Listening,essential,0
661,Critical Thinking,essential,0
661,Monitoring,essential,0
661,Adobe Acrobat,software,0
661,Adobe Photoshop,software,1
661,ESRI ArcGIS software,software,1
661,IBM SPSS Statistics,software,1
661,Microsoft Access,software,1
662,Critical Thinking,essential,0
662,Reading Comprehension,essential,0
662,Active Listening,essential,1
662,Speaking,essential,1
662,Active Learning,essential,0
662,Amazon DynamoDB,software,1
662,Amazon Elastic Compute Cloud EC2,software,0
662,Amazon Redshift,software,1
662,Amazon Web Services AWS CloudFormation,software,0
662,Amazon Web Services AWS software,software,0
663,Reading Comprehension,essential,1
663,Active Listening,essential,1
663,Critical Thinking,essential,1
663,Speaking,essential,1
663,Science,essential,1
663,Google Docs,software,1
663,MEDITECH software,software,1
663,Microsoft Excel,software,0
663,Microsoft Office software,software,1
663,Microsoft Outlook,software,1
664,N/A - Department-level analysis only,N/A,0
665,Speaking,essential,0
665,Reading Comprehension,essential,0
665,Active Listening,essential,0
665,Writing,essential,0
665,Critical Thinking,essential,0
665,Adobe Acrobat,software,1
665,Adobe Creative Cloud software,software,0
665,Adobe Illustrator,software,0
665,Adobe InDesign,software,0
665,Adobe Photoshop,software,1
666,Active Listening,essential,1
666,Speaking,essential,1
666,Reading Comprehension,essential,1
666,Writing,essential,1
666,Active Learning,essential,1
666,Apple macOS,software,1
666,HubSpot software,software,1
666,IBM SPSS Statistics,software,1
666,Microsoft Excel,software,1
666,Microsoft Office software,software,1
667,Active Listening,essential,1
667,Speaking,essential,1
667,Reading Comprehension,essential,1
667,Writing,essential,1
667,Active Learning,essential,1
667,Apple macOS,software,0
667,HubSpot software,software,1
667,IBM SPSS Statistics,software,1
667,Microsoft Excel,software,0
667,Microsoft Office software,software,0
669,Active Listening,essential,0
669,Speaking,essential,1
669,Reading Comprehension,essential,1
669,Writing,essential,0
669,Active Learning,essential,1
669,Apple macOS,software,0
669,HubSpot software,software,0
669,IBM SPSS Statistics,software,0
669,Microsoft Excel,software,0
669,Microsoft Office software,software,0
671,N/A - Department-level analysis only,N/A,0
675,Critical Thinking,essential,0
675,Reading Comprehension,essential,1
675,Active Listening,essential,0
675,Speaking,essential,1
675,Active Learning,essential,1
675,Amazon DynamoDB,software,0
675,Amazon Elastic Compute Cloud EC2,software,1
675,Amazon Redshift,software,1
675,Amazon Web Services AWS CloudFormation,software,1
675,Amazon Web Services AWS software,software,0
677,Active Listening,essential,1
677,Speaking,essential,1
677,Reading Comprehension,essential,1
677,Critical Thinking,essential,0
677,Monitoring,essential,0
677,Adobe Acrobat,software,1
677,Adobe Creative Cloud software,software,1
677,Bentley MicroStation,software,1
677,Eclipse IDE,software,0
677,Facebook,software,1
679,Critical Thinking,essential,0
679,Reading Comprehension,essential,1
679,Active Listening,essential,0
679,Speaking,essential,0
679,Active Learning,essential,1
679,Amazon DynamoDB,software,0
679,Amazon Elastic Compute Cloud EC2,software,1
679,Amazon Redshift,software,1
679,Amazon Web Services AWS CloudFormation,software,1
679,Amazon Web Services AWS software,software,0
680,Critical Thinking,essential,0
680,Reading Comprehension,essential,1
680,Active Listening,essential,0
680,Speaking,essential,1
680,Active Learning,essential,1
680,Amazon DynamoDB,software,0
680,Amazon Elastic Compute Cloud EC2,software,0
680,Amazon Redshift,software,1
680,Amazon Web Services AWS CloudFormation,software,1
680,Amazon Web Services AWS software,software,1
682,Active Listening,essential,1
682,Speaking,essential,1
682,Reading Comprehension,essential,1
682,Critical Thinking,essential,1
682,Monitoring,essential,1
682,Adobe Acrobat,software,1
682,Adobe Creative Cloud software,software,1
682,Bentley MicroStation,software,1
682,Eclipse IDE,software,0
682,Facebook,software,1
683,Critical Thinking,essential,1
683,Reading Comprehension,essential,1
683,Active Listening,essential,1
683,Speaking,essential,1
683,Active Learning,essential,1
683,Amazon DynamoDB,software,1
683,Amazon Elastic Compute Cloud EC2,software,1
683,Amazon Redshift,software,1
683,Amazon Web Services AWS CloudFormation,software,1
683,Amazon Web Services AWS software,software,1
684,Active Listening,essential,0
684,Speaking,essential,0
684,Reading Comprehension,essential,1
684,Critical Thinking,essential,0
684,Monitoring,essential,0
684,Adobe Acrobat,software,0
684,Adobe Creative Cloud software,software,1
684,Bentley MicroStation,software,1
684,Eclipse IDE,software,0
684,Facebook,software,1
686,Reading Comprehension,essential,1
686,Active Listening,essential,1
686,Critical Thinking,essential,0
686,Speaking,essential,0
686,Science,essential,1
686,Google Docs,software,0
686,MEDITECH software,software,1
686,Microsoft Excel,software,0
686,Microsoft Office software,software,0
686,Microsoft Outlook,software,0
689,Critical Thinking,essential,0
689,Speaking,essential,1
689,Monitoring,essential,1
689,Reading Comprehension,essential,1
689,Active Listening,essential,1
689,Adobe Acrobat,software,1
689,Adobe After Effects,software,1
689,Adobe InDesign,software,1
689,Adobe Photoshop,software,1
689,Autodesk AutoCAD,software,1
690,Active Listening,essential,1
690,Speaking,essential,1
690,Reading Comprehension,essential,1
690,Critical Thinking,essential,1
690,Monitoring,essential,1
690,Adobe Acrobat,software,1
690,Adobe Creative Cloud software,software,1
690,Bentley MicroStation,software,1
690,Eclipse IDE,software,1
690,Facebook,software,1
691,Critical Thinking,essential,1
691,Reading Comprehension,essential,1
691,Active Listening,essential,1
691,Speaking,essential,1
691,Active Learning,essential,1
691,Amazon DynamoDB,software,1
691,Amazon Elastic Compute Cloud EC2,software,1
691,Amazon Redshift,software,1
691,Amazon Web Services AWS CloudFormation,software,1
691,Amazon Web Services AWS software,software,1
692,Active Listening,essential,1
692,Speaking,essential,1
692,Reading Comprehension,essential,1
692,Writing,essential,1
692,Active Learning,essential,1
692,Apple macOS,software,1
692,HubSpot software,software,1
692,IBM SPSS Statistics,software,0
692,Microsoft Excel,software,1
692,Microsoft Office software,software,1
698,Speaking,essential,1
698,Reading Comprehension,essential,1
698,Active Listening,essential,0
698,Writing,essential,1
698,Critical Thinking,essential,1
698,Adobe Acrobat,software,1
698,Adobe Creative Cloud software,software,1
698,Adobe Illustrator,software,1
698,Adobe InDesign,software,1
698,Adobe Photoshop,software,0
699,Critical Thinking,essential,1
699,Speaking,essential,1
699,Monitoring,essential,1
699,Reading Comprehension,essential,1
699,Active Listening,essential,1
699,Adobe Acrobat,software,0
699,Adobe After Effects,software,1
699,Adobe InDesign,software,1
699,Adobe Photoshop,software,1
699,Autodesk AutoCAD,software,0
700,Critical Thinking,essential,1
700,Reading Comprehension,essential,1
700,Active Listening,essential,0
700,Speaking,essential,0
700,Active Learning,essential,1
700,Amazon DynamoDB,software,1
700,Amazon Elastic Compute Cloud EC2,software,0
700,Amazon Redshift,software,1
700,Amazon Web Services AWS CloudFormation,software,0
700,Amazon Web Services AWS software,software,0
701,Critical Thinking,essential,1
701,Reading Comprehension,essential,1
701,Active Listening,essential,1
701,Speaking,essential,0
701,Active Learning,essential,1
701,Amazon DynamoDB,software,1
701,Amazon Elastic Compute Cloud EC2,software,1
701,Amazon Redshift,software,0
701,Amazon Web Services AWS CloudFormation,software,1
701,Amazon Web Services AWS software,software,0
702,Critical Thinking,essential,1
702,Reading Comprehension,essential,1
702,Active Listening,essential,1
702,Speaking,essential,1
702,Active Learning,essential,1
702,Amazon DynamoDB,software,1
702,Amazon Elastic Compute Cloud EC2,software,1
702,Amazon Redshift,software,1
702,Amazon Web Services AWS CloudFormation,software,1
702,Amazon Web Services AWS software,software,1
704,Reading Comprehension,essential,1
704,Active Listening,essential,1
704,Critical Thinking,essential,0
704,Speaking,essential,0
704,Science,essential,1
704,Google Docs,software,1
704,MEDITECH software,software,0
704,Microsoft Excel,software,1
704,Microsoft Office software,software,1
704,Microsoft Outlook,software,0
705,Critical Thinking,essential,0
705,Reading Comprehension,essential,1
705,Active Listening,essential,1
705,Speaking,essential,0
705,Active Learning,essential,1
705,Amazon DynamoDB,software,1
705,Amazon Elastic Compute Cloud EC2,software,1
705,Amazon Redshift,software,1
705,Amazon Web Services AWS CloudFormation,software,1
705,Amazon Web Services AWS software,software,0
707,Active Listening,essential,1
707,Speaking,essential,1
707,Reading Comprehension,essential,0
707,Critical Thinking,essential,1
707,Monitoring,essential,0
707,Adobe Acrobat,software,0
707,Adobe Creative Cloud software,software,1
707,Bentley MicroStation,software,0
707,Eclipse IDE,software,1
707,Facebook,software,0
709,Active Listening,essential,1
709,Speaking,essential,0
709,Reading Comprehension,essential,0
709,Critical Thinking,essential,1
709,Monitoring,essential,1
709,Adobe Acrobat,software,0
709,Adobe Creative Cloud software,software,0
709,Bentley MicroStation,software,1
709,Eclipse IDE,software,1
709,Facebook,software,1
710,Critical Thinking,essential,1
710,Reading Comprehension,essential,1
710,Active Listening,essential,1
710,Speaking,essential,1
710,Active Learning,essential,1
710,Amazon DynamoDB,software,1
710,Amazon Elastic Compute Cloud EC2,software,1
710,Amazon Redshift,software,1
710,Amazon Web Services AWS CloudFormation,software,1
710,Amazon Web Services AWS software,software,1
712,Active Listening,essential,1
712,Speaking,essential,1
712,Reading Comprehension,essential,0
712,Critical Thinking,essential,1
712,Monitoring,essential,1
712,Adobe Acrobat,software,1
712,Adobe Creative Cloud software,software,0
712,Bentley MicroStation,software,0
712,Eclipse IDE,software,1
712,Facebook,software,1
714,Active Listening,essential,1
714,Speaking,essential,0
714,Reading Comprehension,essential,1
714,Critical Thinking,essential,1
714,Monitoring,essential,1
714,Adobe Acrobat,software,1
714,Adobe Creative Cloud software,software,1
714,Bentley MicroStation,software,0
714,Eclipse IDE,software,1
714,Facebook,software,1
715,Critical Thinking,essential,1
715,Reading Comprehension,essential,1
715,Active Listening,essential,0
715,Speaking,essential,1
715,Active Learning,essential,0
715,Amazon DynamoDB,software,0
715,Amazon Elastic Compute Cloud EC2,software,1
715,Amazon Redshift,software,0
715,Amazon Web Services AWS CloudFormation,software,1
715,Amazon Web Services AWS software,software,0
716,Reading Comprehension,essential,1
716,Active Listening,essential,1
716,Critical Thinking,essential,1
716,Speaking,essential,1
716,Science,essential,1
716,Google Docs,software,1
716,MEDITECH software,software,1
716,Microsoft Excel,software,1
716,Microsoft Office software,software,1
716,Microsoft Outlook,software,1
717,Active Listening,essential,1
717,Speaking,essential,1
717,Reading Comprehension,essential,1
717,Writing,essential,1
717,Active Learning,essential,1
717,Apple macOS,software,1
717,HubSpot software,software,1
717,IBM SPSS Statistics,software,1
717,Microsoft Excel,software,1
717,Microsoft Office software,software,1
720,Active Listening,essential,0
720,Speaking,essential,0
720,Reading Comprehension,essential,0
720,Critical Thinking,essential,1
720,Monitoring,essential,1
720,Adobe Acrobat,software,1
720,Adobe Creative Cloud software,software,1
720,Bentley MicroStation,software,1
720,Eclipse IDE,software,1
720,Facebook,software,1
721,Active Listening,essential,0
721,Speaking,essential,0
721,Reading Comprehension,essential,1
721,Writing,essential,1
721,Active Learning,essential,1
721,Apple macOS,software,1
721,HubSpot software,software,1
721,IBM SPSS Statistics,software,1
721,Microsoft Excel,software,1
721,Microsoft Office software,software,1
722,Active Listening,essential,0
722,Speaking,essential,1
722,Reading Comprehension,essential,1
722,Critical Thinking,essential,1
722,Monitoring,essential,1
722,Adobe Acrobat,software,1
722,Adobe Creative Cloud software,software,1
722,Bentley MicroStation,software,0
722,Eclipse IDE,software,0
722,Facebook,software,1
723,Active Listening,essential,1
723,Speaking,essential,0
723,Reading Comprehension,essential,1
723,Critical Thinking,essential,1
723,Monitoring,essential,1
723,Adobe Acrobat,software,1
723,Adobe Creative Cloud software,software,1
723,Bentley MicroStation,software,1
723,Eclipse IDE,software,1
723,Facebook,software,0
724,Active Listening,essential,1
724,Speaking,essential,1
724,Reading Comprehension,essential,1
724,Writing,essential,1
724,Active Learning,essential,1
724,Apple macOS,software,1
724,HubSpot software,software,1
724,IBM SPSS Statistics,software,1
724,Microsoft Excel,software,1
724,Microsoft Office software,software,1
725,Critical Thinking,essential,1
725,Speaking,essential,1
725,Monitoring,essential,1
725,Reading Comprehension,essential,1
725,Active Listening,essential,1
725,Adobe Acrobat,software,1
725,Adobe After Effects,software,1
725,Adobe InDesign,software,1
725,Adobe Photoshop,software,1
725,Autodesk AutoCAD,software,1
727,Science,essential,1
727,Reading Comprehension,essential,1
727,Active Listening,essential,1
727,Critical Thinking,essential,1
727,Monitoring,essential,1
727,Adobe Acrobat,software,1
727,Adobe Photoshop,software,1
727,ESRI ArcGIS software,software,1
727,IBM SPSS Statistics,software,1
727,Microsoft Access,software,1
728,Active Listening,essential,1
728,Speaking,essential,1
728,Reading Comprehension,essential,1
728,Critical Thinking,essential,1
728,Monitoring,essential,0
728,Adobe Acrobat,software,1
728,Adobe Creative Cloud software,software,0
728,Bentley MicroStation,software,1
728,Eclipse IDE,software,1
728,Facebook,software,1
729,Active Listening,essential,1
729,Speaking,essential,1
729,Reading Comprehension,essential,1
729,Critical Thinking,essential,1
729,Monitoring,essential,1
729,Adobe Acrobat,software,1
729,Adobe Creative Cloud software,software,1
729,Bentley MicroStation,software,1
729,Eclipse IDE,software,1
729,Facebook,software,1
730,Science,essential,0
730,Reading Comprehension,essential,0
730,Active Listening,essential,1
730,Critical Thinking,essential,0
730,Monitoring,essential,1
730,Adobe Acrobat,software,1
730,Adobe Photoshop,software,1
730,ESRI ArcGIS software,software,1
730,IBM SPSS Statistics,software,0
730,Microsoft Access,software,0
731,N/A - Department-level analysis only,N/A,0
732,Active Listening,essential,1
732,Speaking,essential,1
732,Reading Comprehension,essential,0
732,Critical Thinking,essential,1
732,Monitoring,essential,0
732,Adobe Acrobat,software,1
732,Adobe Creative Cloud software,software,0
732,Bentley MicroStation,software,0
732,Eclipse IDE,software,0
732,Facebook,software,0
733,Critical Thinking,essential,1
733,Speaking,essential,1
733,Monitoring,essential,1
733,Reading Comprehension,essential,1
733,Active Listening,essential,1
733,Adobe Acrobat,software,1
733,Adobe After Effects,software,1
733,Adobe InDesign,software,1
733,Adobe Photoshop,software,1
733,Autodesk AutoCAD,software,1
734,N/A - Department-level analysis only,N/A,0
738,Active Listening,essential,1
738,Speaking,essential,1
738,Reading Comprehension,essential,1
738,Writing,essential,0
738,Active Learning,essential,1
738,Apple macOS,software,0
738,HubSpot software,software,1
738,IBM SPSS Statistics,software,0
738,Microsoft Excel,software,1
738,Microsoft Office software,software,0
741,Critical Thinking,essential,1
741,Reading Comprehension,essential,1
741,Active Listening,essential,1
741,Speaking,essential,1
741,Active Learning,essential,1
741,Amazon DynamoDB,software,1
741,Amazon Elastic Compute Cloud EC2,software,0
741,Amazon Redshift,software,1
741,Amazon Web Services AWS CloudFormation,software,0
741,Amazon Web Services AWS software,software,1
742,Science,essential,1
742,Reading Comprehension,essential,0
742,Active Listening,essential,1
742,Critical Thinking,essential,1
742,Monitoring,essential,1
742,Adobe Acrobat,software,1
742,Adobe Photoshop,software,1
742,ESRI ArcGIS software,software,1
742,IBM SPSS Statistics,software,1
742,Microsoft Access,software,1
743,Critical Thinking,essential,0
743,Speaking,essential,1
743,Monitoring,essential,0
743,Reading Comprehension,essential,0
743,Active Listening,essential,0
743,Adobe Acrobat,software,1
743,Adobe After Effects,software,0
743,Adobe InDesign,software,0
743,Adobe Photoshop,software,0
743,Autodesk AutoCAD,software,0
744,Reading Comprehension,essential,0
744,Active Listening,essential,1
744,Critical Thinking,essential,1
744,Speaking,essential,1
744,Science,essential,1
744,Google Docs,software,0
744,MEDITECH software,software,1
744,Microsoft Excel,software,1
744,Microsoft Office software,software,0
744,Microsoft Outlook,software,1
746,Active Listening,essential,1
746,Speaking,essential,1
746,Reading Comprehension,essential,1
746,Critical Thinking,essential,1
746,Monitoring,essential,1
746,Adobe Acrobat,software,1
746,Adobe Creative Cloud software,software,1
746,Bentley MicroStation,software,1
746,Eclipse IDE,software,1
746,Facebook,software,1
747,Active Listening,essential,1
747,Speaking,essential,1
747,Reading Comprehension,essential,1
747,Critical Thinking,essential,1
747,Monitoring,essential,1
747,Adobe Acrobat,software,1
747,Adobe Creative Cloud software,software,1
747,Bentley MicroStation,software,1
747,Eclipse IDE,software,1
747,Facebook,software,0
749,Active Listening,essential,0
749,Speaking,essential,1
749,Reading Comprehension,essential,0
749,Writing,essential,0
749,Active Learning,essential,0
749,Apple macOS,software,1
749,HubSpot software,software,1
749,IBM SPSS Statistics,software,1
749,Microsoft Excel,software,0
749,Microsoft Office software,software,1
752,Critical Thinking,essential,1
752,Reading Comprehension,essential,0
752,Active Listening,essential,0
752,Speaking,essential,0
752,Active Learning,essential,1
752,Amazon DynamoDB,software,1
752,Amazon Elastic Compute Cloud EC2,software,0
752,Amazon Redshift,software,0
752,Amazon Web Services AWS CloudFormation,software,0
752,Amazon Web Services AWS software,software,0
754,Active Listening,essential,0
754,Speaking,essential,1
754,Reading Comprehension,essential,1
754,Critical Thinking,essential,0
754,Monitoring,essential,1
754,Adobe Acrobat,software,1
754,Adobe Creative Cloud software,software,1
754,Bentley MicroStation,software,1
754,Eclipse IDE,software,1
754,Facebook,software,1
757,Active Listening,essential,1
757,Speaking,essential,0
757,Reading Comprehension,essential,1
757,Writing,essential,1
757,Active Learning,essential,1
757,Apple macOS,software,0
757,HubSpot software,software,1
757,IBM SPSS Statistics,software,1
757,Microsoft Excel,software,1
757,Microsoft Office software,software,1
758,Reading Comprehension,essential,0
758,Active Listening,essential,0
758,Critical Thinking,essential,1
758,Speaking,essential,1
758,Science,essential,0
758,Google Docs,software,1
758,MEDITECH software,software,1
758,Microsoft Excel,software,1
758,Microsoft Office software,software,0
758,Microsoft Outlook,software,1
760,Speaking,essential,1
760,Reading Comprehension,essential,1
760,Active Listening,essential,1
760,Writing,essential,1
760,Critical Thinking,essential,0
760,Adobe Acrobat,software,1
760,Adobe Creative Cloud software,software,1
760,Adobe Illustrator,software,1
760,Adobe InDesign,software,1
760,Adobe Photoshop,software,1
762,Active Listening,essential,1
762,Speaking,essential,1
762,Reading Comprehension,essential,1
762,Writing,essential,1
762,Active Learning,essential,1
762,Apple macOS,software,1
762,HubSpot software,software,1
762,IBM SPSS Statistics,software,1
762,Microsoft Excel,software,1
762,Microsoft Office software,software,1
763,Critical Thinking,essential,1
763,Reading Comprehension,essential,1
763,Active Listening,essential,0
763,Speaking,essential,1
763,Active Learning,essential,1
763,Amazon DynamoDB,software,1
763,Amazon Elastic Compute Cloud EC2,software,0
763,Amazon Redshift,software,1
763,Amazon Web Services AWS CloudFormation,software,1
763,Amazon Web Services AWS software,software,1
764,Active Listening,essential,1
764,Speaking,essential,1
764,Reading Comprehension,essential,1
764,Writing,essential,1
764,Active Learning,essential,1
764,Apple macOS,software,1
764,HubSpot software,software,1
764,IBM SPSS Statistics,software,1
764,Microsoft Excel,software,0
764,Microsoft Office software,software,0
766,Active Listening,essential,0
766,Speaking,essential,0
766,Reading Comprehension,essential,0
766,Writing,essential,0
766,Active Learning,essential,1
766,Apple macOS,software,0
766,HubSpot software,software,1
766,IBM SPSS Statistics,software,1
766,Microsoft Excel,software,0
766,Microsoft Office software,software,1
769,Reading Comprehension,essential,1
769,Active Listening,essential,0
769,Critical Thinking,essential,1
769,Speaking,essential,1
769,Science,essential,0
769,Google Docs,software,0
769,MEDITECH software,software,1
769,Microsoft Excel,software,1
769,Microsoft Office software,software,1
769,Microsoft Outlook,software,0
771,Active Listening,essential,0
771,Speaking,essential,0
771,Reading Comprehension,essential,1
771,Writing,essential,1
771,Active Learning,essential,0
771,Apple macOS,software,1
771,HubSpot software,software,0
771,IBM SPSS Statistics,software,1
771,Microsoft Excel,software,0
771,Microsoft Office software,software,0
772,Reading Comprehension,essential,1
772,Active Listening,essential,1
772,Critical Thinking,essential,1
772,Speaking,essential,1
772,Science,essential,1
772,Google Docs,software,1
772,MEDITECH software,software,1
772,Microsoft Excel,software,1
772,Microsoft Office software,software,1
772,Microsoft Outlook,software,1
773,Critical Thinking,essential,1
773,Reading Comprehension,essential,1
773,Active Listening,essential,0
773,Speaking,essential,0
773,Active Learning,essential,0
773,Amazon DynamoDB,software,1
773,Amazon Elastic Compute Cloud EC2,software,1
773,Amazon Redshift,software,0
773,Amazon Web Services AWS CloudFormation,software,0
773,Amazon Web Services AWS software,software,1
775,Critical Thinking,essential,0
775,Speaking,essential,1
775,Monitoring,essential,1
775,Reading Comprehension,essential,0
775,Active Listening,essential,1
775,Adobe Acrobat,software,0
775,Adobe After Effects,software,1
775,Adobe InDesign,software,1
775,Adobe Photoshop,software,1
775,Autodesk AutoCAD,software,0
776,N/A - Department-level analysis only,N/A,0
780,Critical Thinking,essential,1
780,Reading Comprehension,essential,1
780,Active Listening,essential,1
780,Speaking,essential,1
780,Active Learning,essential,1
780,Amazon DynamoDB,software,1
780,Amazon Elastic Compute Cloud EC2,software,1
780,Amazon Redshift,software,1
780,Amazon Web Services AWS CloudFormation,software,1
780,Amazon Web Services AWS software,software,0
781,Active Listening,essential,1
781,Speaking,essential,1
781,Reading Comprehension,essential,1
781,Critical Thinking,essential,0
781,Monitoring,essential,1
781,Adobe Acrobat,software,0
781,Adobe Creative Cloud software,software,1
781,Bentley MicroStation,software,1
781,Eclipse IDE,software,0
781,Facebook,software,1
783,Active Listening,essential,1
783,Speaking,essential,1
783,Reading Comprehension,essential,1
783,Writing,essential,0
783,Active Learning,essential,1
783,Apple macOS,software,1
783,HubSpot software,software,1
783,IBM SPSS Statistics,software,1
783,Microsoft Excel,software,1
783,Microsoft Office software,software,1
784,Critical Thinking,essential,1
784,Reading Comprehension,essential,0
784,Active Listening,essential,0
784,Speaking,essential,0
784,Active Learning,essential,0
784,Amazon DynamoDB,software,1
784,Amazon Elastic Compute Cloud EC2,software,0
784,Amazon Redshift,software,1
784,Amazon Web Services AWS CloudFormation,software,0
784,Amazon Web Services AWS software,software,1
785,Active Listening,essential,0
785,Speaking,essential,1
785,Reading Comprehension,essential,1
785,Critical Thinking,essential,0
785,Monitoring,essential,1
785,Adobe Acrobat,software,1
785,Adobe Creative Cloud software,software,1
785,Bentley MicroStation,software,0
785,Eclipse IDE,software,1
785,Facebook,software,1
786,Active Listening,essential,1
786,Speaking,essential,1
786,Reading Comprehension,essential,1
786,Critical Thinking,essential,1
786,Monitoring,essential,1
786,Adobe Acrobat,software,1
786,Adobe Creative Cloud software,software,1
786,Bentley MicroStation,software,0
786,Eclipse IDE,software,1
786,Facebook,software,1
787,N/A - Department-level analysis only,N/A,0
789,Active Listening,essential,1
789,Speaking,essential,1
789,Reading Comprehension,essential,1
789,Critical Thinking,essential,1
789,Monitoring,essential,1
789,Adobe Acrobat,software,1
789,Adobe Creative Cloud software,software,1
789,Bentley MicroStation,software,1
789,Eclipse IDE,software,1
789,Facebook,software,1
791,Critical Thinking,essential,0
791,Reading Comprehension,essential,1
791,Active Listening,essential,1
791,Speaking,essential,0
791,Active Learning,essential,0
791,Amazon DynamoDB,software,1
791,Amazon Elastic Compute Cloud EC2,software,0
791,Amazon Redshift,software,0
791,Amazon Web Services AWS CloudFormation,software,1
791,Amazon Web Services AWS software,software,1
792,Reading Comprehension,essential,1
792,Active Listening,essential,0
792,Critical Thinking,essential,0
792,Speaking,essential,1
792,Science,essential,0
792,Google Docs,software,1
792,MEDITECH software,software,1
792,Microsoft Excel,software,0
792,Microsoft Office software,software,1
792,Microsoft Outlook,software,0
793,Active Listening,essential,1
793,Speaking,essential,1
793,Reading Comprehension,essential,1
793,Writing,essential,1
793,Active Learning,essential,0
793,Apple macOS,software,1
793,HubSpot software,software,1
793,IBM SPSS Statistics,software,1
793,Microsoft Excel,software,0
793,Microsoft Office software,software,1
796,Active Listening,essential,1
796,Speaking,essential,1
796,Reading Comprehension,essential,1
796,Critical Thinking,essential,0
796,Monitoring,essential,1
796,Adobe Acrobat,software,1
796,Adobe Creative Cloud software,software,1
796,Bentley MicroStation,software,1
796,Eclipse IDE,software,0
796,Facebook,software,1
797,Critical Thinking,essential,0
797,Reading Comprehension,essential,1
797,Active Listening,essential,1
797,Speaking,essential,0
797,Active Learning,essential,1
797,Amazon DynamoDB,software,0
797,Amazon Elastic Compute Cloud EC2,software,0
797,Amazon Redshift,software,1
797,Amazon Web Services AWS CloudFormation,software,1
797,Amazon Web Services AWS software,software,0
799,Critical Thinking,essential,1
799,Speaking,essential,1
799,Monitoring,essential,1
799,Reading Comprehension,essential,1
799,Active Listening,essential,0
799,Adobe Acrobat,software,1
799,Adobe After Effects,software,1
799,Adobe InDesign,software,1
799,Adobe Photoshop,software,1
799,Autodesk AutoCAD,software,1
800,Active Listening,essential,0
800,Speaking,essential,1
800,Reading Comprehension,essential,0
800,Critical Thinking,essential,0
800,Monitoring,essential,1
800,Adobe Acrobat,software,1
800,Adobe Creative Cloud software,software,1
800,Bentley MicroStation,software,1
800,Eclipse IDE,software,0
800,Facebook,software,0
802,Critical Thinking,essential,1
802,Reading Comprehension,essential,1
802,Active Listening,essential,0
802,Speaking,essential,0
802,Active Learning,essential,1
802,Amazon DynamoDB,software,1
802,Amazon Elastic Compute Cloud EC2,software,1
802,Amazon Redshift,software,0
802,Amazon Web Services AWS CloudFormation,software,1
802,Amazon Web Services AWS software,software,1
803,Critical Thinking,essential,1
803,Speaking,essential,1
803,Monitoring,essential,1
803,Reading Comprehension,essential,0
803,Active Listening,essential,1
803,Adobe Acrobat,software,1
803,Adobe After Effects,software,1
803,Adobe InDesign,software,1
803,Adobe Photoshop,software,1
803,Autodesk AutoCAD,software,1
804,Critical Thinking,essential,1
804,Reading Comprehension,essential,1
804,Active Listening,essential,1
804,Speaking,essential,1
804,Active Learning,essential,0
804,Amazon DynamoDB,software,0
804,Amazon Elastic Compute Cloud EC2,software,1
804,Amazon Redshift,software,1
804,Amazon Web Services AWS CloudFormation,software,0
804,Amazon Web Services AWS software,software,1
805,Active Listening,essential,0
805,Speaking,essential,0
805,Reading Comprehension,essential,1
805,Writing,essential,1
805,Active Learning,essential,0
805,Apple macOS,software,0
805,HubSpot software,software,1
805,IBM SPSS Statistics,software,1
805,Microsoft Excel,software,1
805,Microsoft Office software,software,0
806,Reading Comprehension,essential,0
806,Active Listening,essential,0
806,Critical Thinking,essential,1
806,Speaking,essential,0
806,Science,essential,0
806,Google Docs,software,1
806,MEDITECH software,software,1
806,Microsoft Excel,software,0
806,Microsoft Office software,software,0
806,Microsoft Outlook,software,1
807,Active Listening,essential,1
807,Speaking,essential,1
807,Reading Comprehension,essential,1
807,Writing,essential,1
807,Active Learning,essential,1
807,Apple macOS,software,0
807,HubSpot software,software,1
807,IBM SPSS Statistics,software,1
807,Microsoft Excel,software,1
807,Microsoft Office software,software,1
808,Active Listening,essential,1
808,Speaking,essential,1
808,Reading Comprehension,essential,1
808,Critical Thinking,essential,0
808,Monitoring,essential,1
808,Adobe Acrobat,software,0
808,Adobe Creative Cloud software,software,0
808,Bentley MicroStation,software,1
808,Eclipse IDE,software,0
808,Facebook,software,1
809,N/A - Department-level analysis only,N/A,0
811,Reading Comprehension,essential,1
811,Active Listening,essential,0
811,Critical Thinking,essential,1
811,Speaking,essential,1
811,Science,essential,0
811,Google Docs,software,0
811,MEDITECH software,software,0
811,Microsoft Excel,software,0
811,Microsoft Office software,software,0
811,Microsoft Outlook,software,0
812,Reading Comprehension,essential,1
812,Active Listening,essential,0
812,Critical Thinking,essential,0
812,Speaking,essential,0
812,Science,essential,0
812,Google Docs,software,1
812,MEDITECH software,software,1
812,Microsoft Excel,software,1
812,Microsoft Office software,software,1
812,Microsoft Outlook,software,0
813,Reading Comprehension,essential,1
813,Active Listening,essential,0
813,Critical Thinking,essential,0
813,Speaking,essential,1
813,Science,essential,1
813,Google Docs,software,0
813,MEDITECH software,software,0
813,Microsoft Excel,software,1
813,Microsoft Office software,software,1
813,Microsoft Outlook,software,1
815,Science,essential,0
815,Reading Comprehension,essential,1
815,Active Listening,essential,0
815,Critical Thinking,essential,1
815,Monitoring,essential,1
815,Adobe Acrobat,software,1
815,Adobe Photoshop,software,1
815,ESRI ArcGIS software,software,1
815,IBM SPSS Statistics,software,1
815,Microsoft Access,software,1
816,Reading Comprehension,essential,1
816,Active Listening,essential,1
816,Critical Thinking,essential,0
816,Speaking,essential,0
816,Science,essential,0
816,Google Docs,software,0
816,MEDITECH software,software,0
816,Microsoft Excel,software,1
816,Microsoft Office software,software,0
816,Microsoft Outlook,software,0
817,Science,essential,1
817,Reading Comprehension,essential,1
817,Active Listening,essential,1
817,Critical Thinking,essential,1
817,Monitoring,essential,1
817,Adobe Acrobat,software,1
817,Adobe Photoshop,software,1
817,ESRI ArcGIS software,software,1
817,IBM SPSS Statistics,software,1
817,Microsoft Access,software,1
819,Active Listening,essential,1
819,Speaking,essential,1
819,Reading Comprehension,essential,1
819,Critical Thinking,essential,0
819,Monitoring,essential,1
819,Adobe Acrobat,software,1
819,Adobe Creative Cloud software,software,1
819,Bentley MicroStation,software,0
819,Eclipse IDE,software,1
819,Facebook,software,1
820,N/A - Department-level analysis only,N/A,0
823,Critical Thinking,essential,1
823,Speaking,essential,1
823,Monitoring,essential,1
823,Reading Comprehension,essential,1
823,Active Listening,essential,1
823,Adobe Acrobat,software,1
823,Adobe After Effects,software,1
823,Adobe InDesign,software,1
823,Adobe Photoshop,software,0
823,Autodesk AutoCAD,software,0
824,Critical Thinking,essential,1
824,Reading Comprehension,essential,1
824,Active Listening,essential,1
824,Speaking,essential,1
824,Active Learning,essential,1
824,Amazon DynamoDB,software,1
824,Amazon Elastic Compute Cloud EC2,software,1
824,Amazon Redshift,software,1
824,Amazon Web Services AWS CloudFormation,software,1
824,Amazon Web Services AWS software,software,1
825,Science,essential,1
825,Reading Comprehension,essential,1
825,Active Listening,essential,1
825,Critical Thinking,essential,1
825,Monitoring,essential,1
825,Adobe Acrobat,software,1
825,Adobe Photoshop,software,1
825,ESRI ArcGIS software,software,1
825,IBM SPSS Statistics,software,1
825,Microsoft Access,software,1
826,Critical Thinking,essential,0
826,Reading Comprehension,essential,1
826,Active Listening,essential,0
826,Speaking,essential,0
826,Active Learning,essential,0
826,Amazon DynamoDB,software,0
826,Amazon Elastic Compute Cloud EC2,software,1
826,Amazon Redshift,software,0
826,Amazon Web Services AWS CloudFormation,software,0
826,Amazon Web Services AWS software,software,0
827,Critical Thinking,essential,1
827,Speaking,essential,0
827,Monitoring,essential,1
827,Reading Comprehension,essential,1
827,Active Listening,essential,1
827,Adobe Acrobat,software,1
827,Adobe After Effects,software,1
827,Adobe InDesign,software,0
827,Adobe Photoshop,software,1
827,Autodesk AutoCAD,software,1
828,Critical Thinking,essential,1
828,Reading Comprehension,essential,1
828,Active Listening,essential,1
828,Speaking,essential,1
828,Active Learning,essential,1
828,Amazon DynamoDB,software,1
828,Amazon Elastic Compute Cloud EC2,software,1
828,Amazon Redshift,software,1
828,Amazon Web Services AWS CloudFormation,software,1
828,Amazon Web Services AWS software,software,1
829,Speaking,essential,1
829,Reading Comprehension,essential,0
829,Active Listening,essential,0
829,Writing,essential,0
829,Critical Thinking,essential,1
829,Adobe Acrobat,software,0
829,Adobe Creative Cloud software,software,0
829,Adobe Illustrator,software,0
829,Adobe InDesign,software,1
829,Adobe Photoshop,software,1
830,Critical Thinking,essential,1
830,Speaking,essential,1
830,Monitoring,essential,1
830,Reading Comprehension,essential,1
830,Active Listening,essential,1
830,Adobe Acrobat,software,1
830,Adobe After Effects,software,1
830,Adobe InDesign,software,1
830,Adobe Photoshop,software,1
830,Autodesk AutoCAD,software,1
832,Reading Comprehension,essential,1
832,Active Listening,essential,1
832,Critical Thinking,essential,0
832,Speaking,essential,0
832,Science,essential,1
832,Google Docs,software,1
832,MEDITECH software,software,1
832,Microsoft Excel,software,0
832,Microsoft Office software,software,1
832,Microsoft Outlook,software,1
833,Critical Thinking,essential,1
833,Speaking,essential,0
833,Monitoring,essential,0
833,Reading Comprehension,essential,0
833,Active Listening,essential,0
833,Adobe Acrobat,software,1
833,Adobe After Effects,software,1
833,Adobe InDesign,software,1
833,Adobe Photoshop,software,1
833,Autodesk AutoCAD,software,1
834,Critical Thinking,essential,1
834,Reading Comprehension,essential,1
834,Active Listening,essential,0
834,Speaking,essential,0
834,Active Learning,essential,0
834,Amazon DynamoDB,software,0
834,Amazon Elastic Compute Cloud EC2,software,1
834,Amazon Redshift,software,0
834,Amazon Web Services AWS CloudFormation,software,1
834,Amazon Web Services AWS software,software,0
836,Critical Thinking,essential,1
836,Speaking,essential,0
836,Monitoring,essential,1
836,Reading Comprehension,essential,1
836,Active Listening,essential,0
836,Adobe Acrobat,software,1
836,Adobe After Effects,software,1
836,Adobe InDesign,software,1
836,Adobe Photoshop,software,1
836,Autodesk AutoCAD,software,0
837,Active Listening,essential,0
837,Speaking,essential,1
837,Reading Comprehension,essential,0
837,Writing,essential,1
837,Active Learning,essential,1
837,Apple macOS,software,1
837,HubSpot software,software,0
837,IBM SPSS Statistics,software,0
837,Microsoft Excel,software,0
837,Microsoft Office software,software,1
838,Critical Thinking,essential,1
838,Reading Comprehension,essential,1
838,Active Listening,essential,0
838,Speaking,essential,0
838,Active Learning,essential,1
838,Amazon DynamoDB,software,1
838,Amazon Elastic Compute Cloud EC2,software,1
838,Amazon Redshift,software,1
838,Amazon Web Services AWS CloudFormation,software,0
838,Amazon Web Services AWS software,software,1
840,Active Listening,essential,1
840,Speaking,essential,1
840,Reading Comprehension,essential,1
840,Critical Thinking,essential,0
840,Monitoring,essential,1
840,Adobe Acrobat,software,1
840,Adobe Creative Cloud software,software,1
840,Bentley MicroStation,software,1
840,Eclipse IDE,software,1
840,Facebook,software,1
842,Active Listening,essential,1
842,Speaking,essential,1
842,Reading Comprehension,essential,1
842,Critical Thinking,essential,1
842,Monitoring,essential,1
842,Adobe Acrobat,software,1
842,Adobe Creative Cloud software,software,1
842,Bentley MicroStation,software,1
842,Eclipse IDE,software,1
842,Facebook,software,1
843,Science,essential,1
843,Reading Comprehension,essential,0
843,Active Listening,essential,0
843,Critical Thinking,essential,1
843,Monitoring,essential,1
843,Adobe Acrobat,software,0
843,Adobe Photoshop,software,0
843,ESRI ArcGIS software,software,1
843,IBM SPSS Statistics,software,1
843,Microsoft Access,software,1
844,Science,essential,1
844,Reading Comprehension,essential,0
844,Active Listening,essential,1
844,Critical Thinking,essential,1
844,Monitoring,essential,1
844,Adobe Acrobat,software,1
844,Adobe Photoshop,software,1
844,ESRI ArcGIS software,software,1
844,IBM SPSS Statistics,software,1
844,Microsoft Access,software,1
845,Critical Thinking,essential,1
845,Speaking,essential,1
845,Monitoring,essential,1
845,Reading Comprehension,essential,1
845,Active Listening,essential,1
845,Adobe Acrobat,software,1
845,Adobe After Effects,software,1
845,Adobe InDesign,software,1
845,Adobe Photoshop,software,1
845,Autodesk AutoCAD,software,1
846,Active Listening,essential,1
846,Speaking,essential,0
846,Reading Comprehension,essential,1
846,Critical Thinking,essential,1
846,Monitoring,essential,1
846,Adobe Acrobat,software,1
846,Adobe Creative Cloud software,software,1
846,Bentley MicroStation,software,1
846,Eclipse IDE,software,1
846,Facebook,software,1
847,Speaking,essential,0
847,Reading Comprehension,essential,0
847,Active Listening,essential,1
847,Writing,essential,1
847,Critical Thinking,essential,1
847,Adobe Acrobat,software,1
847,Adobe Creative Cloud software,software,0
847,Adobe Illustrator,software,0
847,Adobe InDesign,software,0
847,Adobe Photoshop,software,0
848,Critical Thinking,essential,1
848,Reading Comprehension,essential,1
848,Active Listening,essential,0
848,Speaking,essential,1
848,Active Learning,essential,1
848,Amazon DynamoDB,software,1
848,Amazon Elastic Compute Cloud EC2,software,1
848,Amazon Redshift,software,0
848,Amazon Web Services AWS CloudFormation,software,1
848,Amazon Web Services AWS software,software,1
850,Critical Thinking,essential,0
850,Reading Comprehension,essential,1
850,Active Listening,essential,0
850,Speaking,essential,1
850,Active Learning,essential,0
850,Amazon DynamoDB,software,1
850,Amazon Elastic Compute Cloud EC2,software,1
850,Amazon Redshift,software,1
850,Amazon Web Services AWS CloudFormation,software,0
850,Amazon Web Services AWS software,software,1
851,N/A - Department-level analysis only,N/A,0
852,Active Listening,essential,1
852,Speaking,essential,1
852,Reading Comprehension,essential,0
852,Writing,essential,1
852,Active Learning,essential,1
852,Apple macOS,software,0
852,HubSpot software,software,1
852,IBM SPSS Statistics,software,0
852,Microsoft Excel,software,1
852,Microsoft Office software,software,1
854,Critical Thinking,essential,1
854,Reading Comprehension,essential,1
854,Active Listening,essential,0
854,Speaking,essential,1
854,Active Learning,essential,0
854,Amazon DynamoDB,software,1
854,Amazon Elastic Compute Cloud EC2,software,1
854,Amazon Redshift,software,1
854,Amazon Web Services AWS CloudFormation,software,0
854,Amazon Web Services AWS software,software,1
855,Active Listening,essential,1
855,Speaking,essential,1
855,Reading Comprehension,essential,1
855,Critical Thinking,essential,1
855,Monitoring,essential,1
855,Adobe Acrobat,software,1
855,Adobe Creative Cloud software,software,1
855,Bentley MicroStation,software,1
855,Eclipse IDE,software,1
855,Facebook,software,1
856,Critical Thinking,essential,1
856,Reading Comprehension,essential,0
856,Active Listening,essential,1
856,Speaking,essential,0
856,Active Learning,essential,1
856,Amazon DynamoDB,software,1
856,Amazon Elastic Compute Cloud EC2,software,1
856,Amazon Redshift,software,1
856,Amazon Web Services AWS CloudFormation,software,1
856,Amazon Web Services AWS software,software,1
857,Active Listening,essential,1
857,Speaking,essential,1
857,Reading Comprehension,essential,1
857,Critical Thinking,essential,1
857,Monitoring,essential,1
857,Adobe Acrobat,software,1
857,Adobe Creative Cloud software,software,1
857,Bentley MicroStation,software,1
857,Eclipse IDE,software,1
857,Facebook,software,1
859,Active Listening,essential,0
859,Speaking,essential,1
859,Reading Comprehension,essential,1
859,Critical Thinking,essential,1
859,Monitoring,essential,1
859,Adobe Acrobat,software,1
859,Adobe Creative Cloud software,software,1
859,Bentley MicroStation,software,1
859,Eclipse IDE,software,1
859,Facebook,software,1
861,Critical Thinking,essential,0
861,Reading Comprehension,essential,1
861,Active Listening,essential,0
861,Speaking,essential,0
861,Active Learning,essential,1
861,Amazon DynamoDB,software,1
861,Amazon Elastic Compute Cloud EC2,software,1
861,Amazon Redshift,software,0
861,Amazon Web Services AWS CloudFormation,software,0
861,Amazon Web Services AWS software,software,1
862,Active Listening,essential,1
862,Speaking,essential,0
862,Reading Comprehension,essential,1
862,Critical Thinking,essential,0
862,Monitoring,essential,0
862,Adobe Acrobat,software,1
862,Adobe Creative Cloud software,software,1
862,Bentley MicroStation,software,1
862,Eclipse IDE,software,1
862,Facebook,software,1
864,Active Listening,essential,0
864,Speaking,essential,0
864,Reading Comprehension,essential,0
864,Critical Thinking,essential,1
864,Monitoring,essential,0
864,Adobe Acrobat,software,0
864,Adobe Creative Cloud software,software,1
864,Bentley MicroStation,software,1
864,Eclipse IDE,software,1
864,Facebook,software,0
865,Critical Thinking,essential,1
865,Reading Comprehension,essential,0
865,Active Listening,essential,1
865,Speaking,essential,0
865,Active Learning,essential,1
865,Amazon DynamoDB,software,1
865,Amazon Elastic Compute Cloud EC2,software,1
865,Amazon Redshift,software,1
865,Amazon Web Services AWS CloudFormation,software,0
865,Amazon Web Services AWS software,software,1
867,Critical Thinking,essential,1
867,Speaking,essential,1
867,Monitoring,essential,1
867,Reading Comprehension,essential,1
867,Active Listening,essential,1
867,Adobe Acrobat,software,0
867,Adobe After Effects,software,1
867,Adobe InDesign,software,1
867,Adobe Photoshop,software,0
867,Autodesk AutoCAD,software,1
868,Active Listening,essential,1
868,Speaking,essential,0
868,Reading Comprehension,essential,0
868,Critical Thinking,essential,0
868,Monitoring,essential,0
868,Adobe Acrobat,software,0
868,Adobe Creative Cloud software,software,1
868,Bentley MicroStation,software,0
868,Eclipse IDE,software,0
868,Facebook,software,1
869,Speaking,essential,1
869,Reading Comprehension,essential,1
869,Active Listening,essential,1
869,Writing,essential,1
869,Critical Thinking,essential,1
869,Adobe Acrobat,software,1
869,Adobe Creative Cloud software,software,1
869,Adobe Illustrator,software,0
869,Adobe InDesign,software,1
869,Adobe Photoshop,software,1
872,Critical Thinking,essential,1
872,Speaking,essential,0
872,Monitoring,essential,0
872,Reading Comprehension,essential,1
872,Active Listening,essential,1
872,Adobe Acrobat,software,1
872,Adobe After Effects,software,1
872,Adobe InDesign,software,0
872,Adobe Photoshop,software,0
872,Autodesk AutoCAD,software,1
874,Reading Comprehension,essential,0
874,Active Listening,essential,1
874,Critical Thinking,essential,0
874,Speaking,essential,0
874,Science,essential,1
874,Google Docs,software,1
874,MEDITECH software,software,0
874,Microsoft Excel,software,1
874,Microsoft Office software,software,1
874,Microsoft Outlook,software,1
875,Critical Thinking,essential,0
875,Reading Comprehension,essential,1
875,Active Listening,essential,0
875,Speaking,essential,1
875,Active Learning,essential,0
875,Amazon DynamoDB,software,0
875,Amazon Elastic Compute Cloud EC2,software,0
875,Amazon Redshift,software,1
875,Amazon Web Services AWS CloudFormation,software,0
875,Amazon Web Services AWS software,software,0
878,Speaking,essential,1
878,Reading Comprehension,essential,1
878,Active Listening,essential,1
878,Writing,essential,1
878,Critical Thinking,essential,0
878,Adobe Acrobat,software,1
878,Adobe Creative Cloud software,software,1
878,Adobe Illustrator,software,0
878,Adobe InDesign,software,1
878,Adobe Photoshop,software,1
879,Active Listening,essential,1
879,Speaking,essential,0
879,Reading Comprehension,essential,0
879,Critical Thinking,essential,0
879,Monitoring,essential,1
879,Adobe Acrobat,software,0
879,Adobe Creative Cloud software,software,1
879,Bentley MicroStation,software,1
879,Eclipse IDE,software,1
879,Facebook,software,1
880,Critical Thinking,essential,1
880,Speaking,essential,1
880,Monitoring,essential,1
880,Reading Comprehension,essential,1
880,Active Listening,essential,1
880,Adobe Acrobat,software,1
880,Adobe After Effects,software,1
880,Adobe InDesign,software,1
880,Adobe Photoshop,software,1
880,Autodesk AutoCAD,software,1
881,Critical Thinking,essential,1
881,Reading Comprehension,essential,1
881,Active Listening,essential,1
881,Speaking,essential,1
881,Active Learning,essential,1
881,Amazon DynamoDB,software,1
881,Amazon Elastic Compute Cloud EC2,software,1
881,Amazon Redshift,software,1
881,Amazon Web Services AWS CloudFormation,software,1
881,Amazon Web Services AWS software,software,1
882,Reading Comprehension,essential,1
882,Active Listening,essential,0
882,Critical Thinking,essential,1
882,Speaking,essential,0
882,Science,essential,1
882,Google Docs,software,1
882,MEDITECH software,software,0
882,Microsoft Excel,software,0
882,Microsoft Office software,software,0
882,Microsoft Outlook,software,1
885,Active Listening,essential,0
885,Speaking,essential,1
885,Reading Comprehension,essential,1
885,Critical Thinking,essential,1
885,Monitoring,essential,1
885,Adobe Acrobat,software,1
885,Adobe Creative Cloud software,software,0
885,Bentley MicroStation,software,1
885,Eclipse IDE,software,0
885,Facebook,software,1
887,Critical Thinking,essential,0
887,Reading Comprehension,essential,1
887,Active Listening,essential,1
887,Speaking,essential,1
887,Active Learning,essential,1
887,Amazon DynamoDB,software,0
887,Amazon Elastic Compute Cloud EC2,software,1
887,Amazon Redshift,software,0
887,Amazon Web Services AWS CloudFormation,software,1
887,Amazon Web Services AWS software,software,1
888,Reading Comprehension,essential,1
888,Active Listening,essential,0
888,Critical Thinking,essential,0
888,Speaking,essential,1
888,Science,essential,1
888,Google Docs,software,1
888,MEDITECH software,software,0
888,Microsoft Excel,software,0
888,Microsoft Office software,software,1
888,Microsoft Outlook,software,1
889,Active Listening,essential,1
889,Speaking,essential,0
889,Reading Comprehension,essential,1
889,Critical Thinking,essential,1
889,Monitoring,essential,1
889,Adobe Acrobat,software,1
889,Adobe Creative Cloud software,software,1
889,Bentley MicroStation,software,1
889,Eclipse IDE,software,1
889,Facebook,software,1
893,Active Listening,essential,1
893,Speaking,essential,1
893,Reading Comprehension,essential,1
893,Writing,essential,0
893,Active Learning,essential,1
893,Apple macOS,software,0
893,HubSpot software,software,0
893,IBM SPSS Statistics,software,1
893,Microsoft Excel,software,1
893,Microsoft Office software,software,1
894,Reading Comprehension,essential,1
894,Active Listening,essential,1
894,Critical Thinking,essential,1
894,Speaking,essential,0
894,Science,essential,0
894,Google Docs,software,1
894,MEDITECH software,software,1
894,Microsoft Excel,software,1
894,Microsoft Office software,software,0
894,Microsoft Outlook,software,0
895,Critical Thinking,essential,1
895,Reading Comprehension,essential,1
895,Active Listening,essential,0
895,Speaking,essential,1
895,Active Learning,essential,1
895,Amazon DynamoDB,software,1
895,Amazon Elastic Compute Cloud EC2,software,1
895,Amazon Redshift,software,1
895,Amazon Web Services AWS CloudFormation,software,0
895,Amazon Web Services AWS software,software,0
896,Active Listening,essential,1
896,Speaking,essential,0
896,Reading Comprehension,essential,1
896,Writing,essential,0
896,Active Learning,essential,1
896,Apple macOS,software,0
896,HubSpot software,software,0
896,IBM SPSS Statistics,software,1
896,Microsoft Excel,software,0
896,Microsoft Office software,software,0
897,Active Listening,essential,0
897,Speaking,essential,1
897,Reading Comprehension,essential,0
897,Critical Thinking,essential,0
897,Monitoring,essential,1
897,Adobe Acrobat,software,0
897,Adobe Creative Cloud software,software,1
897,Bentley MicroStation,software,1
897,Eclipse IDE,software,1
897,Facebook,software,0
899,Critical Thinking,essential,1
899,Speaking,essential,1
899,Monitoring,essential,0
899,Reading Comprehension,essential,1
899,Active Listening,essential,1
899,Adobe Acrobat,software,1
899,Adobe After Effects,software,1
899,Adobe InDesign,software,1
899,Adobe Photoshop,software,1
899,Autodesk AutoCAD,software,1
900,Active Listening,essential,1
900,Speaking,essential,1
900,Reading Comprehension,essential,1
900,Writing,essential,1
900,Active Learning,essential,1
900,Apple macOS,software,1
900,HubSpot software,software,1
900,IBM SPSS Statistics,software,0
900,Microsoft Excel,software,1
900,Microsoft Office software,software,1
901,Science,essential,1
901,Reading Comprehension,essential,1
901,Active Listening,essential,1
901,Critical Thinking,essential,1
901,Monitoring,essential,1
901,Adobe Acrobat,software,0
901,Adobe Photoshop,software,1
901,ESRI ArcGIS software,software,1
901,IBM SPSS Statistics,software,1
901,Microsoft Access,software,1
902,Active Listening,essential,0
902,Speaking,essential,0
902,Reading Comprehension,essential,0
902,Writing,essential,1
902,Active Learning,essential,1
902,Apple macOS,software,0
902,HubSpot software,software,1
902,IBM SPSS Statistics,software,1
902,Microsoft Excel,software,1
902,Microsoft Office software,software,1
903,Active Listening,essential,1
903,Speaking,essential,0
903,Reading Comprehension,essential,0
903,Critical Thinking,essential,1
903,Monitoring,essential,1
903,Adobe Acrobat,software,1
903,Adobe Creative Cloud software,software,0
903,Bentley MicroStation,software,1
903,Eclipse IDE,software,1
903,Facebook,software,1
904,Active Listening,essential,1
904,Speaking,essential,1
904,Reading Comprehension,essential,1
904,Critical Thinking,essential,1
904,Monitoring,essential,1
904,Adobe Acrobat,software,1
904,Adobe Creative Cloud software,software,1
904,Bentley MicroStation,software,1
904,Eclipse IDE,software,1
904,Facebook,software,1
905,N/A - Department-level analysis only,N/A,0
909,Speaking,essential,1
909,Reading Comprehension,essential,1
909,Active Listening,essential,1
909,Writing,essential,1
909,Critical Thinking,essential,0
909,Adobe Acrobat,software,0
909,Adobe Creative Cloud software,software,1
909,Adobe Illustrator,software,1
909,Adobe InDesign,software,0
909,Adobe Photoshop,software,0
910,Speaking,essential,1
910,Reading Comprehension,essential,0
910,Active Listening,essential,1
910,Writing,essential,1
910,Critical Thinking,essential,0
910,Adobe Acrobat,software,1
910,Adobe Creative Cloud software,software,1
910,Adobe Illustrator,software,1
910,Adobe InDesign,software,0
910,Adobe Photoshop,software,0
911,Reading Comprehension,essential,1
911,Active Listening,essential,1
911,Critical Thinking,essential,0
911,Speaking,essential,0
911,Science,essential,1
911,Google Docs,software,0
911,MEDITECH software,software,0
911,Microsoft Excel,software,1
911,Microsoft Office software,software,1
911,Microsoft Outlook,software,1
912,Reading Comprehension,essential,0
912,Active Listening,essential,1
912,Critical Thinking,essential,1
912,Speaking,essential,1
912,Science,essential,1
912,Google Docs,software,1
912,MEDITECH software,software,1
912,Microsoft Excel,software,1
912,Microsoft Office software,software,1
912,Microsoft Outlook,software,1
913,Critical Thinking,essential,1
913,Reading Comprehension,essential,0
913,Active Listening,essential,1
913,Speaking,essential,1
913,Active Learning,essential,1
913,Amazon DynamoDB,software,1
913,Amazon Elastic Compute Cloud EC2,software,0
913,Amazon Redshift,software,1
913,Amazon Web Services AWS CloudFormation,software,0
913,Amazon Web Services AWS software,software,1
916,Active Listening,essential,1
916,Speaking,essential,0
916,Reading Comprehension,essential,1
916,Critical Thinking,essential,1
916,Monitoring,essential,1
916,Adobe Acrobat,software,0
916,Adobe Creative Cloud software,software,1
916,Bentley MicroStation,software,0
916,Eclipse IDE,software,1
916,Facebook,software,0
918,Reading Comprehension,essential,1
918,Active Listening,essential,0
918,Critical Thinking,essential,1
918,Speaking,essential,0
918,Science,essential,1
918,Google Docs,software,1
918,MEDITECH software,software,1
918,Microsoft Excel,software,1
918,Microsoft Office software,software,1
918,Microsoft Outlook,software,0
920,Critical Thinking,essential,0
920,Speaking,essential,1
920,Monitoring,essential,0
920,Reading Comprehension,essential,0
920,Active Listening,essential,1
920,Adobe Acrobat,software,0
920,Adobe After Effects,software,0
920,Adobe InDesign,software,0
920,Adobe Photoshop,software,1
920,Autodesk AutoCAD,software,0
922,Active Listening,essential,1
922,Speaking,essential,1
922,Reading Comprehension,essential,1
922,Writing,essential,0
922,Active Learning,essential,0
922,Apple macOS,software,0
922,HubSpot software,software,1
922,IBM SPSS Statistics,software,1
922,Microsoft Excel,software,1
922,Microsoft Office software,software,1
923,Critical Thinking,essential,1
923,Reading Comprehension,essential,0
923,Active Listening,essential,0
923,Speaking,essential,1
923,Active Learning,essential,1
923,Amazon DynamoDB,software,1
923,Amazon Elastic Compute Cloud EC2,software,1
923,Amazon Redshift,software,0
923,Amazon Web Services AWS CloudFormation,software,0
923,Amazon Web Services AWS software,software,0
924,Active Listening,essential,1
924,Speaking,essential,1
924,Reading Comprehension,essential,1
924,Writing,essential,1
924,Active Learning,essential,1
924,Apple macOS,software,1
924,HubSpot software,software,1
924,IBM SPSS Statistics,software,1
924,Microsoft Excel,software,1
924,Microsoft Office software,software,1
925,Active Listening,essential,1
925,Speaking,essential,1
925,Reading Comprehension,essential,1
925,Writing,essential,1
925,Active Learning,essential,1
925,Apple macOS,software,1
925,HubSpot software,software,0
925,IBM SPSS Statistics,software,0
925,Microsoft Excel,software,1
925,Microsoft Office software,software,0
926,Critical Thinking,essential,1
926,Speaking,essential,1
926,Monitoring,essential,1
926,Reading Comprehension,essential,1
926,Active Listening,essential,1
926,Adobe Acrobat,software,1
926,Adobe After Effects,software,1
926,Adobe InDesign,software,0
926,Adobe Photoshop,software,1
926,Autodesk AutoCAD,software,1
927,Reading Comprehension,essential,1
927,Active Listening,essential,1
927,Critical Thinking,essential,1
927,Speaking,essential,0
927,Science,essential,1
927,Google Docs,software,1
927,MEDITECH software,software,1
927,Microsoft Excel,software,1
927,Microsoft Office software,software,1
927,Microsoft Outlook,software,1
930,Critical Thinking,essential,0
930,Reading Comprehension,essential,1
930,Active Listening,essential,1
930,Speaking,essential,0
930,Active Learning,essential,1
930,Amazon DynamoDB,software,0
930,Amazon Elastic Compute Cloud EC2,software,0
930,Amazon Redshift,software,1
930,Amazon Web Services AWS CloudFormation,software,1
930,Amazon Web Services AWS software,software,1
932,Reading Comprehension,essential,0
932,Active Listening,essential,0
932,Critical Thinking,essential,0
932,Speaking,essential,0
932,Science,essential,0
932,Google Docs,software,1
932,MEDITECH software,software,1
932,Microsoft Excel,software,0
932,Microsoft Office software,software,1
932,Microsoft Outlook,software,1
933,Critical Thinking,essential,0
933,Reading Comprehension,essential,1
933,Active Listening,essential,0
933,Speaking,essential,0
933,Active Learning,essential,1
933,Amazon DynamoDB,software,0
933,Amazon Elastic Compute Cloud EC2,software,1
933,Amazon Redshift,software,1
933,Amazon Web Services AWS CloudFormation,software,1
933,Amazon Web Services AWS software,software,1
934,Reading Comprehension,essential,1
934,Active Listening,essential,1
934,Critical Thinking,essential,1
934,Speaking,essential,1
934,Science,essential,0
934,Google Docs,software,0
934,MEDITECH software,software,1
934,Microsoft Excel,software,1
934,Microsoft Office software,software,1
934,Microsoft Outlook,software,1
936,Active Listening,essential,1
936,Speaking,essential,1
936,Reading Comprehension,essential,1
936,Critical Thinking,essential,1
936,Monitoring,essential,1
936,Adobe Acrobat,software,1
936,Adobe Creative Cloud software,software,1
936,Bentley MicroStation,software,0
936,Eclipse IDE,software,1
936,Facebook,software,1
939,Critical Thinking,essential,0
939,Reading Comprehension,essential,0
939,Active Listening,essential,0
939,Speaking,essential,1
939,Active Learning,essential,1
939,Amazon DynamoDB,software,0
939,Amazon Elastic Compute Cloud EC2,software,0
939,Amazon Redshift,software,0
939,Amazon Web Services AWS CloudFormation,software,0
939,Amazon Web Services AWS software,software,0
940,Active Listening,essential,0
940,Speaking,essential,1
940,Reading Comprehension,essential,1
940,Writing,essential,1
940,Active Learning,essential,0
940,Apple macOS,software,1
940,HubSpot software,software,1
940,IBM SPSS Statistics,software,0
940,Microsoft Excel,software,1
940,Microsoft Office software,software,1
941,Active Listening,essential,1
941,Speaking,essential,1
941,Reading Comprehension,essential,1
941,Writing,essential,1
941,Active Learning,essential,1
941,Apple macOS,software,1
941,HubSpot software,software,1
941,IBM SPSS Statistics,software,1
941,Microsoft Excel,software,0
941,Microsoft Office software,software,1
942,Active Listening,essential,1
942,Speaking,essential,1
942,Reading Comprehension,essential,1
942,Writing,essential,0
942,Active Learning,essential,1
942,Apple macOS,software,1
942,HubSpot software,software,0
942,IBM SPSS Statistics,software,1
942,Microsoft Excel,software,1
942,Microsoft Office software,software,1
944,Reading Comprehension,essential,1
944,Active Listening,essential,1
944,Critical Thinking,essential,1
944,Speaking,essential,1
944,Science,essential,1
944,Google Docs,software,1
944,MEDITECH software,software,1
944,Microsoft Excel,software,1
944,Microsoft Office software,software,1
944,Microsoft Outlook,software,1
945,Critical Thinking,essential,0
945,Reading Comprehension,essential,0
945,Active Listening,essential,0
945,Speaking,essential,0
945,Active Learning,essential,1
945,Amazon DynamoDB,software,0
945,Amazon Elastic Compute Cloud EC2,software,0
945,Amazon Redshift,software,0
945,Amazon Web Services AWS CloudFormation,software,0
945,Amazon Web Services AWS software,software,0
947,Active Listening,essential,1
947,Speaking,essential,1
947,Reading Comprehension,essential,0
947,Critical Thinking,essential,1
947,Monitoring,essential,0
947,Adobe Acrobat,software,0
947,Adobe Creative Cloud software,software,1
947,Bentley MicroStation,software,1
947,Eclipse IDE,software,1
947,Facebook,software,1
949,Critical Thinking,essential,1
949,Reading Comprehension,essential,1
949,Active Listening,essential,1
949,Speaking,essential,1
949,Active Learning,essential,1
949,Amazon DynamoDB,software,1
949,Amazon Elastic Compute Cloud EC2,software,1
949,Amazon Redshift,software,1
949,Amazon Web Services AWS CloudFormation,software,1
949,Amazon Web Services AWS software,software,1
950,Science,essential,1
950,Reading Comprehension,essential,1
950,Active Listening,essential,1
950,Critical Thinking,essential,1
950,Monitoring,essential,1
950,Adobe Acrobat,software,1
950,Adobe Photoshop,software,1
950,ESRI ArcGIS software,software,1
950,IBM SPSS Statistics,software,1
950,Microsoft Access,software,1
951,Reading Comprehension,essential,0
951,Active Listening,essential,1
951,Critical Thinking,essential,1
951,Speaking,essential,1
951,Science,essential,1
951,Google Docs,software,1
951,MEDITECH software,software,0
951,Microsoft Excel,software,1
951,Microsoft Office software,software,1
951,Microsoft Outlook,software,1
952,Active Listening,essential,1
952,Speaking,essential,0
952,Reading Comprehension,essential,0
952,Writing,essential,0
952,Active Learning,essential,1
952,Apple macOS,software,0
952,HubSpot software,software,1
952,IBM SPSS Statistics,software,1
952,Microsoft Excel,software,0
952,Microsoft Office software,software,1
954,Active Listening,essential,1
954,Speaking,essential,0
954,Reading Comprehension,essential,0
954,Critical Thinking,essential,0
954,Monitoring,essential,1
954,Adobe Acrobat,software,1
954,Adobe Creative Cloud software,software,1
954,Bentley MicroStation,software,0
954,Eclipse IDE,software,0
954,Facebook,software,0
956,Active Listening,essential,1
956,Speaking,essential,1
956,Reading Comprehension,essential,1
956,Critical Thinking,essential,1
956,Monitoring,essential,0
956,Adobe Acrobat,software,0
956,Adobe Creative Cloud software,software,1
956,Bentley MicroStation,software,1
956,Eclipse IDE,software,0
956,Facebook,software,1
957,Reading Comprehension,essential,1
957,Active Listening,essential,1
957,Critical Thinking,essential,1
957,Speaking,essential,1
957,Science,essential,1
957,Google Docs,software,1
957,MEDITECH software,software,1
957,Microsoft Excel,software,1
957,Microsoft Office software,software,1
957,Microsoft Outlook,software,1
958,Reading Comprehension,essential,1
958,Active Listening,essential,1
958,Critical Thinking,essential,1
958,Speaking,essential,1
958,Science,essential,1
958,Google Docs,software,1
958,MEDITECH software,software,1
958,Microsoft Excel,software,1
958,Microsoft Office software,software,0
958,Microsoft Outlook,software,1
959,Active Listening,essential,0
959,Speaking,essential,0
959,Reading Comprehension,essential,1
959,Writing,essential,1
959,Active Learning,essential,1
959,Apple macOS,software,0
959,HubSpot software,software,0
959,IBM SPSS Statistics,software,0
959,Microsoft Excel,software,1
959,Microsoft Office software,software,0
960,Reading Comprehension,essential,1
960,Active Listening,essential,1
960,Critical Thinking,essential,0
960,Speaking,essential,0
960,Science,essential,0
960,Google Docs,software,1
960,MEDITECH software,software,0
960,Microsoft Excel,software,1
960,Microsoft Office software,software,1
960,Microsoft Outlook,software,0
961,Active Listening,essential,1
961,Speaking,essential,0
961,Reading Comprehension,essential,1
961,Writing,essential,0
961,Active Learning,essential,1
961,Apple macOS,software,0
961,HubSpot software,software,1
961,IBM SPSS Statistics,software,1
961,Microsoft Excel,software,1
961,Microsoft Office software,software,0
964,Critical Thinking,essential,1
964,Reading Comprehension,essential,1
964,Active Listening,essential,0
964,Speaking,essential,1
964,Active Learning,essential,1
964,Amazon DynamoDB,software,1
964,Amazon Elastic Compute Cloud EC2,software,1
964,Amazon Redshift,software,0
964,Amazon Web Services AWS CloudFormation,software,0
964,Amazon Web Services AWS software,software,0
966,Critical Thinking,essential,0
966,Speaking,essential,1
966,Monitoring,essential,1
966,Reading Comprehension,essential,1
966,Active Listening,essential,1
966,Adobe Acrobat,software,1
966,Adobe After Effects,software,0
966,Adobe InDesign,software,1
966,Adobe Photoshop,software,1
966,Autodesk AutoCAD,software,1
967,Active Listening,essential,1
967,Speaking,essential,1
967,Reading Comprehension,essential,1
967,Critical Thinking,essential,1
967,Monitoring,essential,1
967,Adobe Acrobat,software,1
967,Adobe Creative Cloud software,software,1
967,Bentley MicroStation,software,1
967,Eclipse IDE,software,1
967,Facebook,software,1
969,Active Listening,essential,1
969,Speaking,essential,1
969,Reading Comprehension,essential,0
969,Writing,essential,1
969,Active Learning,essential,1
969,Apple macOS,software,1
969,HubSpot software,software,0
969,IBM SPSS Statistics,software,1
969,Microsoft Excel,software,1
969,Microsoft Office software,software,1
970,Active Listening,essential,1
970,Speaking,essential,0
970,Reading Comprehension,essential,1
970,Critical Thinking,essential,1
970,Monitoring,essential,1
970,Adobe Acrobat,software,1
970,Adobe Creative Cloud software,software,1
970,Bentley MicroStation,software,1
970,Eclipse IDE,software,1
970,Facebook,software,1
972,Reading Comprehension,essential,1
972,Active Listening,essential,1
972,Critical Thinking,essential,1
972,Speaking,essential,1
972,Science,essential,1
972,Google Docs,software,1
972,MEDITECH software,software,1
972,Microsoft Excel,software,1
972,Microsoft Office software,software,1
972,Microsoft Outlook,software,1
974,Active Listening,essential,1
974,Speaking,essential,0
974,Reading Comprehension,essential,1
974,Writing,essential,0
974,Active Learning,essential,0
974,Apple macOS,software,0
974,HubSpot software,software,1
974,IBM SPSS Statistics,software,1
974,Microsoft Excel,software,1
974,Microsoft Office software,software,1
975,Active Listening,essential,1
975,Speaking,essential,1
975,Reading Comprehension,essential,1
975,Critical Thinking,essential,1
975,Monitoring,essential,1
975,Adobe Acrobat,software,1
975,Adobe Creative Cloud software,software,0
975,Bentley MicroStation,software,1
975,Eclipse IDE,software,1
975,Facebook,software,0
976,N/A - Department-level analysis only,N/A,0
977,Critical Thinking,essential,0
977,Reading Comprehension,essential,1
977,Active Listening,essential,1
977,Speaking,essential,1
977,Active Learning,essential,0
977,Amazon DynamoDB,software,1
977,Amazon Elastic Compute Cloud EC2,software,1
977,Amazon Redshift,software,1
977,Amazon Web Services AWS CloudFormation,software,1
977,Amazon Web Services AWS software,software,0
981,N/A - Department-level analysis only,N/A,0
982,Active Listening,essential,1
982,Speaking,essential,1
982,Reading Comprehension,essential,1
982,Critical Thinking,essential,1
982,Monitoring,essential,1
982,Adobe Acrobat,software,0
982,Adobe Creative Cloud software,software,1
982,Bentley MicroStation,software,0
982,Eclipse IDE,software,0
982,Facebook,software,1
983,Active Listening,essential,1
983,Speaking,essential,0
983,Reading Comprehension,essential,0
983,Critical Thinking,essential,0
983,Monitoring,essential,1
983,Adobe Acrobat,software,1
983,Adobe Creative Cloud software,software,0
983,Bentley MicroStation,software,0
983,Eclipse IDE,software,0
983,Facebook,software,1
984,Active Listening,essential,1
984,Speaking,essential,1
984,Reading Comprehension,essential,1
984,Critical Thinking,essential,1
984,Monitoring,essential,1
984,Adobe Acrobat,software,0
984,Adobe Creative Cloud software,software,1
984,Bentley MicroStation,software,1
984,Eclipse IDE,software,1
984,Facebook,software,1
985,Active Listening,essential,1
985,Speaking,essential,0
985,Reading Comprehension,essential,0
985,Critical Thinking,essential,1
985,Monitoring,essential,1
985,Adobe Acrobat,software,1
985,Adobe Creative Cloud software,software,1
985,Bentley MicroStation,software,0
985,Eclipse IDE,software,1
985,Facebook,software,1
986,Active Listening,essential,1
986,Speaking,essential,0
986,Reading Comprehension,essential,0
986,Critical Thinking,essential,1
986,Monitoring,essential,0
986,Adobe Acrobat,software,1
986,Adobe Creative Cloud software,software,0
986,Bentley MicroStation,software,0
986,Eclipse IDE,software,1
986,Facebook,software,1
987,Critical Thinking,essential,1
987,Speaking,essential,1
987,Monitoring,essential,1
987,Reading Comprehension,essential,1
987,Active Listening,essential,1
987,Adobe Acrobat,software,1
987,Adobe After Effects,software,1
987,Adobe InDesign,software,1
987,Adobe Photoshop,software,1
987,Autodesk AutoCAD,software,0
990,Active Listening,essential,1
990,Speaking,essential,1
990,Reading Comprehension,essential,1
990,Critical Thinking,essential,1
990,Monitoring,essential,1
990,Adobe Acrobat,software,1
990,Adobe Creative Cloud software,software,1
990,Bentley MicroStation,software,1
990,Eclipse IDE,software,1
990,Facebook,software,1
991,Critical Thinking,essential,0
991,Reading Comprehension,essential,1
991,Active Listening,essential,1
991,Speaking,essential,0
991,Active Learning,essential,1
991,Amazon DynamoDB,software,0
991,Amazon Elastic Compute Cloud EC2,software,0
991,Amazon Redshift,software,1
991,Amazon Web Services AWS CloudFormation,software,1
991,Amazon Web Services AWS software,software,0
992,N/A - Department-level analysis only,N/A,0
994,Critical Thinking,essential,0
994,Reading Comprehension,essential,0
994,Active Listening,essential,0
994,Speaking,essential,1
994,Active Learning,essential,0
994,Amazon DynamoDB,software,1
994,Amazon Elastic Compute Cloud EC2,software,1
994,Amazon Redshift,software,1
994,Amazon Web Services AWS CloudFormation,software,1
994,Amazon Web Services AWS software,software,0
995,Critical Thinking,essential,1
995,Reading Comprehension,essential,1
995,Active Listening,essential,1
995,Speaking,essential,0
995,Active Learning,essential,0
995,Amazon DynamoDB,software,1
995,Amazon Elastic Compute Cloud EC2,software,1
995,Amazon Redshift,software,1
995,Amazon Web Services AWS CloudFormation,software,0
995,Amazon Web Services AWS software,software,1
996,Reading Comprehension,essential,1
996,Active Listening,essential,1
996,Critical Thinking,essential,1
996,Speaking,essential,0
996,Science,essential,1
996,Google Docs,software,1
996,MEDITECH software,software,1
996,Microsoft Excel,software,1
996,Microsoft Office software,software,0
996,Microsoft Outlook,software,1
997,Science,essential,0
997,Reading Comprehension,essential,0
997,Active Listening,essential,1
997,Critical Thinking,essential,1
997,Monitoring,essential,1
997,Adobe Acrobat,software,0
997,Adobe Photoshop,software,1
997,ESRI ArcGIS software,software,1
997,IBM SPSS Statistics,software,1
997,Microsoft Access,software,0
998,Active Listening,essential,1
998,Speaking,essential,1
998,Reading Comprehension,essential,1
998,Writing,essential,1
998,Active Learning,essential,0
998,Apple macOS,software,1
998,HubSpot software,software,0
998,IBM SPSS Statistics,software,1
998,Microsoft Excel,software,1
998,Microsoft Office software,software,1
999,Science,essential,1
999,Reading Comprehension,essential,1
999,Active Listening,essential,1
999,Critical Thinking,essential,1
999,Monitoring,essential,1
999,Adobe Acrobat,software,1
999,Adobe Photoshop,software,1
999,ESRI ArcGIS software,software,1
999,IBM SPSS Statistics,software,1
999,Microsoft Access,software,1
1001,Reading Comprehension,essential,0
1001,Active Listening,essential,0
1001,Critical Thinking,essential,1
1001,Speaking,essential,0
1001,Science,essential,1
1001,Google Docs,software,1
1001,MEDITECH software,software,0
1001,Microsoft Excel,software,0
1001,Microsoft Office software,software,0
1001,Microsoft Outlook,software,0
1002,Reading Comprehension,essential,1
1002,Active Listening,essential,0
1002,Critical Thinking,essential,1
1002,Speaking,essential,1
1002,Science,essential,1
1002,Google Docs,software,1
1002,MEDITECH software,software,1
1002,Microsoft Excel,software,1
1002,Microsoft Office software,software,1
1002,Microsoft Outlook,software,1
1003,Active Listening,essential,1
1003,Speaking,essential,1
1003,Reading Comprehension,essential,1
1003,Critical Thinking,essential,1
1003,Monitoring,essential,0
1003,Adobe Acrobat,software,0
1003,Adobe Creative Cloud software,software,1
1003,Bentley MicroStation,software,1
1003,Eclipse IDE,software,1
1003,Facebook,software,1
1004,Critical Thinking,essential,1
1004,Reading Comprehension,essential,0
1004,Active Listening,essential,1
1004,Speaking,essential,1
1004,Active Learning,essential,1
1004,Amazon DynamoDB,software,0
1004,Amazon Elastic Compute Cloud EC2,software,1
1004,Amazon Redshift,software,1
1004,Amazon Web Services AWS CloudFormation,software,1
1004,Amazon Web Services AWS software,software,1
1005,Critical Thinking,essential,1
1005,Speaking,essential,1
1005,Monitoring,essential,1
1005,Reading Comprehension,essential,1
1005,Active Listening,essential,1
1005,Adobe Acrobat,software,1
1005,Adobe After Effects,software,1
1005,Adobe InDesign,software,1
1005,Adobe Photoshop,software,1
1005,Autodesk AutoCAD,software,1
1006,Critical Thinking,essential,0
1006,Reading Comprehension,essential,1
1006,Active Listening,essential,0
1006,Speaking,essential,0
1006,Active Learning,essential,0
1006,Amazon DynamoDB,software,0
1006,Amazon Elastic Compute Cloud EC2,software,0
1006,Amazon Redshift,software,1
1006,Amazon Web Services AWS CloudFormation,software,0
1006,Amazon Web Services AWS software,software,1
1007,Critical Thinking,essential,1
1007,Speaking,essential,1
1007,Monitoring,essential,1
1007,Reading Comprehension,essential,1
1007,Active Listening,essential,1
1007,Adobe Acrobat,software,1
1007,Adobe After Effects,software,0
1007,Adobe InDesign,software,1
1007,Adobe Photoshop,software,1
1007,Autodesk AutoCAD,software,0
1009,Critical Thinking,essential,1
1009,Speaking,essential,1
1009,Monitoring,essential,1
1009,Reading Comprehension,essential,0
1009,Active Listening,essential,0
1009,Adobe Acrobat,software,1
1009,Adobe After Effects,software,1
1009,Adobe InDesign,software,1
1009,Adobe Photoshop,software,1
1009,Autodesk AutoCAD,software,1
1010,Reading Comprehension,essential,0
1010,Active Listening,essential,1
1010,Critical Thinking,essential,0
1010,Speaking,essential,1
1010,Science,essential,1
1010,Google Docs,software,1
1010,MEDITECH software,software,1
1010,Microsoft Excel,software,1
1010,Microsoft Office software,software,0
1010,Microsoft Outlook,software,0
1011,Critical Thinking,essential,1
1011,Speaking,essential,1
1011,Monitoring,essential,0
1011,Reading Comprehension,essential,1
1011,Active Listening,essential,1
1011,Adobe Acrobat,software,0
1011,Adobe After Effects,software,0
1011,Adobe InDesign,software,1
1011,Adobe Photoshop,software,1
1011,Autodesk AutoCAD,software,0
1012,Critical Thinking,essential,1
1012,Reading Comprehension,essential,1
1012,Active Listening,essential,0
1012,Speaking,essential,0
1012,Active Learning,essential,0
1012,Amazon DynamoDB,software,0
1012,Amazon Elastic Compute Cloud EC2,software,0
1012,Amazon Redshift,software,1
1012,Amazon Web Services AWS CloudFormation,software,0
1012,Amazon Web Services AWS software,software,0
1013,Critical Thinking,essential,1
1013,Speaking,essential,1
1013,Monitoring,essential,1
1013,Reading Comprehension,essential,1
1013,Active Listening,essential,1
1013,Adobe Acrobat,software,1
1013,Adobe After Effects,software,1
1013,Adobe InDesign,software,1
1013,Adobe Photoshop,software,0
1013,Autodesk AutoCAD,software,1
1014,Active Listening,essential,1
1014,Speaking,essential,1
1014,Reading Comprehension,essential,1
1014,Writing,essential,1
1014,Active Learning,essential,1
1014,Apple macOS,software,1
1014,HubSpot software,software,0
1014,IBM SPSS Statistics,software,1
1014,Microsoft Excel,software,1
1014,Microsoft Office software,software,1
1015,Science,essential,1
1015,Reading Comprehension,essential,1
1015,Active Listening,essential,1
1015,Critical Thinking,essential,1
1015,Monitoring,essential,1
1015,Adobe Acrobat,software,1
1015,Adobe Photoshop,software,1
1015,ESRI ArcGIS software,software,1
1015,IBM SPSS Statistics,software,0
1015,Microsoft Access,software,1
1016,Critical Thinking,essential,1
1016,Reading Comprehension,essential,0
1016,Active Listening,essential,0
1016,Speaking,essential,1
1016,Active Learning,essential,0
1016,Amazon DynamoDB,software,0
1016,Amazon Elastic Compute Cloud EC2,software,0
1016,Amazon Redshift,software,0
1016,Amazon Web Services AWS CloudFormation,software,0
1016,Amazon Web Services AWS software,software,0
1017,Reading Comprehension,essential,0
1017,Active Listening,essential,1
1017,Critical Thinking,essential,1
1017,Speaking,essential,1
1017,Science,essential,1
1017,Google Docs,software,1
1017,MEDITECH software,software,0
1017,Microsoft Excel,software,1
1017,Microsoft Office software,software,1
1017,Microsoft Outlook,software,1
1018,Critical Thinking,essential,1
1018,Speaking,essential,1
1018,Monitoring,essential,1
1018,Reading Comprehension,essential,1
1018,Active Listening,essential,1
1018,Adobe Acrobat,software,1
1018,Adobe After Effects,software,1
1018,Adobe InDesign,software,1
1018,Adobe Photoshop,software,1
1018,Autodesk AutoCAD,software,1
1019,Reading Comprehension,essential,0
1019,Active Listening,essential,1
1019,Critical Thinking,essential,1
1019,Speaking,essential,0
1019,Science,essential,1
1019,Google Docs,software,1
1019,MEDITECH software,software,1
1019,Microsoft Excel,software,0
1019,Microsoft Office software,software,0
1019,Microsoft Outlook,software,0
1022,Active Listening,essential,0
1022,Speaking,essential,0
1022,Reading Comprehension,essential,0
1022,Writing,essential,0
1022,Active Learning,essential,1
1022,Apple macOS,software,0
1022,HubSpot software,software,1
1022,IBM SPSS Statistics,software,1
1022,Microsoft Excel,software,0
1022,Microsoft Office software,software,0
1024,Active Listening,essential,1
1024,Speaking,essential,1
1024,Reading Comprehension,essential,1
1024,Writing,essential,1
1024,Active Learning,essential,1
1024,Apple macOS,software,1
1024,HubSpot software,software,1
1024,IBM SPSS Statistics,software,1
1024,Microsoft Excel,software,1
1024,Microsoft Office software,software,0
1025,Critical Thinking,essential,0
1025,Speaking,essential,1
1025,Monitoring,essential,1
1025,Reading Comprehension,essential,1
1025,Active Listening,essential,0
1025,Adobe Acrobat,software,1
1025,Adobe After Effects,software,1
1025,Adobe InDesign,software,1
1025,Adobe Photoshop,software,1
1025,Autodesk AutoCAD,software,1
1026,Critical Thinking,essential,1
1026,Speaking,essential,1
1026,Monitoring,essential,1
1026,Reading Comprehension,essential,1
1026,Active Listening,essential,1
1026,Adobe Acrobat,software,1
1026,Adobe After Effects,software,1
1026,Adobe InDesign,software,1
1026,Adobe Photoshop,software,1
1026,Autodesk AutoCAD,software,1
1027,Critical Thinking,essential,1
1027,Speaking,essential,0
1027,Monitoring,essential,0
1027,Reading Comprehension,essential,1
1027,Active Listening,essential,1
1027,Adobe Acrobat,software,1
1027,Adobe After Effects,software,1
1027,Adobe InDesign,software,1
1027,Adobe Photoshop,software,0
1027,Autodesk AutoCAD,software,0
1028,Reading Comprehension,essential,1
1028,Active Listening,essential,1
1028,Critical Thinking,essential,1
1028,Speaking,essential,1
1028,Science,essential,0
1028,Google Docs,software,1
1028,MEDITECH software,software,1
1028,Microsoft Excel,software,1
1028,Microsoft Office software,software,0
1028,Microsoft Outlook,software,1
1029,N/A - Department-level analysis only,N/A,0
1030,Reading Comprehension,essential,0
1030,Active Listening,essential,1
1030,Critical Thinking,essential,1
1030,Speaking,essential,1
1030,Science,essential,0
1030,Google Docs,software,0
1030,MEDITECH software,software,1
1030,Microsoft Excel,software,1
1030,Microsoft Office software,software,1
1030,Microsoft Outlook,software,1
1032,Critical Thinking,essential,1
1032,Speaking,essential,0
1032,Monitoring,essential,0
1032,Reading Comprehension,essential,1
1032,Active Listening,essential,1
1032,Adobe Acrobat,software,0
1032,Adobe After Effects,software,0
1032,Adobe InDesign,software,1
1032,Adobe Photoshop,software,1
1032,Autodesk AutoCAD,software,1
1033,Active Listening,essential,1
1033,Speaking,essential,1
1033,Reading Comprehension,essential,1
1033,Writing,essential,0
1033,Active Learning,essential,1
1033,Apple macOS,software,1
1033,HubSpot software,software,1
1033,IBM SPSS Statistics,software,0
1033,Microsoft Excel,software,0
1033,Microsoft Office software,software,0
1034,Active Listening,essential,1
1034,Speaking,essential,0
1034,Reading Comprehension,essential,1
1034,Writing,essential,1
1034,Active Learning,essential,1
1034,Apple macOS,software,1
1034,HubSpot software,software,1
1034,IBM SPSS Statistics,software,0
1034,Microsoft Excel,software,1
1034,Microsoft Office software,software,1
1035,Science,essential,1
1035,Reading Comprehension,essential,1
1035,Active Listening,essential,1
1035,Critical Thinking,essential,1
1035,Monitoring,essential,1
1035,Adobe Acrobat,software,1
1035,Adobe Photoshop,software,1
1035,ESRI ArcGIS software,software,1
1035,IBM SPSS Statistics,software,1
1035,Microsoft Access,software,1
1036,Active Listening,essential,1
1036,Speaking,essential,1
1036,Reading Comprehension,essential,0
1036,Critical Thinking,essential,1
1036,Monitoring,essential,0
1036,Adobe Acrobat,software,0
1036,Adobe Creative Cloud software,software,1
1036,Bentley MicroStation,software,0
1036,Eclipse IDE,software,0
1036,Facebook,software,1
1037,Active Listening,essential,0
1037,Speaking,essential,0
1037,Reading Comprehension,essential,1
1037,Critical Thinking,essential,1
1037,Monitoring,essential,1
1037,Adobe Acrobat,software,0
1037,Adobe Creative Cloud software,software,1
1037,Bentley MicroStation,software,1
1037,Eclipse IDE,software,0
1037,Facebook,software,1
1038,N/A - Department-level analysis only,N/A,0
1039,Active Listening,essential,1
1039,Speaking,essential,1
1039,Reading Comprehension,essential,1
1039,Critical Thinking,essential,1
1039,Monitoring,essential,1
1039,Adobe Acrobat,software,1
1039,Adobe Creative Cloud software,software,1
1039,Bentley MicroStation,software,1
1039,Eclipse IDE,software,1
1039,Facebook,software,0
1040,Active Listening,essential,1
1040,Speaking,essential,1
1040,Reading Comprehension,essential,0
1040,Critical Thinking,essential,1
1040,Monitoring,essential,1
1040,Adobe Acrobat,software,1
1040,Adobe Creative Cloud software,software,1
1040,Bentley MicroStation,software,1
1040,Eclipse IDE,software,1
1040,Facebook,software,1
1042,Reading Comprehension,essential,1
1042,Active Listening,essential,1
1042,Critical Thinking,essential,1
1042,Speaking,essential,1
1042,Science,essential,1
1042,Google Docs,software,1
1042,MEDITECH software,software,1
1042,Microsoft Excel,software,1
1042,Microsoft Office software,software,1
1042,Microsoft Outlook,software,1
1043,Critical Thinking,essential,1
1043,Speaking,essential,1
1043,Monitoring,essential,1
1043,Reading Comprehension,essential,1
1043,Active Listening,essential,1
1043,Adobe Acrobat,software,1
1043,Adobe After Effects,software,1
1043,Adobe InDesign,software,1
1043,Adobe Photoshop,software,1
1043,Autodesk AutoCAD,software,1
1044,Active Listening,essential,0
1044,Speaking,essential,1
1044,Reading Comprehension,essential,1
1044,Writing,essential,1
1044,Active Learning,essential,0
1044,Apple macOS,software,0
1044,HubSpot software,software,0
1044,IBM SPSS Statistics,software,0
1044,Microsoft Excel,software,1
1044,Microsoft Office software,software,0
1045,N/A - Department-level analysis only,N/A,0
1046,Reading Comprehension,essential,1
1046,Active Listening,essential,1
1046,Critical Thinking,essential,0
1046,Speaking,essential,1
1046,Science,essential,1
1046,Google Docs,software,1
1046,MEDITECH software,software,1
1046,Microsoft Excel,software,1
1046,Microsoft Office software,software,1
1046,Microsoft Outlook,software,1
1047,Active Listening,essential,1
1047,Speaking,essential,1
1047,Reading Comprehension,essential,1
1047,Critical Thinking,essential,1
1047,Monitoring,essential,1
1047,Adobe Acrobat,software,1
1047,Adobe Creative Cloud software,software,1
1047,Bentley MicroStation,software,1
1047,Eclipse IDE,software,1
1047,Facebook,software,1
1048,N/A - Department-level analysis only,N/A,0
1049,Speaking,essential,1
1049,Reading Comprehension,essential,0
1049,Active Listening,essential,0
1049,Writing,essential,0
1049,Critical Thinking,essential,1
1049,Adobe Acrobat,software,1
1049,Adobe Creative Cloud software,software,1
1049,Adobe Illustrator,software,0
1049,Adobe InDesign,software,1
1049,Adobe Photoshop,software,1
1050,Active Listening,essential,1
1050,Speaking,essential,1
1050,Reading Comprehension,essential,1
1050,Critical Thinking,essential,1
1050,Monitoring,essential,1
1050,Adobe Acrobat,software,1
1050,Adobe Creative Cloud software,software,1
1050,Bentley MicroStation,software,1
1050,Eclipse IDE,software,1
1050,Facebook,software,1
1052,Reading Comprehension,essential,0
1052,Active Listening,essential,1
1052,Critical Thinking,essential,0
1052,Speaking,essential,1
1052,Science,essential,0
1052,Google Docs,software,1
1052,MEDITECH software,software,0
1052,Microsoft Excel,software,1
1052,Microsoft Office software,software,1
1052,Microsoft Outlook,software,1
1053,Critical Thinking,essential,0
1053,Reading Comprehension,essential,1
1053,Active Listening,essential,0
1053,Speaking,essential,1
1053,Active Learning,essential,1
1053,Amazon DynamoDB,software,1
1053,Amazon Elastic Compute Cloud EC2,software,0
1053,Amazon Redshift,software,1
1053,Amazon Web Services AWS CloudFormation,software,0
1053,Amazon Web Services AWS software,software,0
1055,Active Listening,essential,0
1055,Speaking,essential,0
1055,Reading Comprehension,essential,0
1055,Writing,essential,0
1055,Active Learning,essential,1
1055,Apple macOS,software,0
1055,HubSpot software,software,1
1055,IBM SPSS Statistics,software,0
1055,Microsoft Excel,software,1
1055,Microsoft Office software,software,1
1056,Active Listening,essential,1
1056,Speaking,essential,1
1056,Reading Comprehension,essential,0
1056,Writing,essential,1
1056,Active Learning,essential,1
1056,Apple macOS,software,1
1056,HubSpot software,software,1
1056,IBM SPSS Statistics,software,0
1056,Microsoft Excel,software,1
1056,Microsoft Office software,software,0
1060,Critical Thinking,essential,1
1060,Reading Comprehension,essential,0
1060,Active Listening,essential,1
1060,Speaking,essential,1
1060,Active Learning,essential,0
1060,Amazon DynamoDB,software,1
1060,Amazon Elastic Compute Cloud EC2,software,0
1060,Amazon Redshift,software,0
1060,Amazon Web Services AWS CloudFormation,software,1
1060,Amazon Web Services AWS software,software,1
1061,Science,essential,1
1061,Reading Comprehension,essential,0
1061,Active Listening,essential,1
1061,Critical Thinking,essential,1
1061,Monitoring,essential,1
1061,Adobe Acrobat,software,1
1061,Adobe Photoshop,software,0
1061,ESRI ArcGIS software,software,1
1061,IBM SPSS Statistics,software,1
1061,Microsoft Access,software,0
1062,Active Listening,essential,1
1062,Speaking,essential,1
1062,Reading Comprehension,essential,0
1062,Writing,essential,1
1062,Active Learning,essential,1
1062,Apple macOS,software,1
1062,HubSpot software,software,1
1062,IBM SPSS Statistics,software,1
1062,Microsoft Excel,software,0
1062,Microsoft Office software,software,1
1066,Active Listening,essential,1
1066,Speaking,essential,0
1066,Reading Comprehension,essential,1
1066,Critical Thinking,essential,1
1066,Monitoring,essential,1
1066,Adobe Acrobat,software,0
1066,Adobe Creative Cloud software,software,0
1066,Bentley MicroStation,software,1
1066,Eclipse IDE,software,1
1066,Facebook,software,1
1068,Critical Thinking,essential,0
1068,Reading Comprehension,essential,1
1068,Active Listening,essential,1
1068,Speaking,essential,0
1068,Active Learning,essential,1
1068,Amazon DynamoDB,software,1
1068,Amazon Elastic Compute Cloud EC2,software,1
1068,Amazon Redshift,software,1
1068,Amazon Web Services AWS CloudFormation,software,1
1068,Amazon Web Services AWS software,software,0
1069,Science,essential,1
1069,Reading Comprehension,essential,0
1069,Active Listening,essential,0
1069,Critical Thinking,essential,1
1069,Monitoring,essential,0
1069,Adobe Acrobat,software,0
1069,Adobe Photoshop,software,0
1069,ESRI ArcGIS software,software,0
1069,IBM SPSS Statistics,software,0
1069,Microsoft Access,software,1
1070,Active Listening,essential,1
1070,Speaking,essential,1
1070,Reading Comprehension,essential,1
1070,Critical Thinking,essential,1
1070,Monitoring,essential,1
1070,Adobe Acrobat,software,1
1070,Adobe Creative Cloud software,software,1
1070,Bentley MicroStation,software,1
1070,Eclipse IDE,software,1
1070,Facebook,software,1
1071,Critical Thinking,essential,0
1071,Reading Comprehension,essential,1
1071,Active Listening,essential,0
1071,Speaking,essential,0
1071,Active Learning,essential,1
1071,Amazon DynamoDB,software,0
1071,Amazon Elastic Compute Cloud EC2,software,1
1071,Amazon Redshift,software,1
1071,Amazon Web Services AWS CloudFormation,software,1
1071,Amazon Web Services AWS software,software,1
1073,Critical Thinking,essential,1
1073,Speaking,essential,1
1073,Monitoring,essential,1
1073,Reading Comprehension,essential,1
1073,Active Listening,essential,1
1073,Adobe Acrobat,software,1
1073,Adobe After Effects,software,1
1073,Adobe InDesign,software,1
1073,Adobe Photoshop,software,1
1073,Autodesk AutoCAD,software,1
1074,N/A - Department-level analysis only,N/A,0
1076,Active Listening,essential,1
1076,Speaking,essential,0
1076,Reading Comprehension,essential,1
1076,Critical Thinking,essential,0
1076,Monitoring,essential,1
1076,Adobe Acrobat,software,1
1076,Adobe Creative Cloud software,software,0
1076,Bentley MicroStation,software,0
1076,Eclipse IDE,software,1
1076,Facebook,software,1
1077,Active Listening,essential,1
1077,Speaking,essential,1
1077,Reading Comprehension,essential,0
1077,Writing,essential,0
1077,Active Learning,essential,1
1077,Apple macOS,software,0
1077,HubSpot software,software,0
1077,IBM SPSS Statistics,software,1
1077,Microsoft Excel,software,1
1077,Microsoft Office software,software,0
1079,Reading Comprehension,essential,1
1079,Active Listening,essential,1
1079,Critical Thinking,essential,1
1079,Speaking,essential,1
1079,Science,essential,0
1079,Google Docs,software,1
1079,MEDITECH software,software,1
1079,Microsoft Excel,software,0
1079,Microsoft Office software,software,0
1079,Microsoft Outlook,software,0
1080,Critical Thinking,essential,1
1080,Reading Comprehension,essential,1
1080,Active Listening,essential,1
1080,Speaking,essential,1
1080,Active Learning,essential,1
1080,Amazon DynamoDB,software,1
1080,Amazon Elastic Compute Cloud EC2,software,1
1080,Amazon Redshift,software,1
1080,Amazon Web Services AWS CloudFormation,software,1
1080,Amazon Web Services AWS software,software,1
1081,Critical Thinking,essential,1
1081,Reading Comprehension,essential,1
1081,Active Listening,essential,1
1081,Speaking,essential,1
1081,Active Learning,essential,1
1081,Amazon DynamoDB,software,1
1081,Amazon Elastic Compute Cloud EC2,software,1
1081,Amazon Redshift,software,1
1081,Amazon Web Services AWS CloudFormation,software,0
1081,Amazon Web Services AWS software,software,0
1082,Active Listening,essential,0
1082,Speaking,essential,1
1082,Reading Comprehension,essential,1
1082,Writing,essential,1
1082,Active Learning,essential,1
1082,Apple macOS,software,0
1082,HubSpot software,software,1
1082,IBM SPSS Statistics,software,1
1082,Microsoft Excel,software,0
1082,Microsoft Office software,software,1
1083,Reading Comprehension,essential,1
1083,Active Listening,essential,1
1083,Critical Thinking,essential,1
1083,Speaking,essential,1
1083,Science,essential,1
1083,Google Docs,software,1
1083,MEDITECH software,software,1
1083,Microsoft Excel,software,0
1083,Microsoft Office software,software,0
1083,Microsoft Outlook,software,1
1084,Critical Thinking,essential,0
1084,Speaking,essential,0
1084,Monitoring,essential,1
1084,Reading Comprehension,essential,1
1084,Active Listening,essential,1
1084,Adobe Acrobat,software,1
1084,Adobe After Effects,software,0
1084,Adobe InDesign,software,0
1084,Adobe Photoshop,software,1
1084,Autodesk AutoCAD,software,0
1085,Critical Thinking,essential,1
1085,Reading Comprehension,essential,1
1085,Active Listening,essential,1
1085,Speaking,essential,1
1085,Active Learning,essential,1
1085,Amazon DynamoDB,software,1
1085,Amazon Elastic Compute Cloud EC2,software,1
1085,Amazon Redshift,software,1
1085,Amazon Web Services AWS CloudFormation,software,1
1085,Amazon Web Services AWS software,software,1
1088,Active Listening,essential,1
1088,Speaking,essential,1
1088,Reading Comprehension,essential,1
1088,Writing,essential,1
1088,Active Learning,essential,1
1088,Apple macOS,software,1
1088,HubSpot software,software,1
1088,IBM SPSS Statistics,software,1
1088,Microsoft Excel,software,1
1088,Microsoft Office software,software,1
1092,Active Listening,essential,1
1092,Speaking,essential,0
1092,Reading Comprehension,essential,1
1092,Writing,essential,1
1092,Active Learning,essential,1
1092,Apple macOS,software,1
1092,HubSpot software,software,1
1092,IBM SPSS Statistics,software,1
1092,Microsoft Excel,software,1
1092,Microsoft Office software,software,1
1094,Reading Comprehension,essential,1
1094,Active Listening,essential,1
1094,Critical Thinking,essential,1
1094,Speaking,essential,1
1094,Science,essential,1
1094,Google Docs,software,1
1094,MEDITECH software,software,1
1094,Microsoft Excel,software,1
1094,Microsoft Office software,software,0
1094,Microsoft Outlook,software,0
1096,Critical Thinking,essential,0
1096,Speaking,essential,1
1096,Monitoring,essential,1
1096,Reading Comprehension,essential,1
1096,Active Listening,essential,1
1096,Adobe Acrobat,software,0
1096,Adobe After Effects,software,1
1096,Adobe InDesign,software,1
1096,Adobe Photoshop,software,1
1096,Autodesk AutoCAD,software,1
1097,Critical Thinking,essential,1
1097,Reading Comprehension,essential,1
1097,Active Listening,essential,1
1097,Speaking,essential,1
1097,Active Learning,essential,1
1097,Amazon DynamoDB,software,0
1097,Amazon Elastic Compute Cloud EC2,software,1
1097,Amazon Redshift,software,1
1097,Amazon Web Services AWS CloudFormation,software,1
1097,Amazon Web Services AWS software,software,1
1098,Speaking,essential,0
1098,Reading Comprehension,essential,1
1098,Active Listening,essential,1
1098,Writing,essential,1
1098,Critical Thinking,essential,1
1098,Adobe Acrobat,software,0
1098,Adobe Creative Cloud software,software,1
1098,Adobe Illustrator,software,1
1098,Adobe InDesign,software,1
1098,Adobe Photoshop,software,1
1099,Active Listening,essential,1
1099,Speaking,essential,1
1099,Reading Comprehension,essential,1
1099,Writing,essential,0
1099,Active Learning,essential,1
1099,Apple macOS,software,1
1099,HubSpot software,software,1
1099,IBM SPSS Statistics,software,0
1099,Microsoft Excel,software,1
1099,Microsoft Office software,software,0
1100,Active Listening,essential,1
1100,Speaking,essential,0
1100,Reading Comprehension,essential,0
1100,Critical Thinking,essential,1
1100,Monitoring,essential,1
1100,Adobe Acrobat,software,1
1100,Adobe Creative Cloud software,software,1
1100,Bentley MicroStation,software,1
1100,Eclipse IDE,software,1
1100,Facebook,software,1
1101,Critical Thinking,essential,1
1101,Reading Comprehension,essential,1
1101,Active Listening,essential,1
1101,Speaking,essential,1
1101,Active Learning,essential,1
1101,Amazon DynamoDB,software,1
1101,Amazon Elastic Compute Cloud EC2,software,1
1101,Amazon Redshift,software,1
1101,Amazon Web Services AWS CloudFormation,software,1
1101,Amazon Web Services AWS software,software,1
1102,Reading Comprehension,essential,1
1102,Active Listening,essential,1
1102,Critical Thinking,essential,1
1102,Speaking,essential,1
1102,Science,essential,1
1102,Google Docs,software,0
1102,MEDITECH software,software,0
1102,Microsoft Excel,software,0
1102,Microsoft Office software,software,1
1102,Microsoft Outlook,software,0
1103,Active Listening,essential,0
1103,Speaking,essential,1
1103,Reading Comprehension,essential,1
1103,Writing,essential,0
1103,Active Learning,essential,1
1103,Apple macOS,software,1
1103,HubSpot software,software,1
1103,IBM SPSS Statistics,software,1
1103,Microsoft Excel,software,1
1103,Microsoft Office software,software,0
1105,Active Listening,essential,0
1105,Speaking,essential,0
1105,Reading Comprehension,essential,1
1105,Critical Thinking,essential,0
1105,Monitoring,essential,1
1105,Adobe Acrobat,software,1
1105,Adobe Creative Cloud software,software,1
1105,Bentley MicroStation,software,1
1105,Eclipse IDE,software,1
1105,Facebook,software,1
1106,Reading Comprehension,essential,1
1106,Active Listening,essential,1
1106,Critical Thinking,essential,0
1106,Speaking,essential,1
1106,Science,essential,1
1106,Google Docs,software,1
1106,MEDITECH software,software,1
1106,Microsoft Excel,software,0
1106,Microsoft Office software,software,1
1106,Microsoft Outlook,software,1
1107,Reading Comprehension,essential,0
1107,Active Listening,essential,1
1107,Critical Thinking,essential,0
1107,Speaking,essential,0
1107,Science,essential,1
1107,Google Docs,software,1
1107,MEDITECH software,software,1
1107,Microsoft Excel,software,0
1107,Microsoft Office software,software,0
1107,Microsoft Outlook,software,1
1108,Critical Thinking,essential,1
1108,Reading Comprehension,essential,0
1108,Active Listening,essential,0
1108,Speaking,essential,0
1108,Active Learning,essential,1
1108,Amazon DynamoDB,software,1
1108,Amazon Elastic Compute Cloud EC2,software,0
1108,Amazon Redshift,software,0
1108,Amazon Web Services AWS CloudFormation,software,1
1108,Amazon Web Services AWS software,software,0
1109,N/A - Department-level analysis only,N/A,0
1111,Reading Comprehension,essential,1
1111,Active Listening,essential,1
1111,Critical Thinking,essential,1
1111,Speaking,essential,0
1111,Science,essential,0
1111,Google Docs,software,0
1111,MEDITECH software,software,1
1111,Microsoft Excel,software,1
1111,Microsoft Office software,software,1
1111,Microsoft Outlook,software,0
1113,Active Listening,essential,1
1113,Speaking,essential,0
1113,Reading Comprehension,essential,1
1113,Critical Thinking,essential,1
1113,Monitoring,essential,1
1113,Adobe Acrobat,software,1
1113,Adobe Creative Cloud software,software,1
1113,Bentley MicroStation,software,1
1113,Eclipse IDE,software,0
1113,Facebook,software,0
1114,Active Listening,essential,1
1114,Speaking,essential,1
1114,Reading Comprehension,essential,1
1114,Critical Thinking,essential,1
1114,Monitoring,essential,1
1114,Adobe Acrobat,software,0
1114,Adobe Creative Cloud software,software,1
1114,Bentley MicroStation,software,1
1114,Eclipse IDE,software,1
1114,Facebook,software,1
1115,Critical Thinking,essential,0
1115,Reading Comprehension,essential,1
1115,Active Listening,essential,1
1115,Speaking,essential,0
1115,Active Learning,essential,1
1115,Amazon DynamoDB,software,0
1115,Amazon Elastic Compute Cloud EC2,software,0
1115,Amazon Redshift,software,1
1115,Amazon Web Services AWS CloudFormation,software,0
1115,Amazon Web Services AWS software,software,1
1116,N/A - Department-level analysis only,N/A,0
1117,Active Listening,essential,1
1117,Speaking,essential,1
1117,Reading Comprehension,essential,1
1117,Critical Thinking,essential,1
1117,Monitoring,essential,1
1117,Adobe Acrobat,software,0
1117,Adobe Creative Cloud software,software,1
1117,Bentley MicroStation,software,1
1117,Eclipse IDE,software,1
1117,Facebook,software,1
1118,Active Listening,essential,1
1118,Speaking,essential,1
1118,Reading Comprehension,essential,0
1118,Writing,essential,1
1118,Active Learning,essential,1
1118,Apple macOS,software,1
1118,HubSpot software,software,1
1118,IBM SPSS Statistics,software,1
1118,Microsoft Excel,software,1
1118,Microsoft Office software,software,1
1119,Active Listening,essential,0
1119,Speaking,essential,1
1119,Reading Comprehension,essential,0
1119,Critical Thinking,essential,1
1119,Monitoring,essential,1
1119,Adobe Acrobat,software,1
1119,Adobe Creative Cloud software,software,1
1119,Bentley MicroStation,software,1
1119,Eclipse IDE,software,0
1119,Facebook,software,1
1120,Critical Thinking,essential,1
1120,Reading Comprehension,essential,1
1120,Active Listening,essential,1
1120,Speaking,essential,1
1120,Active Learning,essential,1
1120,Amazon DynamoDB,software,1
1120,Amazon Elastic Compute Cloud EC2,software,1
1120,Amazon Redshift,software,0
1120,Amazon Web Services AWS CloudFormation,software,1
1120,Amazon Web Services AWS software,software,0
1121,Critical Thinking,essential,1
1121,Speaking,essential,1
1121,Monitoring,essential,1
1121,Reading Comprehension,essential,1
1121,Active Listening,essential,1
1121,Adobe Acrobat,software,1
1121,Adobe After Effects,software,1
1121,Adobe InDesign,software,1
1121,Adobe Photoshop,software,1
1121,Autodesk AutoCAD,software,1
1124,N/A - Department-level analysis only,N/A,0
1125,Active Listening,essential,0
1125,Speaking,essential,0
1125,Reading Comprehension,essential,1
1125,Critical Thinking,essential,1
1125,Monitoring,essential,0
1125,Adobe Acrobat,software,0
1125,Adobe Creative Cloud software,software,1
1125,Bentley MicroStation,software,1
1125,Eclipse IDE,software,0
1125,Facebook,software,0
1126,Critical Thinking,essential,0
1126,Speaking,essential,0
1126,Monitoring,essential,1
1126,Reading Comprehension,essential,1
1126,Active Listening,essential,1
1126,Adobe Acrobat,software,0
1126,Adobe After Effects,software,1
1126,Adobe InDesign,software,1
1126,Adobe Photoshop,software,0
1126,Autodesk AutoCAD,software,1
1127,Active Listening,essential,1
1127,Speaking,essential,1
1127,Reading Comprehension,essential,1
1127,Writing,essential,1
1127,Active Learning,essential,1
1127,Apple macOS,software,1
1127,HubSpot software,software,1
1127,IBM SPSS Statistics,software,1
1127,Microsoft Excel,software,1
1127,Microsoft Office software,software,1
1128,Science,essential,1
1128,Reading Comprehension,essential,1
1128,Active Listening,essential,1
1128,Critical Thinking,essential,1
1128,Monitoring,essential,1
1128,Adobe Acrobat,software,1
1128,Adobe Photoshop,software,1
1128,ESRI ArcGIS software,software,1
1128,IBM SPSS Statistics,software,1
1128,Microsoft Access,software,1
1131,Critical Thinking,essential,1
1131,Reading Comprehension,essential,1
1131,Active Listening,essential,1
1131,Speaking,essential,0
1131,Active Learning,essential,1
1131,Amazon DynamoDB,software,1
1131,Amazon Elastic Compute Cloud EC2,software,0
1131,Amazon Redshift,software,1
1131,Amazon Web Services AWS CloudFormation,software,0
1131,Amazon Web Services AWS software,software,0
1132,Reading Comprehension,essential,0
1132,Active Listening,essential,1
1132,Critical Thinking,essential,0
1132,Speaking,essential,1
1132,Science,essential,1
1132,Google Docs,software,1
1132,MEDITECH software,software,1
1132,Microsoft Excel,software,1
1132,Microsoft Office software,software,1
1132,Microsoft Outlook,software,0
1133,Critical Thinking,essential,1
1133,Speaking,essential,1
1133,Monitoring,essential,1
1133,Reading Comprehension,essential,1
1133,Active Listening,essential,1
1133,Adobe Acrobat,software,0
1133,Adobe After Effects,software,0
1133,Adobe InDesign,software,1
1133,Adobe Photoshop,software,1
1133,Autodesk AutoCAD,software,1
1135,Active Listening,essential,1
1135,Speaking,essential,1
1135,Reading Comprehension,essential,1
1135,Writing,essential,0
1135,Active Learning,essential,1
1135,Apple macOS,software,1
1135,HubSpot software,software,1
1135,IBM SPSS Statistics,software,0
1135,Microsoft Excel,software,0
1135,Microsoft Office software,software,0
1136,Critical Thinking,essential,0
1136,Reading Comprehension,essential,1
1136,Active Listening,essential,1
1136,Speaking,essential,1
1136,Active Learning,essential,1
1136,Amazon DynamoDB,software,0
1136,Amazon Elastic Compute Cloud EC2,software,1
1136,Amazon Redshift,software,0
1136,Amazon Web Services AWS CloudFormation,software,1
1136,Amazon Web Services AWS software,software,1
1137,Active Listening,essential,1
1137,Speaking,essential,0
1137,Reading Comprehension,essential,0
1137,Critical Thinking,essential,0
1137,Monitoring,essential,1
1137,Adobe Acrobat,software,0
1137,Adobe Creative Cloud software,software,1
1137,Bentley MicroStation,software,1
1137,Eclipse IDE,software,0
1137,Facebook,software,1
1138,Active Listening,essential,1
1138,Speaking,essential,1
1138,Reading Comprehension,essential,1
1138,Critical Thinking,essential,0
1138,Monitoring,essential,1
1138,Adobe Acrobat,software,1
1138,Adobe Creative Cloud software,software,1
1138,Bentley MicroStation,software,1
1138,Eclipse IDE,software,1
1138,Facebook,software,1
1140,Critical Thinking,essential,1
1140,Speaking,essential,1
1140,Monitoring,essential,0
1140,Reading Comprehension,essential,1
1140,Active Listening,essential,1
1140,Adobe Acrobat,software,1
1140,Adobe After Effects,software,1
1140,Adobe InDesign,software,0
1140,Adobe Photoshop,software,0
1140,Autodesk AutoCAD,software,1
1143,Critical Thinking,essential,0
1143,Reading Comprehension,essential,1
1143,Active Listening,essential,1
1143,Speaking,essential,1
1143,Active Learning,essential,1
1143,Amazon DynamoDB,software,1
1143,Amazon Elastic Compute Cloud EC2,software,0
1143,Amazon Redshift,software,1
1143,Amazon Web Services AWS CloudFormation,software,0
1143,Amazon Web Services AWS software,software,0
1148,Reading Comprehension,essential,1
1148,Active Listening,essential,0
1148,Critical Thinking,essential,1
1148,Speaking,essential,0
1148,Science,essential,0
1148,Google Docs,software,1
1148,MEDITECH software,software,1
1148,Microsoft Excel,software,0
1148,Microsoft Office software,software,1
1148,Microsoft Outlook,software,1
1150,Critical Thinking,essential,1
1150,Speaking,essential,1
1150,Monitoring,essential,1
1150,Reading Comprehension,essential,1
1150,Active Listening,essential,1
1150,Adobe Acrobat,software,1
1150,Adobe After Effects,software,1
1150,Adobe InDesign,software,1
1150,Adobe Photoshop,software,1
1150,Autodesk AutoCAD,software,1
1152,Speaking,essential,1
1152,Reading Comprehension,essential,1
1152,Active Listening,essential,1
1152,Writing,essential,0
1152,Critical Thinking,essential,0
1152,Adobe Acrobat,software,0
1152,Adobe Creative Cloud software,software,1
1152,Adobe Illustrator,software,1
1152,Adobe InDesign,software,1
1152,Adobe Photoshop,software,1
1154,Critical Thinking,essential,1
1154,Reading Comprehension,essential,0
1154,Active Listening,essential,0
1154,Speaking,essential,1
1154,Active Learning,essential,1
1154,Amazon DynamoDB,software,1
1154,Amazon Elastic Compute Cloud EC2,software,0
1154,Amazon Redshift,software,0
1154,Amazon Web Services AWS CloudFormation,software,0
1154,Amazon Web Services AWS software,software,1
1156,Reading Comprehension,essential,0
1156,Active Listening,essential,0
1156,Critical Thinking,essential,0
1156,Speaking,essential,0
1156,Science,essential,0
1156,Google Docs,software,0
1156,MEDITECH software,software,0
1156,Microsoft Excel,software,0
1156,Microsoft Office software,software,1
1156,Microsoft Outlook,software,1
1157,Active Listening,essential,0
1157,Speaking,essential,1
1157,Reading Comprehension,essential,1
1157,Critical Thinking,essential,1
1157,Monitoring,essential,1
1157,Adobe Acrobat,software,0
1157,Adobe Creative Cloud software,software,0
1157,Bentley MicroStation,software,1
1157,Eclipse IDE,software,1
1157,Facebook,software,0
1158,Reading Comprehension,essential,1
1158,Active Listening,essential,0
1158,Critical Thinking,essential,1
1158,Speaking,essential,0
1158,Science,essential,0
1158,Google Docs,software,0
1158,MEDITECH software,software,1
1158,Microsoft Excel,software,0
1158,Microsoft Office software,software,1
1158,Microsoft Outlook,software,1
1160,Reading Comprehension,essential,0
1160,Active Listening,essential,0
1160,Critical Thinking,essential,1
1160,Speaking,essential,1
1160,Science,essential,1
1160,Google Docs,software,1
1160,MEDITECH software,software,1
1160,Microsoft Excel,software,0
1160,Microsoft Office software,software,1
1160,Microsoft Outlook,software,0
1161,Active Listening,essential,1
1161,Speaking,essential,1
1161,Reading Comprehension,essential,1
1161,Writing,essential,1
1161,Active Learning,essential,1
1161,Apple macOS,software,0
1161,HubSpot software,software,1
1161,IBM SPSS Statistics,software,0
1161,Microsoft Excel,software,1
1161,Microsoft Office software,software,0
1162,Critical Thinking,essential,0
1162,Reading Comprehension,essential,0
1162,Active Listening,essential,1
1162,Speaking,essential,0
1162,Active Learning,essential,0
1162,Amazon DynamoDB,software,1
1162,Amazon Elastic Compute Cloud EC2,software,1
1162,Amazon Redshift,software,1
1162,Amazon Web Services AWS CloudFormation,software,0
1162,Amazon Web Services AWS software,software,0
1163,Active Listening,essential,1
1163,Speaking,essential,1
1163,Reading Comprehension,essential,1
1163,Critical Thinking,essential,0
1163,Monitoring,essential,1
1163,Adobe Acrobat,software,1
1163,Adobe Creative Cloud software,software,0
1163,Bentley MicroStation,software,1
1163,Eclipse IDE,software,1
1163,Facebook,software,1
1164,Speaking,essential,1
1164,Reading Comprehension,essential,1
1164,Active Listening,essential,0
1164,Writing,essential,1
1164,Critical Thinking,essential,1
1164,Adobe Acrobat,software,1
1164,Adobe Creative Cloud software,software,1
1164,Adobe Illustrator,software,0
1164,Adobe InDesign,software,1
1164,Adobe Photoshop,software,0
1165,Active Listening,essential,1
1165,Speaking,essential,1
1165,Reading Comprehension,essential,1
1165,Critical Thinking,essential,1
1165,Monitoring,essential,1
1165,Adobe Acrobat,software,1
1165,Adobe Creative Cloud software,software,1
1165,Bentley MicroStation,software,1
1165,Eclipse IDE,software,1
1165,Facebook,software,1
1166,Science,essential,1
1166,Reading Comprehension,essential,1
1166,Active Listening,essential,1
1166,Critical Thinking,essential,1
1166,Monitoring,essential,1
1166,Adobe Acrobat,software,1
1166,Adobe Photoshop,software,1
1166,ESRI ArcGIS software,software,1
1166,IBM SPSS Statistics,software,1
1166,Microsoft Access,software,1
1167,Active Listening,essential,1
1167,Speaking,essential,1
1167,Reading Comprehension,essential,1
1167,Critical Thinking,essential,1
1167,Monitoring,essential,1
1167,Adobe Acrobat,software,1
1167,Adobe Creative Cloud software,software,1
1167,Bentley MicroStation,software,1
1167,Eclipse IDE,software,1
1167,Facebook,software,1
1171,Active Listening,essential,1
1171,Speaking,essential,1
1171,Reading Comprehension,essential,0
1171,Critical Thinking,essential,1
1171,Monitoring,essential,0
1171,Adobe Acrobat,software,1
1171,Adobe Creative Cloud software,software,1
1171,Bentley MicroStation,software,0
1171,Eclipse IDE,software,1
1171,Facebook,software,1
1172,Reading Comprehension,essential,1
1172,Active Listening,essential,1
1172,Critical Thinking,essential,1
1172,Speaking,essential,1
1172,Science,essential,1
1172,Google Docs,software,1
1172,MEDITECH software,software,0
1172,Microsoft Excel,software,1
1172,Microsoft Office software,software,1
1172,Microsoft Outlook,software,1
1173,Reading Comprehension,essential,1
1173,Active Listening,essential,1
1173,Critical Thinking,essential,0
1173,Speaking,essential,1
1173,Science,essential,1
1173,Google Docs,software,1
1173,MEDITECH software,software,0
1173,Microsoft Excel,software,0
1173,Microsoft Office software,software,1
1173,Microsoft Outlook,software,1
1175,Reading Comprehension,essential,1
1175,Active Listening,essential,1
1175,Critical Thinking,essential,1
1175,Speaking,essential,1
1175,Science,essential,1
1175,Google Docs,software,1
1175,MEDITECH software,software,1
1175,Microsoft Excel,software,0
1175,Microsoft Office software,software,0
1175,Microsoft Outlook,software,0
1177,Reading Comprehension,essential,1
1177,Active Listening,essential,1
1177,Critical Thinking,essential,1
1177,Speaking,essential,1
1177,Science,essential,1
1177,Google Docs,software,0
1177,MEDITECH software,software,0
1177,Microsoft Excel,software,1
1177,Microsoft Office software,software,1
1177,Microsoft Outlook,software,1
1179,Active Listening,essential,1
1179,Speaking,essential,1
1179,Reading Comprehension,essential,1
1179,Critical Thinking,essential,1
1179,Monitoring,essential,1
1179,Adobe Acrobat,software,1
1179,Adobe Creative Cloud software,software,1
1179,Bentley MicroStation,software,1
1179,Eclipse IDE,software,1
1179,Facebook,software,1
1180,Critical Thinking,essential,0
1180,Reading Comprehension,essential,1
1180,Active Listening,essential,1
1180,Speaking,essential,1
1180,Active Learning,essential,0
1180,Amazon DynamoDB,software,0
1180,Amazon Elastic Compute Cloud EC2,software,0
1180,Amazon Redshift,software,1
1180,Amazon Web Services AWS CloudFormation,software,1
1180,Amazon Web Services AWS software,software,1
1182,Critical Thinking,essential,1
1182,Speaking,essential,1
1182,Monitoring,essential,0
1182,Reading Comprehension,essential,1
1182,Active Listening,essential,1
1182,Adobe Acrobat,software,1
1182,Adobe After Effects,software,1
1182,Adobe InDesign,software,1
1182,Adobe Photoshop,software,1
1182,Autodesk AutoCAD,software,1
1184,Active Listening,essential,1
1184,Speaking,essential,1
1184,Reading Comprehension,essential,1
1184,Writing,essential,1
1184,Active Learning,essential,1
1184,Apple macOS,software,0
1184,HubSpot software,software,1
1184,IBM SPSS Statistics,software,1
1184,Microsoft Excel,software,1
1184,Microsoft Office software,software,1
1185,Reading Comprehension,essential,0
1185,Active Listening,essential,1
1185,Critical Thinking,essential,0
1185,Speaking,essential,0
1185,Science,essential,0
1185,Google Docs,software,0
1185,MEDITECH software,software,0
1185,Microsoft Excel,software,1
1185,Microsoft Office software,software,0
1185,Microsoft Outlook,software,1
1188,Active Listening,essential,1
1188,Speaking,essential,1
1188,Reading Comprehension,essential,1
1188,Critical Thinking,essential,0
1188,Monitoring,essential,1
1188,Adobe Acrobat,software,0
1188,Adobe Creative Cloud software,software,1
1188,Bentley MicroStation,software,1
1188,Eclipse IDE,software,1
1188,Facebook,software,1
1190,Active Listening,essential,1
1190,Speaking,essential,0
1190,Reading Comprehension,essential,0
1190,Writing,essential,1
1190,Active Learning,essential,1
1190,Apple macOS,software,0
1190,HubSpot software,software,0
1190,IBM SPSS Statistics,software,1
1190,Microsoft Excel,software,1
1190,Microsoft Office software,software,0
1191,N/A - Department-level analysis only,N/A,0
1192,Reading Comprehension,essential,1
1192,Active Listening,essential,1
1192,Critical Thinking,essential,1
1192,Speaking,essential,1
1192,Science,essential,1
1192,Google Docs,software,0
1192,MEDITECH software,software,1
1192,Microsoft Excel,software,1
1192,Microsoft Office software,software,1
1192,Microsoft Outlook,software,1
1193,Critical Thinking,essential,0
1193,Reading Comprehension,essential,1
1193,Active Listening,essential,1
1193,Speaking,essential,1
1193,Active Learning,essential,1
1193,Amazon DynamoDB,software,1
1193,Amazon Elastic Compute Cloud EC2,software,0
1193,Amazon Redshift,software,1
1193,Amazon Web Services AWS CloudFormation,software,1
1193,Amazon Web Services AWS software,software,1
1195,Critical Thinking,essential,0
1195,Reading Comprehension,essential,0
1195,Active Listening,essential,1
1195,Speaking,essential,1
1195,Active Learning,essential,0
1195,Amazon DynamoDB,software,1
1195,Amazon Elastic Compute Cloud EC2,software,0
1195,Amazon Redshift,software,0
1195,Amazon Web Services AWS CloudFormation,software,0
1195,Amazon Web Services AWS software,software,1
1196,Critical Thinking,essential,1
1196,Speaking,essential,1
1196,Monitoring,essential,1
1196,Reading Comprehension,essential,1
1196,Active Listening,essential,1
1196,Adobe Acrobat,software,1
1196,Adobe After Effects,software,1
1196,Adobe InDesign,software,1
1196,Adobe Photoshop,software,1
1196,Autodesk AutoCAD,software,1
1198,Reading Comprehension,essential,1
1198,Active Listening,essential,0
1198,Critical Thinking,essential,0
1198,Speaking,essential,1
1198,Science,essential,1
1198,Google Docs,software,1
1198,MEDITECH software,software,0
1198,Microsoft Excel,software,0
1198,Microsoft Office software,software,0
1198,Microsoft Outlook,software,1
1200,Critical Thinking,essential,0
1200,Reading Comprehension,essential,1
1200,Active Listening,essential,1
1200,Speaking,essential,1
1200,Active Learning,essential,0
1200,Amazon DynamoDB,software,1
1200,Amazon Elastic Compute Cloud EC2,software,1
1200,Amazon Redshift,software,0
1200,Amazon Web Services AWS CloudFormation,software,1
1200,Amazon Web Services AWS software,software,1
1201,N/A - Department-level analysis only,N/A,0
1202,Critical Thinking,essential,0
1202,Reading Comprehension,essential,1
1202,Active Listening,essential,1
1202,Speaking,essential,1
1202,Active Learning,essential,1
1202,Amazon DynamoDB,software,1
1202,Amazon Elastic Compute Cloud EC2,software,1
1202,Amazon Redshift,software,1
1202,Amazon Web Services AWS CloudFormation,software,1
1202,Amazon Web Services AWS software,software,0
1203,Critical Thinking,essential,0
1203,Reading Comprehension,essential,0
1203,Active Listening,essential,1
1203,Speaking,essential,0
1203,Active Learning,essential,1
1203,Amazon DynamoDB,software,1
1203,Amazon Elastic Compute Cloud EC2,software,0
1203,Amazon Redshift,software,0
1203,Amazon Web Services AWS CloudFormation,software,0
1203,Amazon Web Services AWS software,software,0
1204,N/A - Department-level analysis only,N/A,0
1206,Critical Thinking,essential,1
1206,Reading Comprehension,essential,1
1206,Active Listening,essential,0
1206,Speaking,essential,1
1206,Active Learning,essential,1
1206,Amazon DynamoDB,software,0
1206,Amazon Elastic Compute Cloud EC2,software,0
1206,Amazon Redshift,software,0
1206,Amazon Web Services AWS CloudFormation,software,0
1206,Amazon Web Services AWS software,software,0
1207,Speaking,essential,0
1207,Reading Comprehension,essential,1
1207,Active Listening,essential,1
1207,Writing,essential,1
1207,Critical Thinking,essential,1
1207,Adobe Acrobat,software,1
1207,Adobe Creative Cloud software,software,1
1207,Adobe Illustrator,software,1
1207,Adobe InDesign,software,0
1207,Adobe Photoshop,software,1
1210,Critical Thinking,essential,0
1210,Reading Comprehension,essential,0
1210,Active Listening,essential,1
1210,Speaking,essential,0
1210,Active Learning,essential,0
1210,Amazon DynamoDB,software,1
1210,Amazon Elastic Compute Cloud EC2,software,0
1210,Amazon Redshift,software,1
1210,Amazon Web Services AWS CloudFormation,software,0
1210,Amazon Web Services AWS software,software,1
1211,Active Listening,essential,0
1211,Speaking,essential,1
1211,Reading Comprehension,essential,1
1211,Critical Thinking,essential,1
1211,Monitoring,essential,0
1211,Adobe Acrobat,software,0
1211,Adobe Creative Cloud software,software,1
1211,Bentley MicroStation,software,1
1211,Eclipse IDE,software,1
1211,Facebook,software,0
1212,Active Listening,essential,0
1212,Speaking,essential,0
1212,Reading Comprehension,essential,0
1212,Critical Thinking,essential,0
1212,Monitoring,essential,1
1212,Adobe Acrobat,software,0
1212,Adobe Creative Cloud software,software,0
1212,Bentley MicroStation,software,1
1212,Eclipse IDE,software,0
1212,Facebook,software,0
1215,N/A - Department-level analysis only,N/A,0
1216,Reading Comprehension,essential,1
1216,Active Listening,essential,1
1216,Critical Thinking,essential,1
1216,Speaking,essential,1
1216,Science,essential,0
1216,Google Docs,software,1
1216,MEDITECH software,software,1
1216,Microsoft Excel,software,0
1216,Microsoft Office software,software,1
1216,Microsoft Outlook,software,0
1217,Science,essential,0
1217,Reading Comprehension,essential,1
1217,Active Listening,essential,1
1217,Critical Thinking,essential,0
1217,Monitoring,essential,1
1217,Adobe Acrobat,software,1
1217,Adobe Photoshop,software,0
1217,ESRI ArcGIS software,software,1
1217,IBM SPSS Statistics,software,0
1217,Microsoft Access,software,1
1218,Active Listening,essential,1
1218,Speaking,essential,1
1218,Reading Comprehension,essential,0
1218,Critical Thinking,essential,1
1218,Monitoring,essential,0
1218,Adobe Acrobat,software,1
1218,Adobe Creative Cloud software,software,1
1218,Bentley MicroStation,software,1
1218,Eclipse IDE,software,1
1218,Facebook,software,1
1219,Reading Comprehension,essential,0
1219,Active Listening,essential,1
1219,Critical Thinking,essential,0
1219,Speaking,essential,1
1219,Science,essential,0
1219,Google Docs,software,1
1219,MEDITECH software,software,1
1219,Microsoft Excel,software,1
1219,Microsoft Office software,software,1
1219,Microsoft Outlook,software,0
1220,Active Listening,essential,1
1220,Speaking,essential,1
1220,Reading Comprehension,essential,1
1220,Critical Thinking,essential,1
1220,Monitoring,essential,1
1220,Adobe Acrobat,software,1
1220,Adobe Creative Cloud software,software,1
1220,Bentley MicroStation,software,1
1220,Eclipse IDE,software,1
1220,Facebook,software,1
1221,Reading Comprehension,essential,1
1221,Active Listening,essential,1
1221,Critical Thinking,essential,1
1221,Speaking,essential,1
1221,Science,essential,1
1221,Google Docs,software,1
1221,MEDITECH software,software,0
1221,Microsoft Excel,software,1
1221,Microsoft Office software,software,1
1221,Microsoft Outlook,software,0
1224,Reading Comprehension,essential,1
1224,Active Listening,essential,1
1224,Critical Thinking,essential,1
1224,Speaking,essential,0
1224,Science,essential,1
1224,Google Docs,software,1
1224,MEDITECH software,software,1
1224,Microsoft Excel,software,1
1224,Microsoft Office software,software,1
1224,Microsoft Outlook,software,1
1225,Critical Thinking,essential,1
1225,Reading Comprehension,essential,0
1225,Active Listening,essential,1
1225,Speaking,essential,1
1225,Active Learning,essential,1
1225,Amazon DynamoDB,software,1
1225,Amazon Elastic Compute Cloud EC2,software,1
1225,Amazon Redshift,software,1
1225,Amazon Web Services AWS CloudFormation,software,1
1225,Amazon Web Services AWS software,software,1
1226,Active Listening,essential,1
1226,Speaking,essential,1
1226,Reading Comprehension,essential,0
1226,Writing,essential,0
1226,Active Learning,essential,1
1226,Apple macOS,software,1
1226,HubSpot software,software,0
1226,IBM SPSS Statistics,software,1
1226,Microsoft Excel,software,1
1226,Microsoft Office software,software,0
1228,Critical Thinking,essential,1
1228,Speaking,essential,1
1228,Monitoring,essential,1
1228,Reading Comprehension,essential,1
1228,Active Listening,essential,1
1228,Adobe Acrobat,software,1
1228,Adobe After Effects,software,1
1228,Adobe InDesign,software,0
1228,Adobe Photoshop,software,0
1228,Autodesk AutoCAD,software,1
1231,Speaking,essential,0
1231,Reading Comprehension,essential,1
1231,Active Listening,essential,0
1231,Writing,essential,1
1231,Critical Thinking,essential,0
1231,Adobe Acrobat,software,1
1231,Adobe Creative Cloud software,software,1
1231,Adobe Illustrator,software,0
1231,Adobe InDesign,software,1
1231,Adobe Photoshop,software,1
1233,Active Listening,essential,1
1233,Speaking,essential,1
1233,Reading Comprehension,essential,1
1233,Critical Thinking,essential,1
1233,Monitoring,essential,0
1233,Adobe Acrobat,software,1
1233,Adobe Creative Cloud software,software,1
1233,Bentley MicroStation,software,1
1233,Eclipse IDE,software,1
1233,Facebook,software,1
1234,Reading Comprehension,essential,0
1234,Active Listening,essential,0
1234,Critical Thinking,essential,1
1234,Speaking,essential,0
1234,Science,essential,0
1234,Google Docs,software,1
1234,MEDITECH software,software,0
1234,Microsoft Excel,software,1
1234,Microsoft Office software,software,1
1234,Microsoft Outlook,software,0
1235,Critical Thinking,essential,0
1235,Reading Comprehension,essential,1
1235,Active Listening,essential,1
1235,Speaking,essential,1
1235,Active Learning,essential,1
1235,Amazon DynamoDB,software,1
1235,Amazon Elastic Compute Cloud EC2,software,1
1235,Amazon Redshift,software,1
1235,Amazon Web Services AWS CloudFormation,software,1
1235,Amazon Web Services AWS software,software,1
1237,Critical Thinking,essential,0
1237,Speaking,essential,0
1237,Monitoring,essential,1
1237,Reading Comprehension,essential,1
1237,Active Listening,essential,1
1237,Adobe Acrobat,software,1
1237,Adobe After Effects,software,1
1237,Adobe InDesign,software,1
1237,Adobe Photoshop,software,1
1237,Autodesk AutoCAD,software,1
1238,Critical Thinking,essential,1
1238,Reading Comprehension,essential,1
1238,Active Listening,essential,1
1238,Speaking,essential,0
1238,Active Learning,essential,1
1238,Amazon DynamoDB,software,1
1238,Amazon Elastic Compute Cloud EC2,software,1
1238,Amazon Redshift,software,1
1238,Amazon Web Services AWS CloudFormation,software,1
1238,Amazon Web Services AWS software,software,1
1239,Active Listening,essential,0
1239,Speaking,essential,1
1239,Reading Comprehension,essential,1
1239,Critical Thinking,essential,1
1239,Monitoring,essential,1
1239,Adobe Acrobat,software,1
1239,Adobe Creative Cloud software,software,0
1239,Bentley MicroStation,software,1
1239,Eclipse IDE,software,1
1239,Facebook,software,1
1240,Active Listening,essential,1
1240,Speaking,essential,1
1240,Reading Comprehension,essential,0
1240,Critical Thinking,essential,1
1240,Monitoring,essential,1
1240,Adobe Acrobat,software,1
1240,Adobe Creative Cloud software,software,1
1240,Bentley MicroStation,software,1
1240,Eclipse IDE,software,1
1240,Facebook,software,1
1241,Critical Thinking,essential,1
1241,Reading Comprehension,essential,1
1241,Active Listening,essential,1
1241,Speaking,essential,1
1241,Active Learning,essential,1
1241,Amazon DynamoDB,software,1
1241,Amazon Elastic Compute Cloud EC2,software,1
1241,Amazon Redshift,software,1
1241,Amazon Web Services AWS CloudFormation,software,1
1241,Amazon Web Services AWS software,software,1
1242,Science,essential,0
1242,Reading Comprehension,essential,1
1242,Active Listening,essential,1
1242,Critical Thinking,essential,0
1242,Monitoring,essential,1
1242,Adobe Acrobat,software,1
1242,Adobe Photoshop,software,1
1242,ESRI ArcGIS software,software,1
1242,IBM SPSS Statistics,software,1
1242,Microsoft Access,software,1
1243,Active Listening,essential,1
1243,Speaking,essential,1
1243,Reading Comprehension,essential,1
1243,Critical Thinking,essential,1
1243,Monitoring,essential,1
1243,Adobe Acrobat,software,1
1243,Adobe Creative Cloud software,software,1
1243,Bentley MicroStation,software,1
1243,Eclipse IDE,software,1
1243,Facebook,software,1
1244,Critical Thinking,essential,1
1244,Reading Comprehension,essential,1
1244,Active Listening,essential,1
1244,Speaking,essential,1
1244,Active Learning,essential,1
1244,Amazon DynamoDB,software,1
1244,Amazon Elastic Compute Cloud EC2,software,1
1244,Amazon Redshift,software,1
1244,Amazon Web Services AWS CloudFormation,software,0
1244,Amazon Web Services AWS software,software,1
1245,Critical Thinking,essential,0
1245,Speaking,essential,0
1245,Monitoring,essential,1
1245,Reading Comprehension,essential,1
1245,Active Listening,essential,1
1245,Adobe Acrobat,software,0
1245,Adobe After Effects,software,1
1245,Adobe InDesign,software,0
1245,Adobe Photoshop,software,1
1245,Autodesk AutoCAD,software,0
1246,Critical Thinking,essential,1
1246,Reading Comprehension,essential,1
1246,Active Listening,essential,1
1246,Speaking,essential,1
1246,Active Learning,essential,1
1246,Amazon DynamoDB,software,1
1246,Amazon Elastic Compute Cloud EC2,software,1
1246,Amazon Redshift,software,1
1246,Amazon Web Services AWS CloudFormation,software,1
1246,Amazon Web Services AWS software,software,1
1248,Critical Thinking,essential,1
1248,Reading Comprehension,essential,1
1248,Active Listening,essential,1
1248,Speaking,essential,0
1248,Active Learning,essential,0
1248,Amazon DynamoDB,software,0
1248,Amazon Elastic Compute Cloud EC2,software,0
1248,Amazon Redshift,software,1
1248,Amazon Web Services AWS CloudFormation,software,1
1248,Amazon Web Services AWS software,software,1
1249,Critical Thinking,essential,1
1249,Reading Comprehension,essential,0
1249,Active Listening,essential,0
1249,Speaking,essential,1
1249,Active Learning,essential,1
1249,Amazon DynamoDB,software,0
1249,Amazon Elastic Compute Cloud EC2,software,1
1249,Amazon Redshift,software,1
1249,Amazon Web Services AWS CloudFormation,software,1
1249,Amazon Web Services AWS software,software,1
1250,Science,essential,0
1250,Reading Comprehension,essential,1
1250,Active Listening,essential,1
1250,Critical Thinking,essential,1
1250,Monitoring,essential,1
1250,Adobe Acrobat,software,1
1250,Adobe Photoshop,software,1
1250,ESRI ArcGIS software,software,1
1250,IBM SPSS Statistics,software,1
1250,Microsoft Access,software,1
1251,Active Listening,essential,0
1251,Speaking,essential,1
1251,Reading Comprehension,essential,0
1251,Writing,essential,1
1251,Active Learning,essential,1
1251,Apple macOS,software,1
1251,HubSpot software,software,1
1251,IBM SPSS Statistics,software,1
1251,Microsoft Excel,software,1
1251,Microsoft Office software,software,1
1252,Active Listening,essential,1
1252,Speaking,essential,1
1252,Reading Comprehension,essential,1
1252,Writing,essential,1
1252,Active Learning,essential,1
1252,Apple macOS,software,1
1252,HubSpot software,software,1
1252,IBM SPSS Statistics,software,1
1252,Microsoft Excel,software,1
1252,Microsoft Office software,software,1
1254,Active Listening,essential,1
1254,Speaking,essential,1
1254,Reading Comprehension,essential,1
1254,Critical Thinking,essential,1
1254,Monitoring,essential,1
1254,Adobe Acrobat,software,0
1254,Adobe Creative Cloud software,software,1
1254,Bentley MicroStation,software,0
1254,Eclipse IDE,software,0
1254,Facebook,software,1
1255,Science,essential,1
1255,Reading Comprehension,essential,1
1255,Active Listening,essential,0
1255,Critical Thinking,essential,1
1255,Monitoring,essential,1
1255,Adobe Acrobat,software,1
1255,Adobe Photoshop,software,0
1255,ESRI ArcGIS software,software,1
1255,IBM SPSS Statistics,software,1
1255,Microsoft Access,software,1
1256,N/A - Department-level analysis only,N/A,0
1257,Critical Thinking,essential,1
1257,Reading Comprehension,essential,1
1257,Active Listening,essential,1
1257,Speaking,essential,1
1257,Active Learning,essential,0
1257,Amazon DynamoDB,software,1
1257,Amazon Elastic Compute Cloud EC2,software,1
1257,Amazon Redshift,software,1
1257,Amazon Web Services AWS CloudFormation,software,1
1257,Amazon Web Services AWS software,software,1
1258,Reading Comprehension,essential,0
1258,Active Listening,essential,1
1258,Critical Thinking,essential,0
1258,Speaking,essential,1
1258,Science,essential,1
1258,Google Docs,software,1
1258,MEDITECH software,software,1
1258,Microsoft Excel,software,1
1258,Microsoft Office software,software,1
1258,Microsoft Outlook,software,1
1259,Critical Thinking,essential,0
1259,Reading Comprehension,essential,1
1259,Active Listening,essential,1
1259,Speaking,essential,1
1259,Active Learning,essential,1
1259,Amazon DynamoDB,software,0
1259,Amazon Elastic Compute Cloud EC2,software,1
1259,Amazon Redshift,software,0
1259,Amazon Web Services AWS CloudFormation,software,1
1259,Amazon Web Services AWS software,software,1
1260,Active Listening,essential,1
1260,Speaking,essential,1
1260,Reading Comprehension,essential,1
1260,Writing,essential,0
1260,Active Learning,essential,1
1260,Apple macOS,software,1
1260,HubSpot software,software,1
1260,IBM SPSS Statistics,software,1
1260,Microsoft Excel,software,1
1260,Microsoft Office software,software,1
1263,Science,essential,0
1263,Reading Comprehension,essential,1
1263,Active Listening,essential,0
1263,Critical Thinking,essential,0
1263,Monitoring,essential,1
1263,Adobe Acrobat,software,1
1263,Adobe Photoshop,software,0
1263,ESRI ArcGIS software,software,1
1263,IBM SPSS Statistics,software,0
1263,Microsoft Access,software,1
1264,Science,essential,1
1264,Reading Comprehension,essential,1
1264,Active Listening,essential,0
1264,Critical Thinking,essential,1
1264,Monitoring,essential,0
1264,Adobe Acrobat,software,1
1264,Adobe Photoshop,software,1
1264,ESRI ArcGIS software,software,1
1264,IBM SPSS Statistics,software,0
1264,Microsoft Access,software,0
1265,Critical Thinking,essential,1
1265,Reading Comprehension,essential,0
1265,Active Listening,essential,1
1265,Speaking,essential,1
1265,Active Learning,essential,1
1265,Amazon DynamoDB,software,1
1265,Amazon Elastic Compute Cloud EC2,software,1
1265,Amazon Redshift,software,1
1265,Amazon Web Services AWS CloudFormation,software,1
1265,Amazon Web Services AWS software,software,1
1267,N/A - Department-level analysis only,N/A,0
1268,Active Listening,essential,1
1268,Speaking,essential,0
1268,Reading Comprehension,essential,1
1268,Critical Thinking,essential,1
1268,Monitoring,essential,1
1268,Adobe Acrobat,software,1
1268,Adobe Creative Cloud software,software,1
1268,Bentley MicroStation,software,1
1268,Eclipse IDE,software,1
1268,Facebook,software,1
1269,Critical Thinking,essential,0
1269,Reading Comprehension,essential,1
1269,Active Listening,essential,1
1269,Speaking,essential,1
1269,Active Learning,essential,1
1269,Amazon DynamoDB,software,1
1269,Amazon Elastic Compute Cloud EC2,software,1
1269,Amazon Redshift,software,0
1269,Amazon Web Services AWS CloudFormation,software,1
1269,Amazon Web Services AWS software,software,1
1270,Critical Thinking,essential,1
1270,Reading Comprehension,essential,0
1270,Active Listening,essential,1
1270,Speaking,essential,0
1270,Active Learning,essential,0
1270,Amazon DynamoDB,software,1
1270,Amazon Elastic Compute Cloud EC2,software,0
1270,Amazon Redshift,software,1
1270,Amazon Web Services AWS CloudFormation,software,0
1270,Amazon Web Services AWS software,software,1
1273,Active Listening,essential,1
1273,Speaking,essential,1
1273,Reading Comprehension,essential,0
1273,Writing,essential,1
1273,Active Learning,essential,1
1273,Apple macOS,software,0
1273,HubSpot software,software,0
1273,IBM SPSS Statistics,software,0
1273,Microsoft Excel,software,1
1273,Microsoft Office software,software,0
1275,Critical Thinking,essential,1
1275,Reading Comprehension,essential,1
1275,Active Listening,essential,1
1275,Speaking,essential,1
1275,Active Learning,essential,0
1275,Amazon DynamoDB,software,1
1275,Amazon Elastic Compute Cloud EC2,software,1
1275,Amazon Redshift,software,1
1275,Amazon Web Services AWS CloudFormation,software,0
1275,Amazon Web Services AWS software,software,1
1277,N/A - Department-level analysis only,N/A,0
1278,Active Listening,essential,0
1278,Speaking,essential,1
1278,Reading Comprehension,essential,1
1278,Writing,essential,1
1278,Active Learning,essential,0
1278,Apple macOS,software,1
1278,HubSpot software,software,1
1278,IBM SPSS Statistics,software,1
1278,Microsoft Excel,software,1
1278,Microsoft Office software,software,1
1279,Reading Comprehension,essential,1
1279,Active Listening,essential,1
1279,Critical Thinking,essential,1
1279,Speaking,essential,1
1279,Science,essential,0
1279,Google Docs,software,0
1279,MEDITECH software,software,1
1279,Microsoft Excel,software,0
1279,Microsoft Office software,software,0
1279,Microsoft Outlook,software,0
1280,N/A - Department-level analysis only,N/A,0
1281,Active Listening,essential,1
1281,Speaking,essential,1
1281,Reading Comprehension,essential,0
1281,Critical Thinking,essential,0
1281,Monitoring,essential,0
1281,Adobe Acrobat,software,0
1281,Adobe Creative Cloud software,software,1
1281,Bentley MicroStation,software,1
1281,Eclipse IDE,software,1
1281,Facebook,software,1
1282,N/A - Department-level analysis only,N/A,0
1283,Critical Thinking,essential,1
1283,Speaking,essential,1
1283,Monitoring,essential,1
1283,Reading Comprehension,essential,1
1283,Active Listening,essential,1
1283,Adobe Acrobat,software,0
1283,Adobe After Effects,software,0
1283,Adobe InDesign,software,1
1283,Adobe Photoshop,software,1
1283,Autodesk AutoCAD,software,1
1285,Reading Comprehension,essential,1
1285,Active Listening,essential,1
1285,Critical Thinking,essential,1
1285,Speaking,essential,0
1285,Science,essential,1
1285,Google Docs,software,1
1285,MEDITECH software,software,1
1285,Microsoft Excel,software,1
1285,Microsoft Office software,software,1
1285,Microsoft Outlook,software,1
1286,Reading Comprehension,essential,1
1286,Active Listening,essential,0
1286,Critical Thinking,essential,0
1286,Speaking,essential,0
1286,Science,essential,1
1286,Google Docs,software,1
1286,MEDITECH software,software,0
1286,Microsoft Excel,software,0
1286,Microsoft Office software,software,1
1286,Microsoft Outlook,software,0
1288,N/A - Department-level analysis only,N/A,0
1289,Speaking,essential,1
1289,Reading Comprehension,essential,1
1289,Active Listening,essential,1
1289,Writing,essential,1
1289,Critical Thinking,essential,1
1289,Adobe Acrobat,software,1
1289,Adobe Creative Cloud software,software,1
1289,Adobe Illustrator,software,1
1289,Adobe InDesign,software,1
1289,Adobe Photoshop,software,1
1291,Critical Thinking,essential,0
1291,Reading Comprehension,essential,1
1291,Active Listening,essential,1
1291,Speaking,essential,0
1291,Active Learning,essential,1
1291,Amazon DynamoDB,software,1
1291,Amazon Elastic Compute Cloud EC2,software,1
1291,Amazon Redshift,software,0
1291,Amazon Web Services AWS CloudFormation,software,1
1291,Amazon Web Services AWS software,software,0
1292,Critical Thinking,essential,0
1292,Reading Comprehension,essential,0
1292,Active Listening,essential,0
1292,Speaking,essential,0
1292,Active Learning,essential,1
1292,Amazon DynamoDB,software,0
1292,Amazon Elastic Compute Cloud EC2,software,0
1292,Amazon Redshift,software,1
1292,Amazon Web Services AWS CloudFormation,software,1
1292,Amazon Web Services AWS software,software,1
1293,Active Listening,essential,1
1293,Speaking,essential,1
1293,Reading Comprehension,essential,1
1293,Critical Thinking,essential,1
1293,Monitoring,essential,1
1293,Adobe Acrobat,software,1
1293,Adobe Creative Cloud software,software,1
1293,Bentley MicroStation,software,1
1293,Eclipse IDE,software,1
1293,Facebook,software,1
1294,Critical Thinking,essential,1
1294,Speaking,essential,1
1294,Monitoring,essential,1
1294,Reading Comprehension,essential,1
1294,Active Listening,essential,1
1294,Adobe Acrobat,software,1
1294,Adobe After Effects,software,1
1294,Adobe InDesign,software,1
1294,Adobe Photoshop,software,1
1294,Autodesk AutoCAD,software,1
1295,Active Listening,essential,1
1295,Speaking,essential,1
1295,Reading Comprehension,essential,1
1295,Writing,essential,1
1295,Active Learning,essential,1
1295,Apple macOS,software,1
1295,HubSpot software,software,1
1295,IBM SPSS Statistics,software,1
1295,Microsoft Excel,software,1
1295,Microsoft Office software,software,1
1296,Reading Comprehension,essential,1
1296,Active Listening,essential,0
1296,Critical Thinking,essential,0
1296,Speaking,essential,1
1296,Science,essential,1
1296,Google Docs,software,1
1296,MEDITECH software,software,0
1296,Microsoft Excel,software,0
1296,Microsoft Office software,software,0
1296,Microsoft Outlook,software,0
1297,Reading Comprehension,essential,1
1297,Active Listening,essential,1
1297,Critical Thinking,essential,1
1297,Speaking,essential,1
1297,Science,essential,1
1297,Google Docs,software,1
1297,MEDITECH software,software,1
1297,Microsoft Excel,software,1
1297,Microsoft Office software,software,1
1297,Microsoft Outlook,software,1
1298,Critical Thinking,essential,1
1298,Speaking,essential,1
1298,Monitoring,essential,0
1298,Reading Comprehension,essential,1
1298,Active Listening,essential,1
1298,Adobe Acrobat,software,1
1298,Adobe After Effects,software,1
1298,Adobe InDesign,software,1
1298,Adobe Photoshop,software,1
1298,Autodesk AutoCAD,software,0
1299,Reading Comprehension,essential,1
1299,Active Listening,essential,0
1299,Critical Thinking,essential,0
1299,Speaking,essential,1
1299,Science,essential,1
1299,Google Docs,software,0
1299,MEDITECH software,software,0
1299,Microsoft Excel,software,1
1299,Microsoft Office software,software,1
1299,Microsoft Outlook,software,1
1301,Critical Thinking,essential,0
1301,Reading Comprehension,essential,1
1301,Active Listening,essential,1
1301,Speaking,essential,0
1301,Active Learning,essential,1
1301,Amazon DynamoDB,software,0
1301,Amazon Elastic Compute Cloud EC2,software,1
1301,Amazon Redshift,software,0
1301,Amazon Web Services AWS CloudFormation,software,1
1301,Amazon Web Services AWS software,software,0
1303,Critical Thinking,essential,0
1303,Reading Comprehension,essential,1
1303,Active Listening,essential,1
1303,Speaking,essential,1
1303,Active Learning,essential,1
1303,Amazon DynamoDB,software,0
1303,Amazon Elastic Compute Cloud EC2,software,0
1303,Amazon Redshift,software,1
1303,Amazon Web Services AWS CloudFormation,software,0
1303,Amazon Web Services AWS software,software,0
1304,Active Listening,essential,1
1304,Speaking,essential,1
1304,Reading Comprehension,essential,1
1304,Critical Thinking,essential,1
1304,Monitoring,essential,1
1304,Adobe Acrobat,software,1
1304,Adobe Creative Cloud software,software,1
1304,Bentley MicroStation,software,1
1304,Eclipse IDE,software,1
1304,Facebook,software,1
1306,N/A - Department-level analysis only,N/A,0
1307,N/A - Department-level analysis only,N/A,0
1308,Critical Thinking,essential,1
1308,Reading Comprehension,essential,1
1308,Active Listening,essential,1
1308,Speaking,essential,0
1308,Active Learning,essential,1
1308,Amazon DynamoDB,software,1
1308,Amazon Elastic Compute Cloud EC2,software,1
1308,Amazon Redshift,software,1
1308,Amazon Web Services AWS CloudFormation,software,1
1308,Amazon Web Services AWS software,software,0
1309,Reading Comprehension,essential,1
1309,Active Listening,essential,1
1309,Critical Thinking,essential,1
1309,Speaking,essential,1
1309,Science,essential,1
1309,Google Docs,software,1
1309,MEDITECH software,software,1
1309,Microsoft Excel,software,1
1309,Microsoft Office software,software,1
1309,Microsoft Outlook,software,1
1310,Critical Thinking,essential,0
1310,Reading Comprehension,essential,1
1310,Active Listening,essential,1
1310,Speaking,essential,1
1310,Active Learning,essential,1
1310,Amazon DynamoDB,software,1
1310,Amazon Elastic Compute Cloud EC2,software,1
1310,Amazon Redshift,software,0
1310,Amazon Web Services AWS CloudFormation,software,1
1310,Amazon Web Services AWS software,software,1
1311,Reading Comprehension,essential,1
1311,Active Listening,essential,1
1311,Critical Thinking,essential,1
1311,Speaking,essential,1
1311,Science,essential,1
1311,Google Docs,software,1
1311,MEDITECH software,software,1
1311,Microsoft Excel,software,1
1311,Microsoft Office software,software,1
1311,Microsoft Outlook,software,1
1312,Active Listening,essential,1
1312,Speaking,essential,0
1312,Reading Comprehension,essential,1
1312,Writing,essential,1
1312,Active Learning,essential,1
1312,Apple macOS,software,1
1312,HubSpot software,software,0
1312,IBM SPSS Statistics,software,1
1312,Microsoft Excel,software,1
1312,Microsoft Office software,software,1
1314,Speaking,essential,0
1314,Reading Comprehension,essential,0
1314,Active Listening,essential,1
1314,Writing,essential,1
1314,Critical Thinking,essential,1
1314,Adobe Acrobat,software,1
1314,Adobe Creative Cloud software,software,1
1314,Adobe Illustrator,software,1
1314,Adobe InDesign,software,1
1314,Adobe Photoshop,software,1
1315,Reading Comprehension,essential,1
1315,Active Listening,essential,1
1315,Critical Thinking,essential,1
1315,Speaking,essential,1
1315,Science,essential,1
1315,Google Docs,software,1
1315,MEDITECH software,software,1
1315,Microsoft Excel,software,1
1315,Microsoft Office software,software,1
1315,Microsoft Outlook,software,1
1317,Science,essential,1
1317,Reading Comprehension,essential,0
1317,Active Listening,essential,1
1317,Critical Thinking,essential,1
1317,Monitoring,essential,0
1317,Adobe Acrobat,software,0
1317,Adobe Photoshop,software,1
1317,ESRI ArcGIS software,software,1
1317,IBM SPSS Statistics,software,1
1317,Microsoft Access,software,1
1318,Active Listening,essential,1
1318,Speaking,essential,0
1318,Reading Comprehension,essential,1
1318,Critical Thinking,essential,1
1318,Monitoring,essential,1
1318,Adobe Acrobat,software,0
1318,Adobe Creative Cloud software,software,1
1318,Bentley MicroStation,software,1
1318,Eclipse IDE,software,1
1318,Facebook,software,1
1319,Active Listening,essential,1
1319,Speaking,essential,1
1319,Reading Comprehension,essential,1
1319,Critical Thinking,essential,1
1319,Monitoring,essential,1
1319,Adobe Acrobat,software,1
1319,Adobe Creative Cloud software,software,1
1319,Bentley MicroStation,software,1
1319,Eclipse IDE,software,1
1319,Facebook,software,1
1321,N/A - Department-level analysis only,N/A,0
1322,Critical Thinking,essential,1
1322,Speaking,essential,1
1322,Monitoring,essential,1
1322,Reading Comprehension,essential,1
1322,Active Listening,essential,0
1322,Adobe Acrobat,software,1
1322,Adobe After Effects,software,1
1322,Adobe InDesign,software,1
1322,Adobe Photoshop,software,1
1322,Autodesk AutoCAD,software,1
1324,Active Listening,essential,1
1324,Speaking,essential,1
1324,Reading Comprehension,essential,1
1324,Critical Thinking,essential,1
1324,Monitoring,essential,1
1324,Adobe Acrobat,software,1
1324,Adobe Creative Cloud software,software,1
1324,Bentley MicroStation,software,1
1324,Eclipse IDE,software,1
1324,Facebook,software,1
1329,Active Listening,essential,1
1329,Speaking,essential,1
1329,Reading Comprehension,essential,1
1329,Critical Thinking,essential,1
1329,Monitoring,essential,1
1329,Adobe Acrobat,software,1
1329,Adobe Creative Cloud software,software,0
1329,Bentley MicroStation,software,1
1329,Eclipse IDE,software,1
1329,Facebook,software,1
1331,Active Listening,essential,1
1331,Speaking,essential,0
1331,Reading Comprehension,essential,1
1331,Writing,essential,0
1331,Active Learning,essential,0
1331,Apple macOS,software,1
1331,HubSpot software,software,1
1331,IBM SPSS Statistics,software,0
1331,Microsoft Excel,software,1
1331,Microsoft Office software,software,0
1333,Reading Comprehension,essential,0
1333,Active Listening,essential,1
1333,Critical Thinking,essential,1
1333,Speaking,essential,0
1333,Science,essential,1
1333,Google Docs,software,1
1333,MEDITECH software,software,1
1333,Microsoft Excel,software,1
1333,Microsoft Office software,software,1
1333,Microsoft Outlook,software,1
1334,N/A - Department-level analysis only,N/A,0
1336,N/A - Department-level analysis only,N/A,0
1338,N/A - Department-level analysis only,N/A,0
1340,Critical Thinking,essential,0
1340,Reading Comprehension,essential,1
1340,Active Listening,essential,1
1340,Speaking,essential,0
1340,Active Learning,essential,0
1340,Amazon DynamoDB,software,0
1340,Amazon Elastic Compute Cloud EC2,software,1
1340,Amazon Redshift,software,0
1340,Amazon Web Services AWS CloudFormation,software,1
1340,Amazon Web Services AWS software,software,1
1344,Active Listening,essential,1
1344,Speaking,essential,1
1344,Reading Comprehension,essential,0
1344,Writing,essential,1
1344,Active Learning,essential,1
1344,Apple macOS,software,1
1344,HubSpot software,software,1
1344,IBM SPSS Statistics,software,1
1344,Microsoft Excel,software,1
1344,Microsoft Office software,software,1
1346,Critical Thinking,essential,1
1346,Reading Comprehension,essential,0
1346,Active Listening,essential,1
1346,Speaking,essential,1
1346,Active Learning,essential,1
1346,Amazon DynamoDB,software,1
1346,Amazon Elastic Compute Cloud EC2,software,1
1346,Amazon Redshift,software,1
1346,Amazon Web Services AWS CloudFormation,software,1
1346,Amazon Web Services AWS software,software,1
1349,Active Listening,essential,1
1349,Speaking,essential,1
1349,Reading Comprehension,essential,1
1349,Critical Thinking,essential,1
1349,Monitoring,essential,0
1349,Adobe Acrobat,software,1
1349,Adobe Creative Cloud software,software,1
1349,Bentley MicroStation,software,1
1349,Eclipse IDE,software,0
1349,Facebook,software,1
1350,Critical Thinking,essential,1
1350,Reading Comprehension,essential,1
1350,Active Listening,essential,1
1350,Speaking,essential,1
1350,Active Learning,essential,1
1350,Amazon DynamoDB,software,1
1350,Amazon Elastic Compute Cloud EC2,software,0
1350,Amazon Redshift,software,1
1350,Amazon Web Services AWS CloudFormation,software,1
1350,Amazon Web Services AWS software,software,1
1352,N/A - Department-level analysis only,N/A,0
1355,Active Listening,essential,0
1355,Speaking,essential,1
1355,Reading Comprehension,essential,1
1355,Critical Thinking,essential,1
1355,Monitoring,essential,1
1355,Adobe Acrobat,software,1
1355,Adobe Creative Cloud software,software,1
1355,Bentley MicroStation,software,1
1355,Eclipse IDE,software,1
1355,Facebook,software,1
1356,Active Listening,essential,1
1356,Speaking,essential,1
1356,Reading Comprehension,essential,1
1356,Critical Thinking,essential,1
1356,Monitoring,essential,1
1356,Adobe Acrobat,software,1
1356,Adobe Creative Cloud software,software,1
1356,Bentley MicroStation,software,1
1356,Eclipse IDE,software,1
1356,Facebook,software,1
1358,Reading Comprehension,essential,0
1358,Active Listening,essential,1
1358,Critical Thinking,essential,1
1358,Speaking,essential,1
1358,Science,essential,0
1358,Google Docs,software,1
1358,MEDITECH software,software,1
1358,Microsoft Excel,software,1
1358,Microsoft Office software,software,1
1358,Microsoft Outlook,software,1
1360,Critical Thinking,essential,1
1360,Speaking,essential,1
1360,Monitoring,essential,1
1360,Reading Comprehension,essential,1
1360,Active Listening,essential,0
1360,Adobe Acrobat,software,1
1360,Adobe After Effects,software,1
1360,Adobe InDesign,software,1
1360,Adobe Photoshop,software,1
1360,Autodesk AutoCAD,software,1
1361,Reading Comprehension,essential,1
1361,Active Listening,essential,0
1361,Critical Thinking,essential,0
1361,Speaking,essential,1
1361,Science,essential,1
1361,Google Docs,software,1
1361,MEDITECH software,software,1
1361,Microsoft Excel,software,1
1361,Microsoft Office software,software,1
1361,Microsoft Outlook,software,0
1362,Active Listening,essential,1
1362,Speaking,essential,1
1362,Reading Comprehension,essential,1
1362,Critical Thinking,essential,1
1362,Monitoring,essential,1
1362,Adobe Acrobat,software,1
1362,Adobe Creative Cloud software,software,1
1362,Bentley MicroStation,software,1
1362,Eclipse IDE,software,1
1362,Facebook,software,0
1363,Critical Thinking,essential,1
1363,Speaking,essential,1
1363,Monitoring,essential,1
1363,Reading Comprehension,essential,1
1363,Active Listening,essential,1
1363,Adobe Acrobat,software,1
1363,Adobe After Effects,software,1
1363,Adobe InDesign,software,1
1363,Adobe Photoshop,software,1
1363,Autodesk AutoCAD,software,1
1364,Active Listening,essential,1
1364,Speaking,essential,1
1364,Reading Comprehension,essential,0
1364,Writing,essential,0
1364,Active Learning,essential,1
1364,Apple macOS,software,0
1364,HubSpot software,software,0
1364,IBM SPSS Statistics,software,1
1364,Microsoft Excel,software,1
1364,Microsoft Office software,software,0
1367,Critical Thinking,essential,1
1367,Speaking,essential,1
1367,Monitoring,essential,1
1367,Reading Comprehension,essential,0
1367,Active Listening,essential,0
1367,Adobe Acrobat,software,0
1367,Adobe After Effects,software,1
1367,Adobe InDesign,software,0
1367,Adobe Photoshop,software,1
1367,Autodesk AutoCAD,software,1
1368,Reading Comprehension,essential,1
1368,Active Listening,essential,1
1368,Critical Thinking,essential,0
1368,Speaking,essential,0
1368,Science,essential,1
1368,Google Docs,software,0
1368,MEDITECH software,software,0
1368,Microsoft Excel,software,0
1368,Microsoft Office software,software,1
1368,Microsoft Outlook,software,0
1369,Reading Comprehension,essential,1
1369,Active Listening,essential,0
1369,Critical Thinking,essential,1
1369,Speaking,essential,1
1369,Science,essential,1
1369,Google Docs,software,1
1369,MEDITECH software,software,1
1369,Microsoft Excel,software,0
1369,Microsoft Office software,software,1
1369,Microsoft Outlook,software,0
1371,Active Listening,essential,1
1371,Speaking,essential,1
1371,Reading Comprehension,essential,1
1371,Critical Thinking,essential,1
1371,Monitoring,essential,1
1371,Adobe Acrobat,software,1
1371,Adobe Creative Cloud software,software,1
1371,Bentley MicroStation,software,1
1371,Eclipse IDE,software,1
1371,Facebook,software,1
1372,Active Listening,essential,1
1372,Speaking,essential,1
1372,Reading Comprehension,essential,1
1372,Critical Thinking,essential,1
1372,Monitoring,essential,1
1372,Adobe Acrobat,software,1
1372,Adobe Creative Cloud software,software,1
1372,Bentley MicroStation,software,1
1372,Eclipse IDE,software,1
1372,Facebook,software,1
1373,Critical Thinking,essential,1
1373,Speaking,essential,1
1373,Monitoring,essential,1
1373,Reading Comprehension,essential,1
1373,Active Listening,essential,1
1373,Adobe Acrobat,software,1
1373,Adobe After Effects,software,1
1373,Adobe InDesign,software,1
1373,Adobe Photoshop,software,1
1373,Autodesk AutoCAD,software,1
1374,Critical Thinking,essential,1
1374,Reading Comprehension,essential,1
1374,Active Listening,essential,1
1374,Speaking,essential,1
1374,Active Learning,essential,1
1374,Amazon DynamoDB,software,1
1374,Amazon Elastic Compute Cloud EC2,software,1
1374,Amazon Redshift,software,0
1374,Amazon Web Services AWS CloudFormation,software,1
1374,Amazon Web Services AWS software,software,0
1375,Active Listening,essential,0
1375,Speaking,essential,1
1375,Reading Comprehension,essential,1
1375,Writing,essential,1
1375,Active Learning,essential,1
1375,Apple macOS,software,1
1375,HubSpot software,software,1
1375,IBM SPSS Statistics,software,1
1375,Microsoft Excel,software,1
1375,Microsoft Office software,software,1
1377,Reading Comprehension,essential,1
1377,Active Listening,essential,1
1377,Critical Thinking,essential,1
1377,Speaking,essential,1
1377,Science,essential,1
1377,Google Docs,software,1
1377,MEDITECH software,software,1
1377,Microsoft Excel,software,0
1377,Microsoft Office software,software,1
1377,Microsoft Outlook,software,1
1379,Active Listening,essential,1
1379,Speaking,essential,0
1379,Reading Comprehension,essential,1
1379,Writing,essential,1
1379,Active Learning,essential,0
1379,Apple macOS,software,1
1379,HubSpot software,software,0
1379,IBM SPSS Statistics,software,1
1379,Microsoft Excel,software,0
1379,Microsoft Office software,software,1
1380,Active Listening,essential,1
1380,Speaking,essential,0
1380,Reading Comprehension,essential,1
1380,Critical Thinking,essential,0
1380,Monitoring,essential,1
1380,Adobe Acrobat,software,0
1380,Adobe Creative Cloud software,software,1
1380,Bentley MicroStation,software,0
1380,Eclipse IDE,software,0
1380,Facebook,software,1
1382,Critical Thinking,essential,1
1382,Reading Comprehension,essential,1
1382,Active Listening,essential,0
1382,Speaking,essential,1
1382,Active Learning,essential,1
1382,Amazon DynamoDB,software,1
1382,Amazon Elastic Compute Cloud EC2,software,1
1382,Amazon Redshift,software,1
1382,Amazon Web Services AWS CloudFormation,software,0
1382,Amazon Web Services AWS software,software,1
1383,Active Listening,essential,1
1383,Speaking,essential,1
1383,Reading Comprehension,essential,1
1383,Writing,essential,1
1383,Active Learning,essential,1
1383,Apple macOS,software,0
1383,HubSpot software,software,1
1383,IBM SPSS Statistics,software,1
1383,Microsoft Excel,software,1
1383,Microsoft Office software,software,1
1387,Active Listening,essential,0
1387,Speaking,essential,0
1387,Reading Comprehension,essential,0
1387,Critical Thinking,essential,1
1387,Monitoring,essential,1
1387,Adobe Acrobat,software,1
1387,Adobe Creative Cloud software,software,1
1387,Bentley MicroStation,software,1
1387,Eclipse IDE,software,1
1387,Facebook,software,1
1389,Critical Thinking,essential,1
1389,Speaking,essential,1
1389,Monitoring,essential,1
1389,Reading Comprehension,essential,1
1389,Active Listening,essential,1
1389,Adobe Acrobat,software,1
1389,Adobe After Effects,software,1
1389,Adobe InDesign,software,1
1389,Adobe Photoshop,software,1
1389,Autodesk AutoCAD,software,1
1390,Active Listening,essential,1
1390,Speaking,essential,1
1390,Reading Comprehension,essential,1
1390,Critical Thinking,essential,0
1390,Monitoring,essential,1
1390,Adobe Acrobat,software,1
1390,Adobe Creative Cloud software,software,1
1390,Bentley MicroStation,software,0
1390,Eclipse IDE,software,1
1390,Facebook,software,1
1391,Active Listening,essential,1
1391,Speaking,essential,1
1391,Reading Comprehension,essential,1
1391,Critical Thinking,essential,1
1391,Monitoring,essential,1
1391,Adobe Acrobat,software,0
1391,Adobe Creative Cloud software,software,1
1391,Bentley MicroStation,software,1
1391,Eclipse IDE,software,0
1391,Facebook,software,1
1392,Critical Thinking,essential,1
1392,Reading Comprehension,essential,1
1392,Active Listening,essential,1
1392,Speaking,essential,1
1392,Active Learning,essential,1
1392,Amazon DynamoDB,software,1
1392,Amazon Elastic Compute Cloud EC2,software,1
1392,Amazon Redshift,software,0
1392,Amazon Web Services AWS CloudFormation,software,1
1392,Amazon Web Services AWS software,software,1
1394,Critical Thinking,essential,0
1394,Reading Comprehension,essential,1
1394,Active Listening,essential,1
1394,Speaking,essential,1
1394,Active Learning,essential,1
1394,Amazon DynamoDB,software,1
1394,Amazon Elastic Compute Cloud EC2,software,1
1394,Amazon Redshift,software,0
1394,Amazon Web Services AWS CloudFormation,software,0
1394,Amazon Web Services AWS software,software,0
1395,Active Listening,essential,0
1395,Speaking,essential,1
1395,Reading Comprehension,essential,0
1395,Critical Thinking,essential,0
1395,Monitoring,essential,1
1395,Adobe Acrobat,software,0
1395,Adobe Creative Cloud software,software,1
1395,Bentley MicroStation,software,1
1395,Eclipse IDE,software,0
1395,Facebook,software,0
1396,Active Listening,essential,1
1396,Speaking,essential,0
1396,Reading Comprehension,essential,1
1396,Critical Thinking,essential,1
1396,Monitoring,essential,0
1396,Adobe Acrobat,software,1
1396,Adobe Creative Cloud software,software,0
1396,Bentley MicroStation,software,1
1396,Eclipse IDE,software,1
1396,Facebook,software,0
1397,Active Listening,essential,1
1397,Speaking,essential,1
1397,Reading Comprehension,essential,0
1397,Writing,essential,1
1397,Active Learning,essential,0
1397,Apple macOS,software,1
1397,HubSpot software,software,1
1397,IBM SPSS Statistics,software,1
1397,Microsoft Excel,software,1
1397,Microsoft Office software,software,1
1399,Active Listening,essential,1
1399,Speaking,essential,1
1399,Reading Comprehension,essential,1
1399,Critical Thinking,essential,1
1399,Monitoring,essential,1
1399,Adobe Acrobat,software,1
1399,Adobe Creative Cloud software,software,0
1399,Bentley MicroStation,software,0
1399,Eclipse IDE,software,0
1399,Facebook,software,1
1401,Critical Thinking,essential,0
1401,Speaking,essential,1
1401,Monitoring,essential,0
1401,Reading Comprehension,essential,1
1401,Active Listening,essential,0
1401,Adobe Acrobat,software,0
1401,Adobe After Effects,software,0
1401,Adobe InDesign,software,1
1401,Adobe Photoshop,software,1
1401,Autodesk AutoCAD,software,1
1402,Critical Thinking,essential,1
1402,Reading Comprehension,essential,1
1402,Active Listening,essential,1
1402,Speaking,essential,1
1402,Active Learning,essential,1
1402,Amazon DynamoDB,software,1
1402,Amazon Elastic Compute Cloud EC2,software,1
1402,Amazon Redshift,software,1
1402,Amazon Web Services AWS CloudFormation,software,1
1402,Amazon Web Services AWS software,software,1
1403,Active Listening,essential,1
1403,Speaking,essential,1
1403,Reading Comprehension,essential,1
1403,Critical Thinking,essential,1
1403,Monitoring,essential,1
1403,Adobe Acrobat,software,1
1403,Adobe Creative Cloud software,software,1
1403,Bentley MicroStation,software,1
1403,Eclipse IDE,software,0
1403,Facebook,software,0
1405,Critical Thinking,essential,0
1405,Reading Comprehension,essential,1
1405,Active Listening,essential,0
1405,Speaking,essential,0
1405,Active Learning,essential,0
1405,Amazon DynamoDB,software,1
1405,Amazon Elastic Compute Cloud EC2,software,1
1405,Amazon Redshift,software,0
1405,Amazon Web Services AWS CloudFormation,software,1
1405,Amazon Web Services AWS software,software,1
1407,Critical Thinking,essential,0
1407,Reading Comprehension,essential,1
1407,Active Listening,essential,1
1407,Speaking,essential,1
1407,Active Learning,essential,0
1407,Amazon DynamoDB,software,1
1407,Amazon Elastic Compute Cloud EC2,software,1
1407,Amazon Redshift,software,0
1407,Amazon Web Services AWS CloudFormation,software,0
1407,Amazon Web Services AWS software,software,1
1408,N/A - Department-level analysis only,N/A,0
1409,Reading Comprehension,essential,0
1409,Active Listening,essential,0
1409,Critical Thinking,essential,1
1409,Speaking,essential,1
1409,Science,essential,1
1409,Google Docs,software,1
1409,MEDITECH software,software,1
1409,Microsoft Excel,software,0
1409,Microsoft Office software,software,0
1409,Microsoft Outlook,software,1
1411,Reading Comprehension,essential,1
1411,Active Listening,essential,1
1411,Critical Thinking,essential,1
1411,Speaking,essential,1
1411,Science,essential,0
1411,Google Docs,software,0
1411,MEDITECH software,software,1
1411,Microsoft Excel,software,0
1411,Microsoft Office software,software,1
1411,Microsoft Outlook,software,1
1412,Critical Thinking,essential,1
1412,Speaking,essential,1
1412,Monitoring,essential,0
1412,Reading Comprehension,essential,1
1412,Active Listening,essential,0
1412,Adobe Acrobat,software,1
1412,Adobe After Effects,software,1
1412,Adobe InDesign,software,1
1412,Adobe Photoshop,software,1
1412,Autodesk AutoCAD,software,0
1415,Reading Comprehension,essential,1
1415,Active Listening,essential,0
1415,Critical Thinking,essential,0
1415,Speaking,essential,0
1415,Science,essential,1
1415,Google Docs,software,0
1415,MEDITECH software,software,1
1415,Microsoft Excel,software,1
1415,Microsoft Office software,software,1
1415,Microsoft Outlook,software,1
1417,Reading Comprehension,essential,1
1417,Active Listening,essential,1
1417,Critical Thinking,essential,1
1417,Speaking,essential,1
1417,Science,essential,0
1417,Google Docs,software,1
1417,MEDITECH software,software,1
1417,Microsoft Excel,software,1
1417,Microsoft Office software,software,0
1417,Microsoft Outlook,software,1
1419,Speaking,essential,1
1419,Reading Comprehension,essential,1
1419,Active Listening,essential,1
1419,Writing,essential,1
1419,Critical Thinking,essential,1
1419,Adobe Acrobat,software,1
1419,Adobe Creative Cloud software,software,1
1419,Adobe Illustrator,software,1
1419,Adobe InDesign,software,1
1419,Adobe Photoshop,software,1
1420,Reading Comprehension,essential,1
1420,Active Listening,essential,1
1420,Critical Thinking,essential,0
1420,Speaking,essential,1
1420,Science,essential,0
1420,Google Docs,software,1
1420,MEDITECH software,software,1
1420,Microsoft Excel,software,1
1420,Microsoft Office software,software,1
1420,Microsoft Outlook,software,1
1421,Active Listening,essential,1
1421,Speaking,essential,0
1421,Reading Comprehension,essential,1
1421,Writing,essential,1
1421,Active Learning,essential,0
1421,Apple macOS,software,1
1421,HubSpot software,software,1
1421,IBM SPSS Statistics,software,0
1421,Microsoft Excel,software,1
1421,Microsoft Office software,software,1
1422,Science,essential,1
1422,Reading Comprehension,essential,1
1422,Active Listening,essential,1
1422,Critical Thinking,essential,1
1422,Monitoring,essential,1
1422,Adobe Acrobat,software,1
1422,Adobe Photoshop,software,1
1422,ESRI ArcGIS software,software,1
1422,IBM SPSS Statistics,software,1
1422,Microsoft Access,software,1
1423,Science,essential,1
1423,Reading Comprehension,essential,1
1423,Active Listening,essential,1
1423,Critical Thinking,essential,1
1423,Monitoring,essential,1
1423,Adobe Acrobat,software,1
1423,Adobe Photoshop,software,1
1423,ESRI ArcGIS software,software,1
1423,IBM SPSS Statistics,software,1
1423,Microsoft Access,software,1
1424,Science,essential,1
1424,Reading Comprehension,essential,1
1424,Active Listening,essential,1
1424,Critical Thinking,essential,1
1424,Monitoring,essential,1
1424,Adobe Acrobat,software,1
1424,Adobe Photoshop,software,1
1424,ESRI ArcGIS software,software,1
1424,IBM SPSS Statistics,software,1
1424,Microsoft Access,software,1
1425,Active Listening,essential,1
1425,Speaking,essential,0
1425,Reading Comprehension,essential,1
1425,Critical Thinking,essential,1
1425,Monitoring,essential,1
1425,Adobe Acrobat,software,0
1425,Adobe Creative Cloud software,software,0
1425,Bentley MicroStation,software,1
1425,Eclipse IDE,software,1
1425,Facebook,software,0
1427,Active Listening,essential,0
1427,Speaking,essential,0
1427,Reading Comprehension,essential,1
1427,Writing,essential,0
1427,Active Learning,essential,1
1427,Apple macOS,software,1
1427,HubSpot software,software,0
1427,IBM SPSS Statistics,software,0
1427,Microsoft Excel,software,1
1427,Microsoft Office software,software,1
1428,Active Listening,essential,0
1428,Speaking,essential,1
1428,Reading Comprehension,essential,0
1428,Critical Thinking,essential,0
1428,Monitoring,essential,1
1428,Adobe Acrobat,software,0
1428,Adobe Creative Cloud software,software,0
1428,Bentley MicroStation,software,0
1428,Eclipse IDE,software,0
1428,Facebook,software,0
1430,Science,essential,1
1430,Reading Comprehension,essential,1
1430,Active Listening,essential,0
1430,Critical Thinking,essential,1
1430,Monitoring,essential,1
1430,Adobe Acrobat,software,0
1430,Adobe Photoshop,software,0
1430,ESRI ArcGIS software,software,1
1430,IBM SPSS Statistics,software,0
1430,Microsoft Access,software,0
1431,Critical Thinking,essential,1
1431,Reading Comprehension,essential,0
1431,Active Listening,essential,1
1431,Speaking,essential,1
1431,Active Learning,essential,1
1431,Amazon DynamoDB,software,1
1431,Amazon Elastic Compute Cloud EC2,software,1
1431,Amazon Redshift,software,0
1431,Amazon Web Services AWS CloudFormation,software,0
1431,Amazon Web Services AWS software,software,1
1433,Critical Thinking,essential,0
1433,Reading Comprehension,essential,1
1433,Active Listening,essential,1
1433,Speaking,essential,0
1433,Active Learning,essential,1
1433,Amazon DynamoDB,software,1
1433,Amazon Elastic Compute Cloud EC2,software,0
1433,Amazon Redshift,software,1
1433,Amazon Web Services AWS CloudFormation,software,0
1433,Amazon Web Services AWS software,software,1
1434,Reading Comprehension,essential,1
1434,Active Listening,essential,1
1434,Critical Thinking,essential,1
1434,Speaking,essential,1
1434,Science,essential,1
1434,Google Docs,software,0
1434,MEDITECH software,software,0
1434,Microsoft Excel,software,1
1434,Microsoft Office software,software,1
1434,Microsoft Outlook,software,1
1435,Reading Comprehension,essential,0
1435,Active Listening,essential,0
1435,Critical Thinking,essential,1
1435,Speaking,essential,1
1435,Science,essential,1
1435,Google Docs,software,1
1435,MEDITECH software,software,1
1435,Microsoft Excel,software,1
1435,Microsoft Office software,software,1
1435,Microsoft Outlook,software,1
1436,Active Listening,essential,0
1436,Speaking,essential,1
1436,Reading Comprehension,essential,1
1436,Critical Thinking,essential,1
1436,Monitoring,essential,1
1436,Adobe Acrobat,software,1
1436,Adobe Creative Cloud software,software,1
1436,Bentley MicroStation,software,1
1436,Eclipse IDE,software,1
1436,Facebook,software,1
1438,Critical Thinking,essential,1
1438,Reading Comprehension,essential,1
1438,Active Listening,essential,0
1438,Speaking,essential,1
1438,Active Learning,essential,1
1438,Amazon DynamoDB,software,1
1438,Amazon Elastic Compute Cloud EC2,software,1
1438,Amazon Redshift,software,1
1438,Amazon Web Services AWS CloudFormation,software,1
1438,Amazon Web Services AWS software,software,1
1439,Active Listening,essential,0
1439,Speaking,essential,1
1439,Reading Comprehension,essential,0
1439,Writing,essential,1
1439,Active Learning,essential,0
1439,Apple macOS,software,0
1439,HubSpot software,software,1
1439,IBM SPSS Statistics,software,0
1439,Microsoft Excel,software,1
1439,Microsoft Office software,software,0
1440,Reading Comprehension,essential,0
1440,Active Listening,essential,1
1440,Critical Thinking,essential,0
1440,Speaking,essential,1
1440,Science,essential,1
1440,Google Docs,software,1
1440,MEDITECH software,software,0
1440,Microsoft Excel,software,1
1440,Microsoft Office software,software,1
1440,Microsoft Outlook,software,0
1441,Critical Thinking,essential,1
1441,Reading Comprehension,essential,1
1441,Active Listening,essential,1
1441,Speaking,essential,1
1441,Active Learning,essential,1
1441,Amazon DynamoDB,software,1
1441,Amazon Elastic Compute Cloud EC2,software,0
1441,Amazon Redshift,software,0
1441,Amazon Web Services AWS CloudFormation,software,1
1441,Amazon Web Services AWS software,software,1
1443,Science,essential,1
1443,Reading Comprehension,essential,1
1443,Active Listening,essential,1
1443,Critical Thinking,essential,1
1443,Monitoring,essential,1
1443,Adobe Acrobat,software,1
1443,Adobe Photoshop,software,1
1443,ESRI ArcGIS software,software,1
1443,IBM SPSS Statistics,software,1
1443,Microsoft Access,software,1
1445,Active Listening,essential,1
1445,Speaking,essential,1
1445,Reading Comprehension,essential,0
1445,Critical Thinking,essential,1
1445,Monitoring,essential,0
1445,Adobe Acrobat,software,0
1445,Adobe Creative Cloud software,software,0
1445,Bentley MicroStation,software,0
1445,Eclipse IDE,software,1
1445,Facebook,software,1
1446,Active Listening,essential,1
1446,Speaking,essential,0
1446,Reading Comprehension,essential,0
1446,Critical Thinking,essential,1
1446,Monitoring,essential,0
1446,Adobe Acrobat,software,0
1446,Adobe Creative Cloud software,software,0
1446,Bentley MicroStation,software,0
1446,Eclipse IDE,software,1
1446,Facebook,software,1
1447,Reading Comprehension,essential,1
1447,Active Listening,essential,1
1447,Critical Thinking,essential,1
1447,Speaking,essential,0
1447,Science,essential,0
1447,Google Docs,software,1
1447,MEDITECH software,software,1
1447,Microsoft Excel,software,1
1447,Microsoft Office software,software,1
1447,Microsoft Outlook,software,1
1448,Critical Thinking,essential,1
1448,Reading Comprehension,essential,1
1448,Active Listening,essential,1
1448,Speaking,essential,1
1448,Active Learning,essential,1
1448,Amazon DynamoDB,software,1
1448,Amazon Elastic Compute Cloud EC2,software,1
1448,Amazon Redshift,software,1
1448,Amazon Web Services AWS CloudFormation,software,0
1448,Amazon Web Services AWS software,software,1
1449,Reading Comprehension,essential,1
1449,Active Listening,essential,1
1449,Critical Thinking,essential,1
1449,Speaking,essential,0
1449,Science,essential,1
1449,Google Docs,software,1
1449,MEDITECH software,software,1
1449,Microsoft Excel,software,1
1449,Microsoft Office software,software,1
1449,Microsoft Outlook,software,1
1453,Active Listening,essential,1
1453,Speaking,essential,1
1453,Reading Comprehension,essential,1
1453,Critical Thinking,essential,1
1453,Monitoring,essential,1
1453,Adobe Acrobat,software,1
1453,Adobe Creative Cloud software,software,1
1453,Bentley MicroStation,software,1
1453,Eclipse IDE,software,1
1453,Facebook,software,1
1457,Active Listening,essential,1
1457,Speaking,essential,1
1457,Reading Comprehension,essential,0
1457,Critical Thinking,essential,1
1457,Monitoring,essential,1
1457,Adobe Acrobat,software,1
1457,Adobe Creative Cloud software,software,0
1457,Bentley MicroStation,software,1
1457,Eclipse IDE,software,0
1457,Facebook,software,0
1458,Reading Comprehension,essential,1
1458,Active Listening,essential,0
1458,Critical Thinking,essential,1
1458,Speaking,essential,0
1458,Science,essential,1
1458,Google Docs,software,1
1458,MEDITECH software,software,0
1458,Microsoft Excel,software,0
1458,Microsoft Office software,software,1
1458,Microsoft Outlook,software,0
1459,Critical Thinking,essential,1
1459,Speaking,essential,1
1459,Monitoring,essential,1
1459,Reading Comprehension,essential,1
1459,Active Listening,essential,1
1459,Adobe Acrobat,software,1
1459,Adobe After Effects,software,1
1459,Adobe InDesign,software,1
1459,Adobe Photoshop,software,1
1459,Autodesk AutoCAD,software,0
1460,Active Listening,essential,1
1460,Speaking,essential,0
1460,Reading Comprehension,essential,1
1460,Writing,essential,1
1460,Active Learning,essential,1
1460,Apple macOS,software,0
1460,HubSpot software,software,1
1460,IBM SPSS Statistics,software,1
1460,Microsoft Excel,software,1
1460,Microsoft Office software,software,1
1461,Speaking,essential,0
1461,Reading Comprehension,essential,1
1461,Active Listening,essential,0
1461,Writing,essential,1
1461,Critical Thinking,essential,1
1461,Adobe Acrobat,software,1
1461,Adobe Creative Cloud software,software,0
1461,Adobe Illustrator,software,0
1461,Adobe InDesign,software,1
1461,Adobe Photoshop,software,0
1464,Reading Comprehension,essential,1
1464,Active Listening,essential,1
1464,Critical Thinking,essential,1
1464,Speaking,essential,1
1464,Science,essential,1
1464,Google Docs,software,1
1464,MEDITECH software,software,0
1464,Microsoft Excel,software,0
1464,Microsoft Office software,software,1
1464,Microsoft Outlook,software,1
1465,Critical Thinking,essential,1
1465,Speaking,essential,1
1465,Monitoring,essential,1
1465,Reading Comprehension,essential,1
1465,Active Listening,essential,0
1465,Adobe Acrobat,software,0
1465,Adobe After Effects,software,1
1465,Adobe InDesign,software,1
1465,Adobe Photoshop,software,1
1465,Autodesk AutoCAD,software,0
1466,Active Listening,essential,1
1466,Speaking,essential,1
1466,Reading Comprehension,essential,0
1466,Critical Thinking,essential,1
1466,Monitoring,essential,1
1466,Adobe Acrobat,software,1
1466,Adobe Creative Cloud software,software,1
1466,Bentley MicroStation,software,1
1466,Eclipse IDE,software,1
1466,Facebook,software,1
1467,Speaking,essential,1
1467,Reading Comprehension,essential,0
1467,Active Listening,essential,1
1467,Writing,essential,1
1467,Critical Thinking,essential,0
1467,Adobe Acrobat,software,0
1467,Adobe Creative Cloud software,software,0
1467,Adobe Illustrator,software,0
1467,Adobe InDesign,software,1
1467,Adobe Photoshop,software,0
1468,Science,essential,1
1468,Reading Comprehension,essential,1
1468,Active Listening,essential,1
1468,Critical Thinking,essential,1
1468,Monitoring,essential,0
1468,Adobe Acrobat,software,1
1468,Adobe Photoshop,software,1
1468,ESRI ArcGIS software,software,1
1468,IBM SPSS Statistics,software,1
1468,Microsoft Access,software,1
1469,Active Listening,essential,1
1469,Speaking,essential,1
1469,Reading Comprehension,essential,1
1469,Critical Thinking,essential,1
1469,Monitoring,essential,1
1469,Adobe Acrobat,software,1
1469,Adobe Creative Cloud software,software,1
1469,Bentley MicroStation,software,0
1469,Eclipse IDE,software,1
1469,Facebook,software,1
1471,Reading Comprehension,essential,1
1471,Active Listening,essential,1
1471,Critical Thinking,essential,1
1471,Speaking,essential,1
1471,Science,essential,1
1471,Google Docs,software,1
1471,MEDITECH software,software,0
1471,Microsoft Excel,software,1
1471,Microsoft Office software,software,1
1471,Microsoft Outlook,software,1
1472,Science,essential,1
1472,Reading Comprehension,essential,1
1472,Active Listening,essential,1
1472,Critical Thinking,essential,1
1472,Monitoring,essential,1
1472,Adobe Acrobat,software,1
1472,Adobe Photoshop,software,1
1472,ESRI ArcGIS software,software,1
1472,IBM SPSS Statistics,software,1
1472,Microsoft Access,software,1
1473,Active Listening,essential,1
1473,Speaking,essential,1
1473,Reading Comprehension,essential,1
1473,Writing,essential,1
1473,Active Learning,essential,0
1473,Apple macOS,software,0
1473,HubSpot software,software,0
1473,IBM SPSS Statistics,software,1
1473,Microsoft Excel,software,0
1473,Microsoft Office software,software,0
1474,Critical Thinking,essential,1
1474,Reading Comprehension,essential,1
1474,Active Listening,essential,1
1474,Speaking,essential,1
1474,Active Learning,essential,1
1474,Amazon DynamoDB,software,0
1474,Amazon Elastic Compute Cloud EC2,software,1
1474,Amazon Redshift,software,1
1474,Amazon Web Services AWS CloudFormation,software,0
1474,Amazon Web Services AWS software,software,0
1475,Critical Thinking,essential,1
1475,Reading Comprehension,essential,1
1475,Active Listening,essential,1
1475,Speaking,essential,1
1475,Active Learning,essential,1
1475,Amazon DynamoDB,software,1
1475,Amazon Elastic Compute Cloud EC2,software,0
1475,Amazon Redshift,software,1
1475,Amazon Web Services AWS CloudFormation,software,1
1475,Amazon Web Services AWS software,software,1
1477,Active Listening,essential,1
1477,Speaking,essential,1
1477,Reading Comprehension,essential,1
1477,Critical Thinking,essential,0
1477,Monitoring,essential,1
1477,Adobe Acrobat,software,1
1477,Adobe Creative Cloud software,software,1
1477,Bentley MicroStation,software,1
1477,Eclipse IDE,software,1
1477,Facebook,software,0
1478,Active Listening,essential,0
1478,Speaking,essential,1
1478,Reading Comprehension,essential,1
1478,Critical Thinking,essential,1
1478,Monitoring,essential,1
1478,Adobe Acrobat,software,1
1478,Adobe Creative Cloud software,software,1
1478,Bentley MicroStation,software,1
1478,Eclipse IDE,software,1
1478,Facebook,software,1
1479,Active Listening,essential,0
1479,Speaking,essential,1
1479,Reading Comprehension,essential,0
1479,Critical Thinking,essential,0
1479,Monitoring,essential,1
1479,Adobe Acrobat,software,1
1479,Adobe Creative Cloud software,software,1
1479,Bentley MicroStation,software,1
1479,Eclipse IDE,software,1
1479,Facebook,software,0
1480,Reading Comprehension,essential,1
1480,Active Listening,essential,1
1480,Critical Thinking,essential,1
1480,Speaking,essential,1
1480,Science,essential,1
1480,Google Docs,software,1
1480,MEDITECH software,software,1
1480,Microsoft Excel,software,1
1480,Microsoft Office software,software,1
1480,Microsoft Outlook,software,1
1481,Active Listening,essential,0
1481,Speaking,essential,1
1481,Reading Comprehension,essential,0
1481,Critical Thinking,essential,0
1481,Monitoring,essential,1
1481,Adobe Acrobat,software,0
1481,Adobe Creative Cloud software,software,0
1481,Bentley MicroStation,software,1
1481,Eclipse IDE,software,1
1481,Facebook,software,1
1482,Critical Thinking,essential,1
1482,Reading Comprehension,essential,0
1482,Active Listening,essential,0
1482,Speaking,essential,0
1482,Active Learning,essential,0
1482,Amazon DynamoDB,software,0
1482,Amazon Elastic Compute Cloud EC2,software,0
1482,Amazon Redshift,software,1
1482,Amazon Web Services AWS CloudFormation,software,1
1482,Amazon Web Services AWS software,software,0
1483,Critical Thinking,essential,1
1483,Reading Comprehension,essential,1
1483,Active Listening,essential,1
1483,Speaking,essential,1
1483,Active Learning,essential,1
1483,Amazon DynamoDB,software,1
1483,Amazon Elastic Compute Cloud EC2,software,1
1483,Amazon Redshift,software,1
1483,Amazon Web Services AWS CloudFormation,software,1
1483,Amazon Web Services AWS software,software,1
1484,Active Listening,essential,1
1484,Speaking,essential,1
1484,Reading Comprehension,essential,1
1484,Writing,essential,1
1484,Active Learning,essential,1
1484,Apple macOS,software,1
1484,HubSpot software,software,1
1484,IBM SPSS Statistics,software,0
1484,Microsoft Excel,software,1
1484,Microsoft Office software,software,1
1485,Science,essential,1
1485,Reading Comprehension,essential,1
1485,Active Listening,essential,0
1485,Critical Thinking,essential,1
1485,Monitoring,essential,1
1485,Adobe Acrobat,software,1
1485,Adobe Photoshop,software,1
1485,ESRI ArcGIS software,software,1
1485,IBM SPSS Statistics,software,0
1485,Microsoft Access,software,1
1486,Active Listening,essential,0
1486,Speaking,essential,1
1486,Reading Comprehension,essential,1
1486,Writing,essential,1
1486,Active Learning,essential,0
1486,Apple macOS,software,1
1486,HubSpot software,software,1
1486,IBM SPSS Statistics,software,0
1486,Microsoft Excel,software,1
1486,Microsoft Office software,software,0
1487,Active Listening,essential,1
1487,Speaking,essential,1
1487,Reading Comprehension,essential,1
1487,Critical Thinking,essential,0
1487,Monitoring,essential,1
1487,Adobe Acrobat,software,0
1487,Adobe Creative Cloud software,software,1
1487,Bentley MicroStation,software,1
1487,Eclipse IDE,software,1
1487,Facebook,software,1
1489,Active Listening,essential,1
1489,Speaking,essential,1
1489,Reading Comprehension,essential,1
1489,Critical Thinking,essential,1
1489,Monitoring,essential,1
1489,Adobe Acrobat,software,1
1489,Adobe Creative Cloud software,software,1
1489,Bentley MicroStation,software,1
1489,Eclipse IDE,software,1
1489,Facebook,software,1
1492,Active Listening,essential,0
1492,Speaking,essential,1
1492,Reading Comprehension,essential,1
1492,Writing,essential,0
1492,Active Learning,essential,0
1492,Apple macOS,software,0
1492,HubSpot software,software,0
1492,IBM SPSS Statistics,software,0
1492,Microsoft Excel,software,0
1492,Microsoft Office software,software,0
1494,Reading Comprehension,essential,1
1494,Active Listening,essential,0
1494,Critical Thinking,essential,1
1494,Speaking,essential,0
1494,Science,essential,0
1494,Google Docs,software,0
1494,MEDITECH software,software,0
1494,Microsoft Excel,software,0
1494,Microsoft Office software,software,1
1494,Microsoft Outlook,software,1
1495,Active Listening,essential,0
1495,Speaking,essential,0
1495,Reading Comprehension,essential,0
1495,Writing,essential,1
1495,Active Learning,essential,0
1495,Apple macOS,software,0
1495,HubSpot software,software,0
1495,IBM SPSS Statistics,software,0
1495,Microsoft Excel,software,0
1495,Microsoft Office software,software,0
1496,Critical Thinking,essential,1
1496,Speaking,essential,0
1496,Monitoring,essential,1
1496,Reading Comprehension,essential,0
1496,Active Listening,essential,1
1496,Adobe Acrobat,software,1
1496,Adobe After Effects,software,0
1496,Adobe InDesign,software,1
1496,Adobe Photoshop,software,0
1496,Autodesk AutoCAD,software,0
1497,Active Listening,essential,1
1497,Speaking,essential,0
1497,Reading Comprehension,essential,1
1497,Critical Thinking,essential,1
1497,Monitoring,essential,1
1497,Adobe Acrobat,software,1
1497,Adobe Creative Cloud software,software,1
1497,Bentley MicroStation,software,1
1497,Eclipse IDE,software,1
1497,Facebook,software,1
1499,Speaking,essential,1
1499,Reading Comprehension,essential,0
1499,Active Listening,essential,1
1499,Writing,essential,1
1499,Critical Thinking,essential,0
1499,Adobe Acrobat,software,1
1499,Adobe Creative Cloud software,software,1
1499,Adobe Illustrator,software,1
1499,Adobe InDesign,software,1
1499,Adobe Photoshop,software,1
1501,Active Listening,essential,0
1501,Speaking,essential,1
1501,Reading Comprehension,essential,0
1501,Writing,essential,0
1501,Active Learning,essential,0
1501,Apple macOS,software,1
1501,HubSpot software,software,1
1501,IBM SPSS Statistics,software,1
1501,Microsoft Excel,software,0
1501,Microsoft Office software,software,1
1502,Reading Comprehension,essential,1
1502,Active Listening,essential,1
1502,Critical Thinking,essential,1
1502,Speaking,essential,1
1502,Science,essential,1
1502,Google Docs,software,1
1502,MEDITECH software,software,1
1502,Microsoft Excel,software,1
1502,Microsoft Office software,software,1
1502,Microsoft Outlook,software,1
1503,Active Listening,essential,1
1503,Speaking,essential,1
1503,Reading Comprehension,essential,1
1503,Critical Thinking,essential,0
1503,Monitoring,essential,1
1503,Adobe Acrobat,software,1
1503,Adobe Creative Cloud software,software,0
1503,Bentley MicroStation,software,0
1503,Eclipse IDE,software,1
1503,Facebook,software,1
1504,Reading Comprehension,essential,0
1504,Active Listening,essential,1
1504,Critical Thinking,essential,0
1504,Speaking,essential,0
1504,Science,essential,0
1504,Google Docs,software,1
1504,MEDITECH software,software,0
1504,Microsoft Excel,software,0
1504,Microsoft Office software,software,0
1504,Microsoft Outlook,software,1
1506,Critical Thinking,essential,1
1506,Reading Comprehension,essential,1
1506,Active Listening,essential,1
1506,Speaking,essential,0
1506,Active Learning,essential,0
1506,Amazon DynamoDB,software,1
1506,Amazon Elastic Compute Cloud EC2,software,0
1506,Amazon Redshift,software,1
1506,Amazon Web Services AWS CloudFormation,software,1
1506,Amazon Web Services AWS software,software,1
1507,Active Listening,essential,1
1507,Speaking,essential,0
1507,Reading Comprehension,essential,1
1507,Critical Thinking,essential,1
1507,Monitoring,essential,1
1507,Adobe Acrobat,software,0
1507,Adobe Creative Cloud software,software,1
1507,Bentley MicroStation,software,1
1507,Eclipse IDE,software,1
1507,Facebook,software,1
1509,Reading Comprehension,essential,1
1509,Active Listening,essential,0
1509,Critical Thinking,essential,0
1509,Speaking,essential,0
1509,Science,essential,1
1509,Google Docs,software,1
1509,MEDITECH software,software,1
1509,Microsoft Excel,software,0
1509,Microsoft Office software,software,0
1509,Microsoft Outlook,software,0
1513,Reading Comprehension,essential,0
1513,Active Listening,essential,1
1513,Critical Thinking,essential,1
1513,Speaking,essential,1
1513,Science,essential,1
1513,Google Docs,software,1
1513,MEDITECH software,software,1
1513,Microsoft Excel,software,0
1513,Microsoft Office software,software,0
1513,Microsoft Outlook,software,0
1514,Critical Thinking,essential,0
1514,Speaking,essential,1
1514,Monitoring,essential,1
1514,Reading Comprehension,essential,1
1514,Active Listening,essential,1
1514,Adobe Acrobat,software,1
1514,Adobe After Effects,software,1
1514,Adobe InDesign,software,1
1514,Adobe Photoshop,software,1
1514,Autodesk AutoCAD,software,1
1515,Active Listening,essential,1
1515,Speaking,essential,0
1515,Reading Comprehension,essential,1
1515,Writing,essential,1
1515,Active Learning,essential,1
1515,Apple macOS,software,1
1515,HubSpot software,software,0
1515,IBM SPSS Statistics,software,0
1515,Microsoft Excel,software,0
1515,Microsoft Office software,software,1
1516,N/A - Department-level analysis only,N/A,0
1520,N/A - Department-level analysis only,N/A,0
1522,Critical Thinking,essential,1
1522,Reading Comprehension,essential,1
1522,Active Listening,essential,1
1522,Speaking,essential,1
1522,Active Learning,essential,1
1522,Amazon DynamoDB,software,1
1522,Amazon Elastic Compute Cloud EC2,software,1
1522,Amazon Redshift,software,1
1522,Amazon Web Services AWS CloudFormation,software,1
1522,Amazon Web Services AWS software,software,1
1523,Science,essential,1
1523,Reading Comprehension,essential,0
1523,Active Listening,essential,0
1523,Critical Thinking,essential,1
1523,Monitoring,essential,1
1523,Adobe Acrobat,software,1
1523,Adobe Photoshop,software,1
1523,ESRI ArcGIS software,software,1
1523,IBM SPSS Statistics,software,0
1523,Microsoft Access,software,1
1525,Critical Thinking,essential,1
1525,Speaking,essential,0
1525,Monitoring,essential,1
1525,Reading Comprehension,essential,0
1525,Active Listening,essential,0
1525,Adobe Acrobat,software,0
1525,Adobe After Effects,software,1
1525,Adobe InDesign,software,1
1525,Adobe Photoshop,software,1
1525,Autodesk AutoCAD,software,0
1527,N/A - Department-level analysis only,N/A,0
1529,Active Listening,essential,1
1529,Speaking,essential,1
1529,Reading Comprehension,essential,1
1529,Writing,essential,1
1529,Active Learning,essential,1
1529,Apple macOS,software,1
1529,HubSpot software,software,1
1529,IBM SPSS Statistics,software,1
1529,Microsoft Excel,software,1
1529,Microsoft Office software,software,1
1533,Reading Comprehension,essential,1
1533,Active Listening,essential,1
1533,Critical Thinking,essential,1
1533,Speaking,essential,0
1533,Science,essential,1
1533,Google Docs,software,0
1533,MEDITECH software,software,1
1533,Microsoft Excel,software,0
1533,Microsoft Office software,software,0
1533,Microsoft Outlook,software,0
1534,Reading Comprehension,essential,0
1534,Active Listening,essential,0
1534,Critical Thinking,essential,0
1534,Speaking,essential,1
1534,Science,essential,1
1534,Google Docs,software,1
1534,MEDITECH software,software,1
1534,Microsoft Excel,software,1
1534,Microsoft Office software,software,1
1534,Microsoft Outlook,software,1
1535,Active Listening,essential,1
1535,Speaking,essential,1
1535,Reading Comprehension,essential,1
1535,Critical Thinking,essential,1
1535,Monitoring,essential,1
1535,Adobe Acrobat,software,1
1535,Adobe Creative Cloud software,software,1
1535,Bentley MicroStation,software,1
1535,Eclipse IDE,software,1
1535,Facebook,software,1
1537,Critical Thinking,essential,1
1537,Reading Comprehension,essential,0
1537,Active Listening,essential,0
1537,Speaking,essential,0
1537,Active Learning,essential,1
1537,Amazon DynamoDB,software,1
1537,Amazon Elastic Compute Cloud EC2,software,0
1537,Amazon Redshift,software,1
1537,Amazon Web Services AWS CloudFormation,software,1
1537,Amazon Web Services AWS software,software,1
1539,Science,essential,1
1539,Reading Comprehension,essential,1
1539,Active Listening,essential,1
1539,Critical Thinking,essential,1
1539,Monitoring,essential,1
1539,Adobe Acrobat,software,1
1539,Adobe Photoshop,software,1
1539,ESRI ArcGIS software,software,1
1539,IBM SPSS Statistics,software,1
1539,Microsoft Access,software,0
1541,Active Listening,essential,1
1541,Speaking,essential,1
1541,Reading Comprehension,essential,1
1541,Writing,essential,1
1541,Active Learning,essential,1
1541,Apple macOS,software,1
1541,HubSpot software,software,1
1541,IBM SPSS Statistics,software,1
1541,Microsoft Excel,software,1
1541,Microsoft Office software,software,1
1542,Reading Comprehension,essential,1
1542,Active Listening,essential,1
1542,Critical Thinking,essential,0
1542,Speaking,essential,1
1542,Science,essential,1
1542,Google Docs,software,0
1542,MEDITECH software,software,0
1542,Microsoft Excel,software,0
1542,Microsoft Office software,software,0
1542,Microsoft Outlook,software,0
1543,Critical Thinking,essential,0
1543,Reading Comprehension,essential,1
1543,Active Listening,essential,1
1543,Speaking,essential,1
1543,Active Learning,essential,0
1543,Amazon DynamoDB,software,1
1543,Amazon Elastic Compute Cloud EC2,software,1
1543,Amazon Redshift,software,1
1543,Amazon Web Services AWS CloudFormation,software,1
1543,Amazon Web Services AWS software,software,0
1544,Active Listening,essential,1
1544,Speaking,essential,1
1544,Reading Comprehension,essential,1
1544,Writing,essential,1
1544,Active Learning,essential,1
1544,Apple macOS,software,1
1544,HubSpot software,software,1
1544,IBM SPSS Statistics,software,1
1544,Microsoft Excel,software,1
1544,Microsoft Office software,software,1
1545,Critical Thinking,essential,1
1545,Speaking,essential,1
1545,Monitoring,essential,1
1545,Reading Comprehension,essential,0
1545,Active Listening,essential,0
1545,Adobe Acrobat,software,1
1545,Adobe After Effects,software,1
1545,Adobe InDesign,software,0
1545,Adobe Photoshop,software,1
1545,Autodesk AutoCAD,software,1
1546,Critical Thinking,essential,0
1546,Reading Comprehension,essential,1
1546,Active Listening,essential,0
1546,Speaking,essential,1
1546,Active Learning,essential,0
1546,Amazon DynamoDB,software,1
1546,Amazon Elastic Compute Cloud EC2,software,1
1546,Amazon Redshift,software,1
1546,Amazon Web Services AWS CloudFormation,software,1
1546,Amazon Web Services AWS software,software,1
1547,Active Listening,essential,1
1547,Speaking,essential,1
1547,Reading Comprehension,essential,1
1547,Writing,essential,1
1547,Active Learning,essential,1
1547,Apple macOS,software,1
1547,HubSpot software,software,1
1547,IBM SPSS Statistics,software,1
1547,Microsoft Excel,software,1
1547,Microsoft Office software,software,1
1548,Active Listening,essential,1
1548,Speaking,essential,1
1548,Reading Comprehension,essential,1
1548,Critical Thinking,essential,1
1548,Monitoring,essential,1
1548,Adobe Acrobat,software,1
1548,Adobe Creative Cloud software,software,1
1548,Bentley MicroStation,software,1
1548,Eclipse IDE,software,1
1548,Facebook,software,1
1549,Reading Comprehension,essential,0
1549,Active Listening,essential,1
1549,Critical Thinking,essential,1
1549,Speaking,essential,1
1549,Science,essential,1
1549,Google Docs,software,1
1549,MEDITECH software,software,1
1549,Microsoft Excel,software,1
1549,Microsoft Office software,software,1
1549,Microsoft Outlook,software,1
1550,N/A - Department-level analysis only,N/A,0
1551,Reading Comprehension,essential,1
1551,Active Listening,essential,1
1551,Critical Thinking,essential,0
1551,Speaking,essential,1
1551,Science,essential,0
1551,Google Docs,software,0
1551,MEDITECH software,software,0
1551,Microsoft Excel,software,0
1551,Microsoft Office software,software,0
1551,Microsoft Outlook,software,1
1552,Active Listening,essential,0
1552,Speaking,essential,1
1552,Reading Comprehension,essential,1
1552,Writing,essential,1
1552,Active Learning,essential,0
1552,Apple macOS,software,1
1552,HubSpot software,software,1
1552,IBM SPSS Statistics,software,1
1552,Microsoft Excel,software,0
1552,Microsoft Office software,software,0
1553,Active Listening,essential,1
1553,Speaking,essential,1
1553,Reading Comprehension,essential,1
1553,Writing,essential,1
1553,Active Learning,essential,1
1553,Apple macOS,software,1
1553,HubSpot software,software,1
1553,IBM SPSS Statistics,software,1
1553,Microsoft Excel,software,1
1553,Microsoft Office software,software,1
1554,Active Listening,essential,1
1554,Speaking,essential,1
1554,Reading Comprehension,essential,1
1554,Writing,essential,1
1554,Active Learning,essential,1
1554,Apple macOS,software,1
1554,HubSpot software,software,1
1554,IBM SPSS Statistics,software,1
1554,Microsoft Excel,software,1
1554,Microsoft Office software,software,1
1555,Critical Thinking,essential,1
1555,Reading Comprehension,essential,1
1555,Active Listening,essential,1
1555,Speaking,essential,1
1555,Active Learning,essential,1
1555,Amazon DynamoDB,software,1
1555,Amazon Elastic Compute Cloud EC2,software,0
1555,Amazon Redshift,software,0
1555,Amazon Web Services AWS CloudFormation,software,1
1555,Amazon Web Services AWS software,software,1
1556,Active Listening,essential,0
1556,Speaking,essential,1
1556,Reading Comprehension,essential,1
1556,Writing,essential,0
1556,Active Learning,essential,1
1556,Apple macOS,software,0
1556,HubSpot software,software,0
1556,IBM SPSS Statistics,software,0
1556,Microsoft Excel,software,1
1556,Microsoft Office software,software,1
1557,Active Listening,essential,1
1557,Speaking,essential,1
1557,Reading Comprehension,essential,1
1557,Critical Thinking,essential,1
1557,Monitoring,essential,1
1557,Adobe Acrobat,software,1
1557,Adobe Creative Cloud software,software,1
1557,Bentley MicroStation,software,1
1557,Eclipse IDE,software,1
1557,Facebook,software,1
1558,Critical Thinking,essential,0
1558,Reading Comprehension,essential,1
1558,Active Listening,essential,1
1558,Speaking,essential,0
1558,Active Learning,essential,0
1558,Amazon DynamoDB,software,0
1558,Amazon Elastic Compute Cloud EC2,software,0
1558,Amazon Redshift,software,1
1558,Amazon Web Services AWS CloudFormation,software,0
1558,Amazon Web Services AWS software,software,1
1560,Active Listening,essential,1
1560,Speaking,essential,0
1560,Reading Comprehension,essential,0
1560,Critical Thinking,essential,1
1560,Monitoring,essential,1
1560,Adobe Acrobat,software,1
1560,Adobe Creative Cloud software,software,0
1560,Bentley MicroStation,software,0
1560,Eclipse IDE,software,1
1560,Facebook,software,1
1562,Active Listening,essential,1
1562,Speaking,essential,1
1562,Reading Comprehension,essential,1
1562,Critical Thinking,essential,1
1562,Monitoring,essential,1
1562,Adobe Acrobat,software,1
1562,Adobe Creative Cloud software,software,1
1562,Bentley MicroStation,software,1
1562,Eclipse IDE,software,1
1562,Facebook,software,1
1563,Speaking,essential,1
1563,Reading Comprehension,essential,1
1563,Active Listening,essential,1
1563,Writing,essential,1
1563,Critical Thinking,essential,1
1563,Adobe Acrobat,software,0
1563,Adobe Creative Cloud software,software,1
1563,Adobe Illustrator,software,0
1563,Adobe InDesign,software,0
1563,Adobe Photoshop,software,1
1564,Reading Comprehension,essential,0
1564,Active Listening,essential,1
1564,Critical Thinking,essential,1
1564,Speaking,essential,1
1564,Science,essential,0
1564,Google Docs,software,1
1564,MEDITECH software,software,1
1564,Microsoft Excel,software,1
1564,Microsoft Office software,software,0
1564,Microsoft Outlook,software,1
1568,Active Listening,essential,0
1568,Speaking,essential,0
1568,Reading Comprehension,essential,0
1568,Critical Thinking,essential,0
1568,Monitoring,essential,0
1568,Adobe Acrobat,software,1
1568,Adobe Creative Cloud software,software,1
1568,Bentley MicroStation,software,1
1568,Eclipse IDE,software,1
1568,Facebook,software,1
1569,Reading Comprehension,essential,1
1569,Active Listening,essential,1
1569,Critical Thinking,essential,0
1569,Speaking,essential,1
1569,Science,essential,0
1569,Google Docs,software,0
1569,MEDITECH software,software,0
1569,Microsoft Excel,software,0
1569,Microsoft Office software,software,1
1569,Microsoft Outlook,software,1
1572,Critical Thinking,essential,1
1572,Speaking,essential,1
1572,Monitoring,essential,1
1572,Reading Comprehension,essential,1
1572,Active Listening,essential,1
1572,Adobe Acrobat,software,1
1572,Adobe After Effects,software,1
1572,Adobe InDesign,software,1
1572,Adobe Photoshop,software,1
1572,Autodesk AutoCAD,software,1
1573,Critical Thinking,essential,1
1573,Speaking,essential,1
1573,Monitoring,essential,1
1573,Reading Comprehension,essential,0
1573,Active Listening,essential,1
1573,Adobe Acrobat,software,0
1573,Adobe After Effects,software,0
1573,Adobe InDesign,software,1
1573,Adobe Photoshop,software,1
1573,Autodesk AutoCAD,software,0
1574,Critical Thinking,essential,0
1574,Reading Comprehension,essential,0
1574,Active Listening,essential,1
1574,Speaking,essential,0
1574,Active Learning,essential,1
1574,Amazon DynamoDB,software,1
1574,Amazon Elastic Compute Cloud EC2,software,0
1574,Amazon Redshift,software,1
1574,Amazon Web Services AWS CloudFormation,software,0
1574,Amazon Web Services AWS software,software,1
1576,Critical Thinking,essential,0
1576,Reading Comprehension,essential,1
1576,Active Listening,essential,0
1576,Speaking,essential,1
1576,Active Learning,essential,1
1576,Amazon DynamoDB,software,1
1576,Amazon Elastic Compute Cloud EC2,software,1
1576,Amazon Redshift,software,1
1576,Amazon Web Services AWS CloudFormation,software,1
1576,Amazon Web Services AWS software,software,1
1577,Critical Thinking,essential,0
1577,Reading Comprehension,essential,1
1577,Active Listening,essential,0
1577,Speaking,essential,1
1577,Active Learning,essential,1
1577,Amazon DynamoDB,software,1
1577,Amazon Elastic Compute Cloud EC2,software,1
1577,Amazon Redshift,software,1
1577,Amazon Web Services AWS CloudFormation,software,1
1577,Amazon Web Services AWS software,software,0
1578,N/A - Department-level analysis only,N/A,0
1580,Critical Thinking,essential,0
1580,Reading Comprehension,essential,0
1580,Active Listening,essential,1
1580,Speaking,essential,0
1580,Active Learning,essential,1
1580,Amazon DynamoDB,software,0
1580,Amazon Elastic Compute Cloud EC2,software,1
1580,Amazon Redshift,software,1
1580,Amazon Web Services AWS CloudFormation,software,1
1580,Amazon Web Services AWS software,software,0
1581,Critical Thinking,essential,1
1581,Reading Comprehension,essential,1
1581,Active Listening,essential,1
1581,Speaking,essential,0
1581,Active Learning,essential,0
1581,Amazon DynamoDB,software,1
1581,Amazon Elastic Compute Cloud EC2,software,1
1581,Amazon Redshift,software,0
1581,Amazon Web Services AWS CloudFormation,software,1
1581,Amazon Web Services AWS software,software,1
1582,Active Listening,essential,1
1582,Speaking,essential,1
1582,Reading Comprehension,essential,1
1582,Critical Thinking,essential,1
1582,Monitoring,essential,1
1582,Adobe Acrobat,software,1
1582,Adobe Creative Cloud software,software,1
1582,Bentley MicroStation,software,1
1582,Eclipse IDE,software,1
1582,Facebook,software,1
1583,Active Listening,essential,0
1583,Speaking,essential,0
1583,Reading Comprehension,essential,0
1583,Critical Thinking,essential,0
1583,Monitoring,essential,1
1583,Adobe Acrobat,software,1
1583,Adobe Creative Cloud software,software,0
1583,Bentley MicroStation,software,1
1583,Eclipse IDE,software,1
1583,Facebook,software,1
1585,Active Listening,essential,1
1585,Speaking,essential,0
1585,Reading Comprehension,essential,1
1585,Critical Thinking,essential,1
1585,Monitoring,essential,0
1585,Adobe Acrobat,software,1
1585,Adobe Creative Cloud software,software,1
1585,Bentley MicroStation,software,1
1585,Eclipse IDE,software,0
1585,Facebook,software,0
1586,Reading Comprehension,essential,1
1586,Active Listening,essential,1
1586,Critical Thinking,essential,1
1586,Speaking,essential,1
1586,Science,essential,1
1586,Google Docs,software,1
1586,MEDITECH software,software,1
1586,Microsoft Excel,software,0
1586,Microsoft Office software,software,1
1586,Microsoft Outlook,software,1
1587,Active Listening,essential,0
1587,Speaking,essential,1
1587,Reading Comprehension,essential,1
1587,Writing,essential,1
1587,Active Learning,essential,1
1587,Apple macOS,software,1
1587,HubSpot software,software,1
1587,IBM SPSS Statistics,software,1
1587,Microsoft Excel,software,1
1587,Microsoft Office software,software,1
1588,Active Listening,essential,1
1588,Speaking,essential,1
1588,Reading Comprehension,essential,1
1588,Critical Thinking,essential,1
1588,Monitoring,essential,0
1588,Adobe Acrobat,software,1
1588,Adobe Creative Cloud software,software,1
1588,Bentley MicroStation,software,1
1588,Eclipse IDE,software,1
1588,Facebook,software,1
1590,Active Listening,essential,0
1590,Speaking,essential,0
1590,Reading Comprehension,essential,1
1590,Writing,essential,1
1590,Active Learning,essential,0
1590,Apple macOS,software,0
1590,HubSpot software,software,0
1590,IBM SPSS Statistics,software,1
1590,Microsoft Excel,software,1
1590,Microsoft Office software,software,1
1591,N/A - Department-level analysis only,N/A,0
1592,Critical Thinking,essential,1
1592,Reading Comprehension,essential,1
1592,Active Listening,essential,0
1592,Speaking,essential,1
1592,Active Learning,essential,0
1592,Amazon DynamoDB,software,0
1592,Amazon Elastic Compute Cloud EC2,software,1
1592,Amazon Redshift,software,0
1592,Amazon Web Services AWS CloudFormation,software,1
1592,Amazon Web Services AWS software,software,0
1594,Reading Comprehension,essential,1
1594,Active Listening,essential,1
1594,Critical Thinking,essential,0
1594,Speaking,essential,1
1594,Science,essential,0
1594,Google Docs,software,1
1594,MEDITECH software,software,1
1594,Microsoft Excel,software,1
1594,Microsoft Office software,software,1
1594,Microsoft Outlook,software,1
1595,N/A - Department-level analysis only,N/A,0
1596,Reading Comprehension,essential,1
1596,Active Listening,essential,1
1596,Critical Thinking,essential,1
1596,Speaking,essential,0
1596,Science,essential,1
1596,Google Docs,software,1
1596,MEDITECH software,software,1
1596,Microsoft Excel,software,1
1596,Microsoft Office software,software,1
1596,Microsoft Outlook,software,0
1597,Active Listening,essential,1
1597,Speaking,essential,0
1597,Reading Comprehension,essential,1
1597,Writing,essential,0
1597,Active Learning,essential,1
1597,Apple macOS,software,1
1597,HubSpot software,software,1
1597,IBM SPSS Statistics,software,1
1597,Microsoft Excel,software,1
1597,Microsoft Office software,software,1
1598,Active Listening,essential,1
1598,Speaking,essential,1
1598,Reading Comprehension,essential,0
1598,Critical Thinking,essential,0
1598,Monitoring,essential,1
1598,Adobe Acrobat,software,1
1598,Adobe Creative Cloud software,software,1
1598,Bentley MicroStation,software,1
1598,Eclipse IDE,software,0
1598,Facebook,software,1
1599,Reading Comprehension,essential,1
1599,Active Listening,essential,0
1599,Critical Thinking,essential,0
1599,Speaking,essential,1
1599,Science,essential,0
1599,Google Docs,software,1
1599,MEDITECH software,software,1
1599,Microsoft Excel,software,1
1599,Microsoft Office software,software,1
1599,Microsoft Outlook,software,1
1601,Reading Comprehension,essential,1
1601,Active Listening,essential,0
1601,Critical Thinking,essential,0
1601,Speaking,essential,1
1601,Science,essential,1
1601,Google Docs,software,0
1601,MEDITECH software,software,1
1601,Microsoft Excel,software,0
1601,Microsoft Office software,software,0
1601,Microsoft Outlook,software,1
1602,N/A - Department-level analysis only,N/A,0
1604,Reading Comprehension,essential,1
1604,Active Listening,essential,1
1604,Critical Thinking,essential,1
1604,Speaking,essential,1
1604,Science,essential,0
1604,Google Docs,software,1
1604,MEDITECH software,software,0
1604,Microsoft Excel,software,0
1604,Microsoft Office software,software,1
1604,Microsoft Outlook,software,1
1605,Critical Thinking,essential,1
1605,Reading Comprehension,essential,1
1605,Active Listening,essential,0
1605,Speaking,essential,1
1605,Active Learning,essential,0
1605,Amazon DynamoDB,software,1
1605,Amazon Elastic Compute Cloud EC2,software,1
1605,Amazon Redshift,software,1
1605,Amazon Web Services AWS CloudFormation,software,0
1605,Amazon Web Services AWS software,software,1
1606,Active Listening,essential,1
1606,Speaking,essential,1
1606,Reading Comprehension,essential,1
1606,Writing,essential,1
1606,Active Learning,essential,1
1606,Apple macOS,software,1
1606,HubSpot software,software,1
1606,IBM SPSS Statistics,software,1
1606,Microsoft Excel,software,1
1606,Microsoft Office software,software,1
1607,Critical Thinking,essential,1
1607,Reading Comprehension,essential,0
1607,Active Listening,essential,0
1607,Speaking,essential,1
1607,Active Learning,essential,1
1607,Amazon DynamoDB,software,0
1607,Amazon Elastic Compute Cloud EC2,software,1
1607,Amazon Redshift,software,1
1607,Amazon Web Services AWS CloudFormation,software,0
1607,Amazon Web Services AWS software,software,1
1608,Science,essential,1
1608,Reading Comprehension,essential,1
1608,Active Listening,essential,0
1608,Critical Thinking,essential,1
1608,Monitoring,essential,1
1608,Adobe Acrobat,software,1
1608,Adobe Photoshop,software,1
1608,ESRI ArcGIS software,software,1
1608,IBM SPSS Statistics,software,1
1608,Microsoft Access,software,1
1609,Critical Thinking,essential,1
1609,Reading Comprehension,essential,1
1609,Active Listening,essential,1
1609,Speaking,essential,0
1609,Active Learning,essential,0
1609,Amazon DynamoDB,software,1
1609,Amazon Elastic Compute Cloud EC2,software,0
1609,Amazon Redshift,software,0
1609,Amazon Web Services AWS CloudFormation,software,1
1609,Amazon Web Services AWS software,software,1
1611,Reading Comprehension,essential,1
1611,Active Listening,essential,1
1611,Critical Thinking,essential,1
1611,Speaking,essential,1
1611,Science,essential,1
1611,Google Docs,software,1
1611,MEDITECH software,software,1
1611,Microsoft Excel,software,1
1611,Microsoft Office software,software,1
1611,Microsoft Outlook,software,0
1612,Active Listening,essential,1
1612,Speaking,essential,0
1612,Reading Comprehension,essential,1
1612,Critical Thinking,essential,1
1612,Monitoring,essential,1
1612,Adobe Acrobat,software,1
1612,Adobe Creative Cloud software,software,1
1612,Bentley MicroStation,software,1
1612,Eclipse IDE,software,0
1612,Facebook,software,1
1613,Active Listening,essential,1
1613,Speaking,essential,0
1613,Reading Comprehension,essential,1
1613,Critical Thinking,essential,1
1613,Monitoring,essential,0
1613,Adobe Acrobat,software,0
1613,Adobe Creative Cloud software,software,0
1613,Bentley MicroStation,software,0
1613,Eclipse IDE,software,1
1613,Facebook,software,0
1614,Critical Thinking,essential,1
1614,Speaking,essential,0
1614,Monitoring,essential,1
1614,Reading Comprehension,essential,0
1614,Active Listening,essential,1
1614,Adobe Acrobat,software,1
1614,Adobe After Effects,software,1
1614,Adobe InDesign,software,0
1614,Adobe Photoshop,software,0
1614,Autodesk AutoCAD,software,1
1615,Critical Thinking,essential,1
1615,Speaking,essential,1
1615,Monitoring,essential,1
1615,Reading Comprehension,essential,1
1615,Active Listening,essential,1
1615,Adobe Acrobat,software,1
1615,Adobe After Effects,software,1
1615,Adobe InDesign,software,1
1615,Adobe Photoshop,software,1
1615,Autodesk AutoCAD,software,1
1617,Reading Comprehension,essential,1
1617,Active Listening,essential,1
1617,Critical Thinking,essential,1
1617,Speaking,essential,0
1617,Science,essential,1
1617,Google Docs,software,1
1617,MEDITECH software,software,1
1617,Microsoft Excel,software,1
1617,Microsoft Office software,software,1
1617,Microsoft Outlook,software,1
1618,Critical Thinking,essential,1
1618,Speaking,essential,1
1618,Monitoring,essential,1
1618,Reading Comprehension,essential,1
1618,Active Listening,essential,1
1618,Adobe Acrobat,software,1
1618,Adobe After Effects,software,0
1618,Adobe InDesign,software,0
1618,Adobe Photoshop,software,1
1618,Autodesk AutoCAD,software,1
1619,Reading Comprehension,essential,1
1619,Active Listening,essential,1
1619,Critical Thinking,essential,1
1619,Speaking,essential,0
1619,Science,essential,0
1619,Google Docs,software,1
1619,MEDITECH software,software,0
1619,Microsoft Excel,software,1
1619,Microsoft Office software,software,1
1619,Microsoft Outlook,software,1
1621,Critical Thinking,essential,1
1621,Reading Comprehension,essential,1
1621,Active Listening,essential,1
1621,Speaking,essential,1
1621,Active Learning,essential,1
1621,Amazon DynamoDB,software,0
1621,Amazon Elastic Compute Cloud EC2,software,1
1621,Amazon Redshift,software,1
1621,Amazon Web Services AWS CloudFormation,software,1
1621,Amazon Web Services AWS software,software,1
1622,Critical Thinking,essential,1
1622,Speaking,essential,0
1622,Monitoring,essential,1
1622,Reading Comprehension,essential,0
1622,Active Listening,essential,1
1622,Adobe Acrobat,software,1
1622,Adobe After Effects,software,0
1622,Adobe InDesign,software,0
1622,Adobe Photoshop,software,0
1622,Autodesk AutoCAD,software,1
1623,Critical Thinking,essential,0
1623,Reading Comprehension,essential,0
1623,Active Listening,essential,0
1623,Speaking,essential,0
1623,Active Learning,essential,1
1623,Amazon DynamoDB,software,0
1623,Amazon Elastic Compute Cloud EC2,software,1
1623,Amazon Redshift,software,0
1623,Amazon Web Services AWS CloudFormation,software,1
1623,Amazon Web Services AWS software,software,0
1624,Active Listening,essential,0
1624,Speaking,essential,1
1624,Reading Comprehension,essential,0
1624,Writing,essential,0
1624,Active Learning,essential,0
1624,Apple macOS,software,1
1624,HubSpot software,software,1
1624,IBM SPSS Statistics,software,1
1624,Microsoft Excel,software,0
1624,Microsoft Office software,software,1
1625,N/A - Department-level analysis only,N/A,0
1627,Reading Comprehension,essential,1
1627,Active Listening,essential,1
1627,Critical Thinking,essential,1
1627,Speaking,essential,1
1627,Science,essential,1
1627,Google Docs,software,1
1627,MEDITECH software,software,1
1627,Microsoft Excel,software,1
1627,Microsoft Office software,software,1
1627,Microsoft Outlook,software,1
1628,Critical Thinking,essential,1
1628,Speaking,essential,0
1628,Monitoring,essential,1
1628,Reading Comprehension,essential,1
1628,Active Listening,essential,1
1628,Adobe Acrobat,software,1
1628,Adobe After Effects,software,1
1628,Adobe InDesign,software,1
1628,Adobe Photoshop,software,1
1628,Autodesk AutoCAD,software,1
1630,Active Listening,essential,1
1630,Speaking,essential,1
1630,Reading Comprehension,essential,0
1630,Writing,essential,1
1630,Active Learning,essential,1
1630,Apple macOS,software,1
1630,HubSpot software,software,0
1630,IBM SPSS Statistics,software,1
1630,Microsoft Excel,software,1
1630,Microsoft Office software,software,1
1631,Critical Thinking,essential,1
1631,Speaking,essential,1
1631,Monitoring,essential,1
1631,Reading Comprehension,essential,0
1631,Active Listening,essential,1
1631,Adobe Acrobat,software,1
1631,Adobe After Effects,software,0
1631,Adobe InDesign,software,1
1631,Adobe Photoshop,software,0
1631,Autodesk AutoCAD,software,1
1633,Critical Thinking,essential,1
1633,Speaking,essential,1
1633,Monitoring,essential,0
1633,Reading Comprehension,essential,1
1633,Active Listening,essential,0
1633,Adobe Acrobat,software,1
1633,Adobe After Effects,software,1
1633,Adobe InDesign,software,1
1633,Adobe Photoshop,software,1
1633,Autodesk AutoCAD,software,1
1635,Critical Thinking,essential,1
1635,Speaking,essential,1
1635,Monitoring,essential,1
1635,Reading Comprehension,essential,1
1635,Active Listening,essential,1
1635,Adobe Acrobat,software,1
1635,Adobe After Effects,software,1
1635,Adobe InDesign,software,1
1635,Adobe Photoshop,software,1
1635,Autodesk AutoCAD,software,1
1638,Critical Thinking,essential,1
1638,Speaking,essential,0
1638,Monitoring,essential,1
1638,Reading Comprehension,essential,1
1638,Active Listening,essential,1
1638,Adobe Acrobat,software,1
1638,Adobe After Effects,software,1
1638,Adobe InDesign,software,1
1638,Adobe Photoshop,software,1
1638,Autodesk AutoCAD,software,1
1639,Active Listening,essential,1
1639,Speaking,essential,1
1639,Reading Comprehension,essential,1
1639,Critical Thinking,essential,1
1639,Monitoring,essential,1
1639,Adobe Acrobat,software,1
1639,Adobe Creative Cloud software,software,1
1639,Bentley MicroStation,software,1
1639,Eclipse IDE,software,1
1639,Facebook,software,1
1640,Critical Thinking,essential,1
1640,Reading Comprehension,essential,1
1640,Active Listening,essential,1
1640,Speaking,essential,1
1640,Active Learning,essential,1
1640,Amazon DynamoDB,software,1
1640,Amazon Elastic Compute Cloud EC2,software,1
1640,Amazon Redshift,software,1
1640,Amazon Web Services AWS CloudFormation,software,1
1640,Amazon Web Services AWS software,software,1
1641,Critical Thinking,essential,1
1641,Speaking,essential,1
1641,Monitoring,essential,0
1641,Reading Comprehension,essential,1
1641,Active Listening,essential,0
1641,Adobe Acrobat,software,0
1641,Adobe After Effects,software,1
1641,Adobe InDesign,software,1
1641,Adobe Photoshop,software,1
1641,Autodesk AutoCAD,software,1
1642,Speaking,essential,1
1642,Reading Comprehension,essential,1
1642,Active Listening,essential,1
1642,Writing,essential,1
1642,Critical Thinking,essential,1
1642,Adobe Acrobat,software,1
1642,Adobe Creative Cloud software,software,1
1642,Adobe Illustrator,software,1
1642,Adobe InDesign,software,1
1642,Adobe Photoshop,software,1
1644,N/A - Department-level analysis only,N/A,0
1645,Active Listening,essential,0
1645,Speaking,essential,0
1645,Reading Comprehension,essential,0
1645,Critical Thinking,essential,0
1645,Monitoring,essential,0
1645,Adobe Acrobat,software,1
1645,Adobe Creative Cloud software,software,1
1645,Bentley MicroStation,software,1
1645,Eclipse IDE,software,0
1645,Facebook,software,1
1646,Critical Thinking,essential,0
1646,Reading Comprehension,essential,1
1646,Active Listening,essential,0
1646,Speaking,essential,1
1646,Active Learning,essential,1
1646,Amazon DynamoDB,software,1
1646,Amazon Elastic Compute Cloud EC2,software,1
1646,Amazon Redshift,software,1
1646,Amazon Web Services AWS CloudFormation,software,0
1646,Amazon Web Services AWS software,software,1
1647,Critical Thinking,essential,1
1647,Reading Comprehension,essential,0
1647,Active Listening,essential,1
1647,Speaking,essential,0
1647,Active Learning,essential,0
1647,Amazon DynamoDB,software,1
1647,Amazon Elastic Compute Cloud EC2,software,1
1647,Amazon Redshift,software,1
1647,Amazon Web Services AWS CloudFormation,software,0
1647,Amazon Web Services AWS software,software,0
1648,Critical Thinking,essential,0
1648,Reading Comprehension,essential,0
1648,Active Listening,essential,1
1648,Speaking,essential,0
1648,Active Learning,essential,0
1648,Amazon DynamoDB,software,0
1648,Amazon Elastic Compute Cloud EC2,software,0
1648,Amazon Redshift,software,0
1648,Amazon Web Services AWS CloudFormation,software,1
1648,Amazon Web Services AWS software,software,1
1649,Reading Comprehension,essential,1
1649,Active Listening,essential,1
1649,Critical Thinking,essential,0
1649,Speaking,essential,1
1649,Science,essential,0
1649,Google Docs,software,1
1649,MEDITECH software,software,1
1649,Microsoft Excel,software,0
1649,Microsoft Office software,software,0
1649,Microsoft Outlook,software,1
1650,Active Listening,essential,1
1650,Speaking,essential,1
1650,Reading Comprehension,essential,1
1650,Critical Thinking,essential,1
1650,Monitoring,essential,1
1650,Adobe Acrobat,software,0
1650,Adobe Creative Cloud software,software,1
1650,Bentley MicroStation,software,0
1650,Eclipse IDE,software,0
1650,Facebook,software,1
1651,Active Listening,essential,0
1651,Speaking,essential,1
1651,Reading Comprehension,essential,0
1651,Writing,essential,1
1651,Active Learning,essential,1
1651,Apple macOS,software,0
1651,HubSpot software,software,1
1651,IBM SPSS Statistics,software,0
1651,Microsoft Excel,software,0
1651,Microsoft Office software,software,1
1653,Critical Thinking,essential,1
1653,Speaking,essential,1
1653,Monitoring,essential,1
1653,Reading Comprehension,essential,1
1653,Active Listening,essential,1
1653,Adobe Acrobat,software,1
1653,Adobe After Effects,software,1
1653,Adobe InDesign,software,1
1653,Adobe Photoshop,software,1
1653,Autodesk AutoCAD,software,1
1654,Critical Thinking,essential,0
1654,Speaking,essential,1
1654,Monitoring,essential,1
1654,Reading Comprehension,essential,1
1654,Active Listening,essential,1
1654,Adobe Acrobat,software,0
1654,Adobe After Effects,software,1
1654,Adobe InDesign,software,0
1654,Adobe Photoshop,software,1
1654,Autodesk AutoCAD,software,1
1655,Science,essential,1
1655,Reading Comprehension,essential,0
1655,Active Listening,essential,1
1655,Critical Thinking,essential,1
1655,Monitoring,essential,0
1655,Adobe Acrobat,software,1
1655,Adobe Photoshop,software,1
1655,ESRI ArcGIS software,software,1
1655,IBM SPSS Statistics,software,1
1655,Microsoft Access,software,0
1656,Science,essential,1
1656,Reading Comprehension,essential,1
1656,Active Listening,essential,1
1656,Critical Thinking,essential,1
1656,Monitoring,essential,1
1656,Adobe Acrobat,software,1
1656,Adobe Photoshop,software,1
1656,ESRI ArcGIS software,software,1
1656,IBM SPSS Statistics,software,1
1656,Microsoft Access,software,1
1657,Active Listening,essential,0
1657,Speaking,essential,1
1657,Reading Comprehension,essential,0
1657,Writing,essential,1
1657,Active Learning,essential,0
1657,Apple macOS,software,1
1657,HubSpot software,software,1
1657,IBM SPSS Statistics,software,1
1657,Microsoft Excel,software,1
1657,Microsoft Office software,software,1
1658,Critical Thinking,essential,1
1658,Reading Comprehension,essential,1
1658,Active Listening,essential,1
1658,Speaking,essential,1
1658,Active Learning,essential,1
1658,Amazon DynamoDB,software,1
1658,Amazon Elastic Compute Cloud EC2,software,1
1658,Amazon Redshift,software,1
1658,Amazon Web Services AWS CloudFormation,software,1
1658,Amazon Web Services AWS software,software,1
1659,Reading Comprehension,essential,1
1659,Active Listening,essential,1
1659,Critical Thinking,essential,1
1659,Speaking,essential,0
1659,Science,essential,0
1659,Google Docs,software,1
1659,MEDITECH software,software,1
1659,Microsoft Excel,software,1
1659,Microsoft Office software,software,1
1659,Microsoft Outlook,software,1
1661,Active Listening,essential,1
1661,Speaking,essential,1
1661,Reading Comprehension,essential,1
1661,Writing,essential,1
1661,Active Learning,essential,1
1661,Apple macOS,software,1
1661,HubSpot software,software,1
1661,IBM SPSS Statistics,software,1
1661,Microsoft Excel,software,1
1661,Microsoft Office software,software,1
1662,Critical Thinking,essential,0
1662,Speaking,essential,1
1662,Monitoring,essential,1
1662,Reading Comprehension,essential,0
1662,Active Listening,essential,1
1662,Adobe Acrobat,software,1
1662,Adobe After Effects,software,0
1662,Adobe InDesign,software,1
1662,Adobe Photoshop,software,1
1662,Autodesk AutoCAD,software,1
1664,Active Listening,essential,1
1664,Speaking,essential,1
1664,Reading Comprehension,essential,1
1664,Writing,essential,1
1664,Active Learning,essential,1
1664,Apple macOS,software,1
1664,HubSpot software,software,1
1664,IBM SPSS Statistics,software,0
1664,Microsoft Excel,software,1
1664,Microsoft Office software,software,0
1665,N/A - Department-level analysis only,N/A,0
1666,Science,essential,1
1666,Reading Comprehension,essential,1
1666,Active Listening,essential,1
1666,Critical Thinking,essential,1
1666,Monitoring,essential,1
1666,Adobe Acrobat,software,1
1666,Adobe Photoshop,software,1
1666,ESRI ArcGIS software,software,1
1666,IBM SPSS Statistics,software,1
1666,Microsoft Access,software,1
1667,Active Listening,essential,1
1667,Speaking,essential,1
1667,Reading Comprehension,essential,1
1667,Critical Thinking,essential,1
1667,Monitoring,essential,1
1667,Adobe Acrobat,software,1
1667,Adobe Creative Cloud software,software,1
1667,Bentley MicroStation,software,1
1667,Eclipse IDE,software,1
1667,Facebook,software,1
1668,Critical Thinking,essential,1
1668,Reading Comprehension,essential,1
1668,Active Listening,essential,1
1668,Speaking,essential,1
1668,Active Learning,essential,1
1668,Amazon DynamoDB,software,1
1668,Amazon Elastic Compute Cloud EC2,software,1
1668,Amazon Redshift,software,1
1668,Amazon Web Services AWS CloudFormation,software,1
1668,Amazon Web Services AWS software,software,1
1669,Active Listening,essential,1
1669,Speaking,essential,1
1669,Reading Comprehension,essential,1
1669,Critical Thinking,essential,1
1669,Monitoring,essential,1
1669,Adobe Acrobat,software,1
1669,Adobe Creative Cloud software,software,1
1669,Bentley MicroStation,software,1
1669,Eclipse IDE,software,1
1669,Facebook,software,1
1670,Active Listening,essential,1
1670,Speaking,essential,1
1670,Reading Comprehension,essential,1
1670,Critical Thinking,essential,1
1670,Monitoring,essential,0
1670,Adobe Acrobat,software,1
1670,Adobe Creative Cloud software,software,0
1670,Bentley MicroStation,software,1
1670,Eclipse IDE,software,1
1670,Facebook,software,1
1671,Critical Thinking,essential,1
1671,Reading Comprehension,essential,1
1671,Active Listening,essential,1
1671,Speaking,essential,1
1671,Active Learning,essential,1
1671,Amazon DynamoDB,software,1
1671,Amazon Elastic Compute Cloud EC2,software,1
1671,Amazon Redshift,software,1
1671,Amazon Web Services AWS CloudFormation,software,1
1671,Amazon Web Services AWS software,software,1
1673,Active Listening,essential,1
1673,Speaking,essential,1
1673,Reading Comprehension,essential,0
1673,Critical Thinking,essential,1
1673,Monitoring,essential,1
1673,Adobe Acrobat,software,0
1673,Adobe Creative Cloud software,software,1
1673,Bentley MicroStation,software,0
1673,Eclipse IDE,software,1
1673,Facebook,software,0
1674,Reading Comprehension,essential,0
1674,Active Listening,essential,1
1674,Critical Thinking,essential,0
1674,Speaking,essential,1
1674,Science,essential,1
1674,Google Docs,software,0
1674,MEDITECH software,software,1
1674,Microsoft Excel,software,1
1674,Microsoft Office software,software,0
1674,Microsoft Outlook,software,1
1675,Reading Comprehension,essential,1
1675,Active Listening,essential,1
1675,Critical Thinking,essential,1
1675,Speaking,essential,0
1675,Science,essential,0
1675,Google Docs,software,0
1675,MEDITECH software,software,1
1675,Microsoft Excel,software,1
1675,Microsoft Office software,software,0
1675,Microsoft Outlook,software,0
1676,N/A - Department-level analysis only,N/A,0
1677,N/A - Department-level analysis only,N/A,0
1678,Active Listening,essential,0
1678,Speaking,essential,0
1678,Reading Comprehension,essential,0
1678,Critical Thinking,essential,0
1678,Monitoring,essential,1
1678,Adobe Acrobat,software,0
1678,Adobe Creative Cloud software,software,1
1678,Bentley MicroStation,software,1
1678,Eclipse IDE,software,1
1678,Facebook,software,1
1680,Active Listening,essential,1
1680,Speaking,essential,1
1680,Reading Comprehension,essential,0
1680,Writing,essential,0
1680,Active Learning,essential,0
1680,Apple macOS,software,1
1680,HubSpot software,software,0
1680,IBM SPSS Statistics,software,0
1680,Microsoft Excel,software,1
1680,Microsoft Office software,software,0
1681,Active Listening,essential,0
1681,Speaking,essential,1
1681,Reading Comprehension,essential,0
1681,Critical Thinking,essential,0
1681,Monitoring,essential,1
1681,Adobe Acrobat,software,1
1681,Adobe Creative Cloud software,software,1
1681,Bentley MicroStation,software,1
1681,Eclipse IDE,software,1
1681,Facebook,software,1
1682,Active Listening,essential,1
1682,Speaking,essential,0
1682,Reading Comprehension,essential,1
1682,Writing,essential,1
1682,Active Learning,essential,1
1682,Apple macOS,software,1
1682,HubSpot software,software,1
1682,IBM SPSS Statistics,software,1
1682,Microsoft Excel,software,1
1682,Microsoft Office software,software,0
1683,Speaking,essential,0
1683,Reading Comprehension,essential,1
1683,Active Listening,essential,1
1683,Writing,essential,0
1683,Critical Thinking,essential,0
1683,Adobe Acrobat,software,1
1683,Adobe Creative Cloud software,software,0
1683,Adobe Illustrator,software,0
1683,Adobe InDesign,software,1
1683,Adobe Photoshop,software,0
1684,Reading Comprehension,essential,0
1684,Active Listening,essential,0
1684,Critical Thinking,essential,1
1684,Speaking,essential,1
1684,Science,essential,1
1684,Google Docs,software,1
1684,MEDITECH software,software,0
1684,Microsoft Excel,software,0
1684,Microsoft Office software,software,0
1684,Microsoft Outlook,software,0
1687,Reading Comprehension,essential,1
1687,Active Listening,essential,0
1687,Critical Thinking,essential,0
1687,Speaking,essential,1
1687,Science,essential,0
1687,Google Docs,software,1
1687,MEDITECH software,software,0
1687,Microsoft Excel,software,1
1687,Microsoft Office software,software,1
1687,Microsoft Outlook,software,0
1689,Active Listening,essential,0
1689,Speaking,essential,1
1689,Reading Comprehension,essential,1
1689,Writing,essential,1
1689,Active Learning,essential,1
1689,Apple macOS,software,0
1689,HubSpot software,software,0
1689,IBM SPSS Statistics,software,1
1689,Microsoft Excel,software,0
1689,Microsoft Office software,software,1
1691,Active Listening,essential,1
1691,Speaking,essential,1
1691,Reading Comprehension,essential,1
1691,Writing,essential,1
1691,Active Learning,essential,1
1691,Apple macOS,software,1
1691,HubSpot software,software,1
1691,IBM SPSS Statistics,software,1
1691,Microsoft Excel,software,1
1691,Microsoft Office software,software,1
1692,Reading Comprehension,essential,0
1692,Active Listening,essential,1
1692,Critical Thinking,essential,1
1692,Speaking,essential,0
1692,Science,essential,0
1692,Google Docs,software,1
1692,MEDITECH software,software,1
1692,Microsoft Excel,software,0
1692,Microsoft Office software,software,0
1692,Microsoft Outlook,software,0
1693,Reading Comprehension,essential,1
1693,Active Listening,essential,0
1693,Critical Thinking,essential,1
1693,Speaking,essential,1
1693,Science,essential,1
1693,Google Docs,software,1
1693,MEDITECH software,software,1
1693,Microsoft Excel,software,1
1693,Microsoft Office software,software,1
1693,Microsoft Outlook,software,1
1694,Critical Thinking,essential,1
1694,Reading Comprehension,essential,0
1694,Active Listening,essential,1
1694,Speaking,essential,1
1694,Active Learning,essential,0
1694,Amazon DynamoDB,software,1
1694,Amazon Elastic Compute Cloud EC2,software,0
1694,Amazon Redshift,software,1
1694,Amazon Web Services AWS CloudFormation,software,0
1694,Amazon Web Services AWS software,software,0
1696,Reading Comprehension,essential,1
1696,Active Listening,essential,1
1696,Critical Thinking,essential,1
1696,Speaking,essential,1
1696,Science,essential,1
1696,Google Docs,software,1
1696,MEDITECH software,software,1
1696,Microsoft Excel,software,1
1696,Microsoft Office software,software,1
1696,Microsoft Outlook,software,1
1697,Active Listening,essential,0
1697,Speaking,essential,0
1697,Reading Comprehension,essential,0
1697,Writing,essential,0
1697,Active Learning,essential,0
1697,Apple macOS,software,0
1697,HubSpot software,software,0
1697,IBM SPSS Statistics,software,0
1697,Microsoft Excel,software,0
1697,Microsoft Office software,software,1
1698,Reading Comprehension,essential,1
1698,Active Listening,essential,1
1698,Critical Thinking,essential,1
1698,Speaking,essential,1
1698,Science,essential,1
1698,Google Docs,software,0
1698,MEDITECH software,software,1
1698,Microsoft Excel,software,1
1698,Microsoft Office software,software,1
1698,Microsoft Outlook,software,1
1700,Active Listening,essential,1
1700,Speaking,essential,1
1700,Reading Comprehension,essential,1
1700,Critical Thinking,essential,1
1700,Monitoring,essential,1
1700,Adobe Acrobat,software,1
1700,Adobe Creative Cloud software,software,0
1700,Bentley MicroStation,software,1
1700,Eclipse IDE,software,1
1700,Facebook,software,0
1701,Critical Thinking,essential,1
1701,Reading Comprehension,essential,1
1701,Active Listening,essential,1
1701,Speaking,essential,1
1701,Active Learning,essential,1
1701,Amazon DynamoDB,software,1
1701,Amazon Elastic Compute Cloud EC2,software,1
1701,Amazon Redshift,software,1
1701,Amazon Web Services AWS CloudFormation,software,1
1701,Amazon Web Services AWS software,software,1
1702,Active Listening,essential,1
1702,Speaking,essential,0
1702,Reading Comprehension,essential,0
1702,Writing,essential,1
1702,Active Learning,essential,0
1702,Apple macOS,software,1
1702,HubSpot software,software,1
1702,IBM SPSS Statistics,software,0
1702,Microsoft Excel,software,1
1702,Microsoft Office software,software,1
1703,Active Listening,essential,1
1703,Speaking,essential,1
1703,Reading Comprehension,essential,1
1703,Writing,essential,0
1703,Active Learning,essential,1
1703,Apple macOS,software,1
1703,HubSpot software,software,1
1703,IBM SPSS Statistics,software,0
1703,Microsoft Excel,software,1
1703,Microsoft Office software,software,1
1704,Critical Thinking,essential,0
1704,Reading Comprehension,essential,1
1704,Active Listening,essential,1
1704,Speaking,essential,1
1704,Active Learning,essential,1
1704,Amazon DynamoDB,software,1
1704,Amazon Elastic Compute Cloud EC2,software,1
1704,Amazon Redshift,software,0
1704,Amazon Web Services AWS CloudFormation,software,1
1704,Amazon Web Services AWS software,software,1
1706,Active Listening,essential,1
1706,Speaking,essential,1
1706,Reading Comprehension,essential,1
1706,Critical Thinking,essential,1
1706,Monitoring,essential,1
1706,Adobe Acrobat,software,1
1706,Adobe Creative Cloud software,software,1
1706,Bentley MicroStation,software,1
1706,Eclipse IDE,software,1
1706,Facebook,software,1
1707,Critical Thinking,essential,1
1707,Reading Comprehension,essential,0
1707,Active Listening,essential,0
1707,Speaking,essential,0
1707,Active Learning,essential,1
1707,Amazon DynamoDB,software,0
1707,Amazon Elastic Compute Cloud EC2,software,1
1707,Amazon Redshift,software,1
1707,Amazon Web Services AWS CloudFormation,software,0
1707,Amazon Web Services AWS software,software,1
1708,Active Listening,essential,1
1708,Speaking,essential,1
1708,Reading Comprehension,essential,1
1708,Critical Thinking,essential,1
1708,Monitoring,essential,1
1708,Adobe Acrobat,software,1
1708,Adobe Creative Cloud software,software,1
1708,Bentley MicroStation,software,1
1708,Eclipse IDE,software,1
1708,Facebook,software,1
1709,Reading Comprehension,essential,1
1709,Active Listening,essential,1
1709,Critical Thinking,essential,1
1709,Speaking,essential,1
1709,Science,essential,1
1709,Google Docs,software,1
1709,MEDITECH software,software,1
1709,Microsoft Excel,software,1
1709,Microsoft Office software,software,0
1709,Microsoft Outlook,software,0
1710,Active Listening,essential,1
1710,Speaking,essential,1
1710,Reading Comprehension,essential,0
1710,Writing,essential,1
1710,Active Learning,essential,1
1710,Apple macOS,software,1
1710,HubSpot software,software,1
1710,IBM SPSS Statistics,software,1
1710,Microsoft Excel,software,1
1710,Microsoft Office software,software,1
1712,Active Listening,essential,1
1712,Speaking,essential,1
1712,Reading Comprehension,essential,1
1712,Writing,essential,1
1712,Active Learning,essential,1
1712,Apple macOS,software,1
1712,HubSpot software,software,1
1712,IBM SPSS Statistics,software,1
1712,Microsoft Excel,software,1
1712,Microsoft Office software,software,1
1714,Speaking,essential,1
1714,Reading Comprehension,essential,1
1714,Active Listening,essential,0
1714,Writing,essential,1
1714,Critical Thinking,essential,1
1714,Adobe Acrobat,software,1
1714,Adobe Creative Cloud software,software,0
1714,Adobe Illustrator,software,1
1714,Adobe InDesign,software,0
1714,Adobe Photoshop,software,1
1716,Active Listening,essential,1
1716,Speaking,essential,1
1716,Reading Comprehension,essential,1
1716,Critical Thinking,essential,0
1716,Monitoring,essential,1
1716,Adobe Acrobat,software,1
1716,Adobe Creative Cloud software,software,1
1716,Bentley MicroStation,software,1
1716,Eclipse IDE,software,1
1716,Facebook,software,1
1718,Reading Comprehension,essential,0
1718,Active Listening,essential,1
1718,Critical Thinking,essential,1
1718,Speaking,essential,1
1718,Science,essential,0
1718,Google Docs,software,1
1718,MEDITECH software,software,1
1718,Microsoft Excel,software,1
1718,Microsoft Office software,software,0
1718,Microsoft Outlook,software,1
1719,Science,essential,1
1719,Reading Comprehension,essential,1
1719,Active Listening,essential,1
1719,Critical Thinking,essential,1
1719,Monitoring,essential,1
1719,Adobe Acrobat,software,1
1719,Adobe Photoshop,software,1
1719,ESRI ArcGIS software,software,1
1719,IBM SPSS Statistics,software,1
1719,Microsoft Access,software,1
1720,Critical Thinking,essential,1
1720,Reading Comprehension,essential,1
1720,Active Listening,essential,1
1720,Speaking,essential,0
1720,Active Learning,essential,1
1720,Amazon DynamoDB,software,0
1720,Amazon Elastic Compute Cloud EC2,software,0
1720,Amazon Redshift,software,1
1720,Amazon Web Services AWS CloudFormation,software,1
1720,Amazon Web Services AWS software,software,0
1721,Reading Comprehension,essential,1
1721,Active Listening,essential,1
1721,Critical Thinking,essential,1
1721,Speaking,essential,1
1721,Science,essential,0
1721,Google Docs,software,1
1721,MEDITECH software,software,1
1721,Microsoft Excel,software,0
1721,Microsoft Office software,software,0
1721,Microsoft Outlook,software,1
1722,Speaking,essential,0
1722,Reading Comprehension,essential,1
1722,Active Listening,essential,0
1722,Writing,essential,1
1722,Critical Thinking,essential,1
1722,Adobe Acrobat,software,0
1722,Adobe Creative Cloud software,software,1
1722,Adobe Illustrator,software,0
1722,Adobe InDesign,software,1
1722,Adobe Photoshop,software,0
1724,Critical Thinking,essential,0
1724,Speaking,essential,1
1724,Monitoring,essential,0
1724,Reading Comprehension,essential,1
1724,Active Listening,essential,0
1724,Adobe Acrobat,software,1
1724,Adobe After Effects,software,0
1724,Adobe InDesign,software,1
1724,Adobe Photoshop,software,1
1724,Autodesk AutoCAD,software,1
1725,Reading Comprehension,essential,1
1725,Active Listening,essential,0
1725,Critical Thinking,essential,1
1725,Speaking,essential,1
1725,Science,essential,1
1725,Google Docs,software,1
1725,MEDITECH software,software,1
1725,Microsoft Excel,software,0
1725,Microsoft Office software,software,0
1725,Microsoft Outlook,software,1
1727,Active Listening,essential,1
1727,Speaking,essential,1
1727,Reading Comprehension,essential,1
1727,Writing,essential,1
1727,Active Learning,essential,1
1727,Apple macOS,software,1
1727,HubSpot software,software,1
1727,IBM SPSS Statistics,software,1
1727,Microsoft Excel,software,1
1727,Microsoft Office software,software,1
1728,Critical Thinking,essential,1
1728,Speaking,essential,1
1728,Monitoring,essential,0
1728,Reading Comprehension,essential,1
1728,Active Listening,essential,0
1728,Adobe Acrobat,software,1
1728,Adobe After Effects,software,1
1728,Adobe InDesign,software,1
1728,Adobe Photoshop,software,1
1728,Autodesk AutoCAD,software,1
1729,Critical Thinking,essential,1
1729,Reading Comprehension,essential,1
1729,Active Listening,essential,1
1729,Speaking,essential,1
1729,Active Learning,essential,1
1729,Amazon DynamoDB,software,1
1729,Amazon Elastic Compute Cloud EC2,software,0
1729,Amazon Redshift,software,1
1729,Amazon Web Services AWS CloudFormation,software,1
1729,Amazon Web Services AWS software,software,1
1731,Active Listening,essential,0
1731,Speaking,essential,1
1731,Reading Comprehension,essential,0
1731,Critical Thinking,essential,0
1731,Monitoring,essential,0
1731,Adobe Acrobat,software,1
1731,Adobe Creative Cloud software,software,1
1731,Bentley MicroStation,software,0
1731,Eclipse IDE,software,1
1731,Facebook,software,1
1732,Active Listening,essential,1
1732,Speaking,essential,1
1732,Reading Comprehension,essential,0
1732,Critical Thinking,essential,1
1732,Monitoring,essential,1
1732,Adobe Acrobat,software,1
1732,Adobe Creative Cloud software,software,1
1732,Bentley MicroStation,software,1
1732,Eclipse IDE,software,1
1732,Facebook,software,1
1733,Active Listening,essential,1
1733,Speaking,essential,1
1733,Reading Comprehension,essential,1
1733,Critical Thinking,essential,1
1733,Monitoring,essential,1
1733,Adobe Acrobat,software,0
1733,Adobe Creative Cloud software,software,0
1733,Bentley MicroStation,software,1
1733,Eclipse IDE,software,1
1733,Facebook,software,0
1734,Active Listening,essential,1
1734,Speaking,essential,0
1734,Reading Comprehension,essential,1
1734,Critical Thinking,essential,1
1734,Monitoring,essential,0
1734,Adobe Acrobat,software,1
1734,Adobe Creative Cloud software,software,0
1734,Bentley MicroStation,software,1
1734,Eclipse IDE,software,0
1734,Facebook,software,0
1735,Reading Comprehension,essential,1
1735,Active Listening,essential,1
1735,Critical Thinking,essential,0
1735,Speaking,essential,1
1735,Science,essential,0
1735,Google Docs,software,1
1735,MEDITECH software,software,1
1735,Microsoft Excel,software,0
1735,Microsoft Office software,software,1
1735,Microsoft Outlook,software,0
1736,Critical Thinking,essential,1
1736,Speaking,essential,1
1736,Monitoring,essential,0
1736,Reading Comprehension,essential,1
1736,Active Listening,essential,0
1736,Adobe Acrobat,software,1
1736,Adobe After Effects,software,1
1736,Adobe InDesign,software,0
1736,Adobe Photoshop,software,1
1736,Autodesk AutoCAD,software,0
1737,Reading Comprehension,essential,1
1737,Active Listening,essential,1
1737,Critical Thinking,essential,1
1737,Speaking,essential,1
1737,Science,essential,1
1737,Google Docs,software,1
1737,MEDITECH software,software,1
1737,Microsoft Excel,software,1
1737,Microsoft Office software,software,1
1737,Microsoft Outlook,software,1
1739,Active Listening,essential,0
1739,Speaking,essential,1
1739,Reading Comprehension,essential,1
1739,Critical Thinking,essential,0
1739,Monitoring,essential,1
1739,Adobe Acrobat,software,1
1739,Adobe Creative Cloud software,software,1
1739,Bentley MicroStation,software,1
1739,Eclipse IDE,software,1
1739,Facebook,software,0
1740,N/A - Department-level analysis only,N/A,0
1744,Speaking,essential,1
1744,Reading Comprehension,essential,0
1744,Active Listening,essential,0
1744,Writing,essential,1
1744,Critical Thinking,essential,1
1744,Adobe Acrobat,software,0
1744,Adobe Creative Cloud software,software,0
1744,Adobe Illustrator,software,1
1744,Adobe InDesign,software,1
1744,Adobe Photoshop,software,1
1745,Critical Thinking,essential,1
1745,Reading Comprehension,essential,1
1745,Active Listening,essential,0
1745,Speaking,essential,1
1745,Active Learning,essential,1
1745,Amazon DynamoDB,software,1
1745,Amazon Elastic Compute Cloud EC2,software,1
1745,Amazon Redshift,software,1
1745,Amazon Web Services AWS CloudFormation,software,1
1745,Amazon Web Services AWS software,software,0
1746,Speaking,essential,0
1746,Reading Comprehension,essential,1
1746,Active Listening,essential,1
1746,Writing,essential,1
1746,Critical Thinking,essential,0
1746,Adobe Acrobat,software,0
1746,Adobe Creative Cloud software,software,1
1746,Adobe Illustrator,software,0
1746,Adobe InDesign,software,0
1746,Adobe Photoshop,software,0
1747,Speaking,essential,0
1747,Reading Comprehension,essential,1
1747,Active Listening,essential,0
1747,Writing,essential,1
1747,Critical Thinking,essential,1
1747,Adobe Acrobat,software,0
1747,Adobe Creative Cloud software,software,0
1747,Adobe Illustrator,software,0
1747,Adobe InDesign,software,0
1747,Adobe Photoshop,software,0
1749,Active Listening,essential,0
1749,Speaking,essential,1
1749,Reading Comprehension,essential,0
1749,Critical Thinking,essential,1
1749,Monitoring,essential,1
1749,Adobe Acrobat,software,1
1749,Adobe Creative Cloud software,software,1
1749,Bentley MicroStation,software,0
1749,Eclipse IDE,software,1
1749,Facebook,software,0
1751,Critical Thinking,essential,1
1751,Reading Comprehension,essential,1
1751,Active Listening,essential,1
1751,Speaking,essential,1
1751,Active Learning,essential,1
1751,Amazon DynamoDB,software,1
1751,Amazon Elastic Compute Cloud EC2,software,0
1751,Amazon Redshift,software,1
1751,Amazon Web Services AWS CloudFormation,software,1
1751,Amazon Web Services AWS software,software,1
1752,Active Listening,essential,1
1752,Speaking,essential,1
1752,Reading Comprehension,essential,0
1752,Writing,essential,1
1752,Active Learning,essential,0
1752,Apple macOS,software,1
1752,HubSpot software,software,1
1752,IBM SPSS Statistics,software,1
1752,Microsoft Excel,software,1
1752,Microsoft Office software,software,0
1753,Active Listening,essential,1
1753,Speaking,essential,1
1753,Reading Comprehension,essential,1
1753,Writing,essential,1
1753,Active Learning,essential,0
1753,Apple macOS,software,1
1753,HubSpot software,software,1
1753,IBM SPSS Statistics,software,0
1753,Microsoft Excel,software,1
1753,Microsoft Office software,software,0
1754,Active Listening,essential,1
1754,Speaking,essential,1
1754,Reading Comprehension,essential,0
1754,Critical Thinking,essential,1
1754,Monitoring,essential,1
1754,Adobe Acrobat,software,1
1754,Adobe Creative Cloud software,software,1
1754,Bentley MicroStation,software,1
1754,Eclipse IDE,software,0
1754,Facebook,software,1
1755,Critical Thinking,essential,1
1755,Reading Comprehension,essential,0
1755,Active Listening,essential,1
1755,Speaking,essential,1
1755,Active Learning,essential,0
1755,Amazon DynamoDB,software,0
1755,Amazon Elastic Compute Cloud EC2,software,1
1755,Amazon Redshift,software,1
1755,Amazon Web Services AWS CloudFormation,software,1
1755,Amazon Web Services AWS software,software,1
1756,Active Listening,essential,1
1756,Speaking,essential,1
1756,Reading Comprehension,essential,1
1756,Critical Thinking,essential,1
1756,Monitoring,essential,1
1756,Adobe Acrobat,software,1
1756,Adobe Creative Cloud software,software,1
1756,Bentley MicroStation,software,1
1756,Eclipse IDE,software,1
1756,Facebook,software,1
1757,Active Listening,essential,0
1757,Speaking,essential,1
1757,Reading Comprehension,essential,1
1757,Critical Thinking,essential,0
1757,Monitoring,essential,1
1757,Adobe Acrobat,software,0
1757,Adobe Creative Cloud software,software,1
1757,Bentley MicroStation,software,1
1757,Eclipse IDE,software,0
1757,Facebook,software,1
1758,Active Listening,essential,0
1758,Speaking,essential,1
1758,Reading Comprehension,essential,1
1758,Critical Thinking,essential,1
1758,Monitoring,essential,1
1758,Adobe Acrobat,software,1
1758,Adobe Creative Cloud software,software,0
1758,Bentley MicroStation,software,0
1758,Eclipse IDE,software,1
1758,Facebook,software,0
1760,Reading Comprehension,essential,0
1760,Active Listening,essential,0
1760,Critical Thinking,essential,1
1760,Speaking,essential,0
1760,Science,essential,1
1760,Google Docs,software,1
1760,MEDITECH software,software,1
1760,Microsoft Excel,software,1
1760,Microsoft Office software,software,1
1760,Microsoft Outlook,software,1
1761,Active Listening,essential,0
1761,Speaking,essential,0
1761,Reading Comprehension,essential,1
1761,Critical Thinking,essential,0
1761,Monitoring,essential,1
1761,Adobe Acrobat,software,1
1761,Adobe Creative Cloud software,software,1
1761,Bentley MicroStation,software,1
1761,Eclipse IDE,software,1
1761,Facebook,software,0
1762,Critical Thinking,essential,1
1762,Reading Comprehension,essential,0
1762,Active Listening,essential,1
1762,Speaking,essential,1
1762,Active Learning,essential,0
1762,Amazon DynamoDB,software,0
1762,Amazon Elastic Compute Cloud EC2,software,0
1762,Amazon Redshift,software,0
1762,Amazon Web Services AWS CloudFormation,software,1
1762,Amazon Web Services AWS software,software,1
1763,Active Listening,essential,0
1763,Speaking,essential,0
1763,Reading Comprehension,essential,1
1763,Writing,essential,1
1763,Active Learning,essential,1
1763,Apple macOS,software,1
1763,HubSpot software,software,1
1763,IBM SPSS Statistics,software,0
1763,Microsoft Excel,software,1
1763,Microsoft Office software,software,1
1764,Critical Thinking,essential,1
1764,Reading Comprehension,essential,1
1764,Active Listening,essential,1
1764,Speaking,essential,0
1764,Active Learning,essential,1
1764,Amazon DynamoDB,software,1
1764,Amazon Elastic Compute Cloud EC2,software,1
1764,Amazon Redshift,software,1
1764,Amazon Web Services AWS CloudFormation,software,1
1764,Amazon Web Services AWS software,software,1
1766,Active Listening,essential,1
1766,Speaking,essential,1
1766,Reading Comprehension,essential,0
1766,Writing,essential,1
1766,Active Learning,essential,0
1766,Apple macOS,software,0
1766,HubSpot software,software,1
1766,IBM SPSS Statistics,software,0
1766,Microsoft Excel,software,1
1766,Microsoft Office software,software,0
1767,Critical Thinking,essential,1
1767,Reading Comprehension,essential,0
1767,Active Listening,essential,0
1767,Speaking,essential,0
1767,Active Learning,essential,1
1767,Amazon DynamoDB,software,1
1767,Amazon Elastic Compute Cloud EC2,software,1
1767,Amazon Redshift,software,0
1767,Amazon Web Services AWS CloudFormation,software,0
1767,Amazon Web Services AWS software,software,1
1768,Reading Comprehension,essential,1
1768,Active Listening,essential,1
1768,Critical Thinking,essential,1
1768,Speaking,essential,1
1768,Science,essential,1
1768,Google Docs,software,1
1768,MEDITECH software,software,0
1768,Microsoft Excel,software,0
1768,Microsoft Office software,software,1
1768,Microsoft Outlook,software,1
1770,Science,essential,0
1770,Reading Comprehension,essential,1
1770,Active Listening,essential,0
1770,Critical Thinking,essential,1
1770,Monitoring,essential,1
1770,Adobe Acrobat,software,1
1770,Adobe Photoshop,software,1
1770,ESRI ArcGIS software,software,0
1770,IBM SPSS Statistics,software,1
1770,Microsoft Access,software,1
1771,Critical Thinking,essential,1
1771,Reading Comprehension,essential,0
1771,Active Listening,essential,1
1771,Speaking,essential,1
1771,Active Learning,essential,1
1771,Amazon DynamoDB,software,1
1771,Amazon Elastic Compute Cloud EC2,software,1
1771,Amazon Redshift,software,1
1771,Amazon Web Services AWS CloudFormation,software,1
1771,Amazon Web Services AWS software,software,1
1772,Reading Comprehension,essential,0
1772,Active Listening,essential,1
1772,Critical Thinking,essential,1
1772,Speaking,essential,1
1772,Science,essential,1
1772,Google Docs,software,0
1772,MEDITECH software,software,1
1772,Microsoft Excel,software,1
1772,Microsoft Office software,software,0
1772,Microsoft Outlook,software,1
1774,Active Listening,essential,1
1774,Speaking,essential,1
1774,Reading Comprehension,essential,1
1774,Critical Thinking,essential,0
1774,Monitoring,essential,1
1774,Adobe Acrobat,software,1
1774,Adobe Creative Cloud software,software,1
1774,Bentley MicroStation,software,1
1774,Eclipse IDE,software,1
1774,Facebook,software,1
1775,Critical Thinking,essential,1
1775,Speaking,essential,0
1775,Monitoring,essential,0
1775,Reading Comprehension,essential,1
1775,Active Listening,essential,1
1775,Adobe Acrobat,software,1
1775,Adobe After Effects,software,0
1775,Adobe InDesign,software,0
1775,Adobe Photoshop,software,0
1775,Autodesk AutoCAD,software,1
1778,Speaking,essential,1
1778,Reading Comprehension,essential,1
1778,Active Listening,essential,1
1778,Writing,essential,1
1778,Critical Thinking,essential,1
1778,Adobe Acrobat,software,1
1778,Adobe Creative Cloud software,software,1
1778,Adobe Illustrator,software,1
1778,Adobe InDesign,software,1
1778,Adobe Photoshop,software,1
1779,Active Listening,essential,1
1779,Speaking,essential,1
1779,Reading Comprehension,essential,1
1779,Critical Thinking,essential,1
1779,Monitoring,essential,0
1779,Adobe Acrobat,software,1
1779,Adobe Creative Cloud software,software,1
1779,Bentley MicroStation,software,1
1779,Eclipse IDE,software,0
1779,Facebook,software,0
1780,Active Listening,essential,1
1780,Speaking,essential,0
1780,Reading Comprehension,essential,0
1780,Writing,essential,0
1780,Active Learning,essential,0
1780,Apple macOS,software,0
1780,HubSpot software,software,0
1780,IBM SPSS Statistics,software,0
1780,Microsoft Excel,software,1
1780,Microsoft Office software,software,0
1782,Reading Comprehension,essential,0
1782,Active Listening,essential,1
1782,Critical Thinking,essential,0
1782,Speaking,essential,1
1782,Science,essential,1
1782,Google Docs,software,0
1782,MEDITECH software,software,1
1782,Microsoft Excel,software,1
1782,Microsoft Office software,software,1
1782,Microsoft Outlook,software,1
1783,Reading Comprehension,essential,1
1783,Active Listening,essential,1
1783,Critical Thinking,essential,1
1783,Speaking,essential,0
1783,Science,essential,0
1783,Google Docs,software,1
1783,MEDITECH software,software,0
1783,Microsoft Excel,software,1
1783,Microsoft Office software,software,1
1783,Microsoft Outlook,software,1
1784,Active Listening,essential,0
1784,Speaking,essential,1
1784,Reading Comprehension,essential,1
1784,Critical Thinking,essential,1
1784,Monitoring,essential,1
1784,Adobe Acrobat,software,1
1784,Adobe Creative Cloud software,software,1
1784,Bentley MicroStation,software,1
1784,Eclipse IDE,software,1
1784,Facebook,software,1
1786,N/A - Department-level analysis only,N/A,0
1787,Active Listening,essential,0
1787,Speaking,essential,0
1787,Reading Comprehension,essential,1
1787,Critical Thinking,essential,0
1787,Monitoring,essential,0
1787,Adobe Acrobat,software,1
1787,Adobe Creative Cloud software,software,1
1787,Bentley MicroStation,software,0
1787,Eclipse IDE,software,1
1787,Facebook,software,1
1789,Science,essential,1
1789,Reading Comprehension,essential,0
1789,Active Listening,essential,0
1789,Critical Thinking,essential,0
1789,Monitoring,essential,1
1789,Adobe Acrobat,software,1
1789,Adobe Photoshop,software,0
1789,ESRI ArcGIS software,software,0
1789,IBM SPSS Statistics,software,1
1789,Microsoft Access,software,1
1790,Active Listening,essential,1
1790,Speaking,essential,1
1790,Reading Comprehension,essential,1
1790,Writing,essential,1
1790,Active Learning,essential,0
1790,Apple macOS,software,1
1790,HubSpot software,software,1
1790,IBM SPSS Statistics,software,1
1790,Microsoft Excel,software,1
1790,Microsoft Office software,software,0
1792,Critical Thinking,essential,1
1792,Reading Comprehension,essential,0
1792,Active Listening,essential,0
1792,Speaking,essential,0
1792,Active Learning,essential,1
1792,Amazon DynamoDB,software,1
1792,Amazon Elastic Compute Cloud EC2,software,1
1792,Amazon Redshift,software,1
1792,Amazon Web Services AWS CloudFormation,software,0
1792,Amazon Web Services AWS software,software,0
1794,Speaking,essential,1
1794,Reading Comprehension,essential,1
1794,Active Listening,essential,1
1794,Writing,essential,1
1794,Critical Thinking,essential,1
1794,Adobe Acrobat,software,1
1794,Adobe Creative Cloud software,software,1
1794,Adobe Illustrator,software,1
1794,Adobe InDesign,software,1
1794,Adobe Photoshop,software,1
1797,Active Listening,essential,0
1797,Speaking,essential,1
1797,Reading Comprehension,essential,1
1797,Critical Thinking,essential,1
1797,Monitoring,essential,1
1797,Adobe Acrobat,software,0
1797,Adobe Creative Cloud software,software,1
1797,Bentley MicroStation,software,1
1797,Eclipse IDE,software,1
1797,Facebook,software,1
1798,Critical Thinking,essential,1
1798,Reading Comprehension,essential,1
1798,Active Listening,essential,1
1798,Speaking,essential,1
1798,Active Learning,essential,1
1798,Amazon DynamoDB,software,1
1798,Amazon Elastic Compute Cloud EC2,software,1
1798,Amazon Redshift,software,1
1798,Amazon Web Services AWS CloudFormation,software,1
1798,Amazon Web Services AWS software,software,1
1799,Critical Thinking,essential,1
1799,Reading Comprehension,essential,1
1799,Active Listening,essential,1
1799,Speaking,essential,1
1799,Active Learning,essential,1
1799,Amazon DynamoDB,software,1
1799,Amazon Elastic Compute Cloud EC2,software,1
1799,Amazon Redshift,software,0
1799,Amazon Web Services AWS CloudFormation,software,1
1799,Amazon Web Services AWS software,software,1
1800,Science,essential,1
1800,Reading Comprehension,essential,0
1800,Active Listening,essential,0
1800,Critical Thinking,essential,1
1800,Monitoring,essential,0
1800,Adobe Acrobat,software,0
1800,Adobe Photoshop,software,0
1800,ESRI ArcGIS software,software,1
1800,IBM SPSS Statistics,software,1
1800,Microsoft Access,software,1
1801,Active Listening,essential,0
1801,Speaking,essential,0
1801,Reading Comprehension,essential,1
1801,Critical Thinking,essential,0
1801,Monitoring,essential,0
1801,Adobe Acrobat,software,0
1801,Adobe Creative Cloud software,software,0
1801,Bentley MicroStation,software,0
1801,Eclipse IDE,software,1
1801,Facebook,software,0
1802,Reading Comprehension,essential,0
1802,Active Listening,essential,1
1802,Critical Thinking,essential,1
1802,Speaking,essential,0
1802,Science,essential,1
1802,Google Docs,software,0
1802,MEDITECH software,software,1
1802,Microsoft Excel,software,1
1802,Microsoft Office software,software,1
1802,Microsoft Outlook,software,1
1803,Active Listening,essential,0
1803,Speaking,essential,0
1803,Reading Comprehension,essential,1
1803,Writing,essential,1
1803,Active Learning,essential,1
1803,Apple macOS,software,1
1803,HubSpot software,software,0
1803,IBM SPSS Statistics,software,0
1803,Microsoft Excel,software,1
1803,Microsoft Office software,software,0
1804,Critical Thinking,essential,1
1804,Speaking,essential,1
1804,Monitoring,essential,1
1804,Reading Comprehension,essential,1
1804,Active Listening,essential,1
1804,Adobe Acrobat,software,1
1804,Adobe After Effects,software,1
1804,Adobe InDesign,software,1
1804,Adobe Photoshop,software,1
1804,Autodesk AutoCAD,software,1
1805,Speaking,essential,0
1805,Reading Comprehension,essential,1
1805,Active Listening,essential,1
1805,Writing,essential,1
1805,Critical Thinking,essential,1
1805,Adobe Acrobat,software,1
1805,Adobe Creative Cloud software,software,1
1805,Adobe Illustrator,software,0
1805,Adobe InDesign,software,1
1805,Adobe Photoshop,software,1
1807,Reading Comprehension,essential,0
1807,Active Listening,essential,0
1807,Critical Thinking,essential,1
1807,Speaking,essential,1
1807,Science,essential,1
1807,Google Docs,software,1
1807,MEDITECH software,software,0
1807,Microsoft Excel,software,1
1807,Microsoft Office software,software,1
1807,Microsoft Outlook,software,1
1809,Critical Thinking,essential,1
1809,Speaking,essential,1
1809,Monitoring,essential,1
1809,Reading Comprehension,essential,1
1809,Active Listening,essential,1
1809,Adobe Acrobat,software,1
1809,Adobe After Effects,software,1
1809,Adobe InDesign,software,1
1809,Adobe Photoshop,software,1
1809,Autodesk AutoCAD,software,1
1812,Active Listening,essential,1
1812,Speaking,essential,1
1812,Reading Comprehension,essential,1
1812,Critical Thinking,essential,1
1812,Monitoring,essential,1
1812,Adobe Acrobat,software,1
1812,Adobe Creative Cloud software,software,1
1812,Bentley MicroStation,software,1
1812,Eclipse IDE,software,0
1812,Facebook,software,0
1813,Critical Thinking,essential,1
1813,Reading Comprehension,essential,1
1813,Active Listening,essential,0
1813,Speaking,essential,1
1813,Active Learning,essential,0
1813,Amazon DynamoDB,software,1
1813,Amazon Elastic Compute Cloud EC2,software,0
1813,Amazon Redshift,software,1
1813,Amazon Web Services AWS CloudFormation,software,0
1813,Amazon Web Services AWS software,software,1
1814,Active Listening,essential,0
1814,Speaking,essential,1
1814,Reading Comprehension,essential,1
1814,Writing,essential,0
1814,Active Learning,essential,1
1814,Apple macOS,software,0
1814,HubSpot software,software,1
1814,IBM SPSS Statistics,software,0
1814,Microsoft Excel,software,1
1814,Microsoft Office software,software,0
1815,Active Listening,essential,0
1815,Speaking,essential,1
1815,Reading Comprehension,essential,1
1815,Critical Thinking,essential,1
1815,Monitoring,essential,1
1815,Adobe Acrobat,software,1
1815,Adobe Creative Cloud software,software,1
1815,Bentley MicroStation,software,1
1815,Eclipse IDE,software,1
1815,Facebook,software,1
1816,Critical Thinking,essential,1
1816,Speaking,essential,1
1816,Monitoring,essential,0
1816,Reading Comprehension,essential,0
1816,Active Listening,essential,1
1816,Adobe Acrobat,software,1
1816,Adobe After Effects,software,1
1816,Adobe InDesign,software,1
1816,Adobe Photoshop,software,1
1816,Autodesk AutoCAD,software,1
1818,Speaking,essential,1
1818,Reading Comprehension,essential,1
1818,Active Listening,essential,0
1818,Writing,essential,1
1818,Critical Thinking,essential,0
1818,Adobe Acrobat,software,1
1818,Adobe Creative Cloud software,software,1
1818,Adobe Illustrator,software,0
1818,Adobe InDesign,software,1
1818,Adobe Photoshop,software,1
1821,Active Listening,essential,1
1821,Speaking,essential,1
1821,Reading Comprehension,essential,1
1821,Writing,essential,1
1821,Active Learning,essential,1
1821,Apple macOS,software,1
1821,HubSpot software,software,1
1821,IBM SPSS Statistics,software,0
1821,Microsoft Excel,software,1
1821,Microsoft Office software,software,1
1822,Active Listening,essential,1
1822,Speaking,essential,1
1822,Reading Comprehension,essential,1
1822,Writing,essential,0
1822,Active Learning,essential,0
1822,Apple macOS,software,1
1822,HubSpot software,software,0
1822,IBM SPSS Statistics,software,1
1822,Microsoft Excel,software,1
1822,Microsoft Office software,software,1
1823,Active Listening,essential,0
1823,Speaking,essential,1
1823,Reading Comprehension,essential,1
1823,Critical Thinking,essential,1
1823,Monitoring,essential,1
1823,Adobe Acrobat,software,1
1823,Adobe Creative Cloud software,software,1
1823,Bentley MicroStation,software,0
1823,Eclipse IDE,software,1
1823,Facebook,software,1
1824,N/A - Department-level analysis only,N/A,0
1826,Reading Comprehension,essential,1
1826,Active Listening,essential,1
1826,Critical Thinking,essential,1
1826,Speaking,essential,0
1826,Science,essential,1
1826,Google Docs,software,0
1826,MEDITECH software,software,1
1826,Microsoft Excel,software,1
1826,Microsoft Office software,software,1
1826,Microsoft Outlook,software,0
1827,Critical Thinking,essential,1
1827,Speaking,essential,1
1827,Monitoring,essential,1
1827,Reading Comprehension,essential,1
1827,Active Listening,essential,1
1827,Adobe Acrobat,software,1
1827,Adobe After Effects,software,1
1827,Adobe InDesign,software,1
1827,Adobe Photoshop,software,1
1827,Autodesk AutoCAD,software,1
1829,Active Listening,essential,1
1829,Speaking,essential,1
1829,Reading Comprehension,essential,1
1829,Writing,essential,0
1829,Active Learning,essential,1
1829,Apple macOS,software,1
1829,HubSpot software,software,1
1829,IBM SPSS Statistics,software,0
1829,Microsoft Excel,software,1
1829,Microsoft Office software,software,1
1830,Critical Thinking,essential,1
1830,Reading Comprehension,essential,1
1830,Active Listening,essential,0
1830,Speaking,essential,0
1830,Active Learning,essential,1
1830,Amazon DynamoDB,software,0
1830,Amazon Elastic Compute Cloud EC2,software,0
1830,Amazon Redshift,software,1
1830,Amazon Web Services AWS CloudFormation,software,1
1830,Amazon Web Services AWS software,software,1
1833,Active Listening,essential,1
1833,Speaking,essential,0
1833,Reading Comprehension,essential,1
1833,Critical Thinking,essential,0
1833,Monitoring,essential,0
1833,Adobe Acrobat,software,1
1833,Adobe Creative Cloud software,software,1
1833,Bentley MicroStation,software,0
1833,Eclipse IDE,software,0
1833,Facebook,software,0
1834,Critical Thinking,essential,1
1834,Reading Comprehension,essential,1
1834,Active Listening,essential,1
1834,Speaking,essential,0
1834,Active Learning,essential,1
1834,Amazon DynamoDB,software,0
1834,Amazon Elastic Compute Cloud EC2,software,1
1834,Amazon Redshift,software,0
1834,Amazon Web Services AWS CloudFormation,software,0
1834,Amazon Web Services AWS software,software,1
1835,Active Listening,essential,1
1835,Speaking,essential,1
1835,Reading Comprehension,essential,1
1835,Writing,essential,1
1835,Active Learning,essential,1
1835,Apple macOS,software,1
1835,HubSpot software,software,0
1835,IBM SPSS Statistics,software,1
1835,Microsoft Excel,software,1
1835,Microsoft Office software,software,0
1836,Active Listening,essential,1
1836,Speaking,essential,0
1836,Reading Comprehension,essential,1
1836,Critical Thinking,essential,1
1836,Monitoring,essential,1
1836,Adobe Acrobat,software,1
1836,Adobe Creative Cloud software,software,1
1836,Bentley MicroStation,software,1
1836,Eclipse IDE,software,1
1836,Facebook,software,1
1837,Science,essential,1
1837,Reading Comprehension,essential,1
1837,Active Listening,essential,1
1837,Critical Thinking,essential,0
1837,Monitoring,essential,0
1837,Adobe Acrobat,software,1
1837,Adobe Photoshop,software,1
1837,ESRI ArcGIS software,software,1
1837,IBM SPSS Statistics,software,1
1837,Microsoft Access,software,1
1839,Critical Thinking,essential,1
1839,Reading Comprehension,essential,0
1839,Active Listening,essential,0
1839,Speaking,essential,1
1839,Active Learning,essential,1
1839,Amazon DynamoDB,software,0
1839,Amazon Elastic Compute Cloud EC2,software,0
1839,Amazon Redshift,software,0
1839,Amazon Web Services AWS CloudFormation,software,0
1839,Amazon Web Services AWS software,software,1
1842,Speaking,essential,1
1842,Reading Comprehension,essential,0
1842,Active Listening,essential,1
1842,Writing,essential,0
1842,Critical Thinking,essential,0
1842,Adobe Acrobat,software,0
1842,Adobe Creative Cloud software,software,1
1842,Adobe Illustrator,software,0
1842,Adobe InDesign,software,1
1842,Adobe Photoshop,software,1
1844,Speaking,essential,1
1844,Reading Comprehension,essential,0
1844,Active Listening,essential,1
1844,Writing,essential,1
1844,Critical Thinking,essential,1
1844,Adobe Acrobat,software,0
1844,Adobe Creative Cloud software,software,0
1844,Adobe Illustrator,software,0
1844,Adobe InDesign,software,1
1844,Adobe Photoshop,software,1
1845,Active Listening,essential,1
1845,Speaking,essential,1
1845,Reading Comprehension,essential,0
1845,Critical Thinking,essential,1
1845,Monitoring,essential,1
1845,Adobe Acrobat,software,1
1845,Adobe Creative Cloud software,software,1
1845,Bentley MicroStation,software,1
1845,Eclipse IDE,software,1
1845,Facebook,software,1
1847,Critical Thinking,essential,1
1847,Reading Comprehension,essential,0
1847,Active Listening,essential,1
1847,Speaking,essential,0
1847,Active Learning,essential,1
1847,Amazon DynamoDB,software,1
1847,Amazon Elastic Compute Cloud EC2,software,0
1847,Amazon Redshift,software,0
1847,Amazon Web Services AWS CloudFormation,software,1
1847,Amazon Web Services AWS software,software,1
1849,Active Listening,essential,1
1849,Speaking,essential,1
1849,Reading Comprehension,essential,0
1849,Critical Thinking,essential,0
1849,Monitoring,essential,1
1849,Adobe Acrobat,software,1
1849,Adobe Creative Cloud software,software,1
1849,Bentley MicroStation,software,1
1849,Eclipse IDE,software,1
1849,Facebook,software,1
1850,Reading Comprehension,essential,1
1850,Active Listening,essential,1
1850,Critical Thinking,essential,1
1850,Speaking,essential,1
1850,Science,essential,0
1850,Google Docs,software,1
1850,MEDITECH software,software,1
1850,Microsoft Excel,software,1
1850,Microsoft Office software,software,1
1850,Microsoft Outlook,software,1
1852,Reading Comprehension,essential,1
1852,Active Listening,essential,0
1852,Critical Thinking,essential,1
1852,Speaking,essential,1
1852,Science,essential,1
1852,Google Docs,software,0
1852,MEDITECH software,software,1
1852,Microsoft Excel,software,1
1852,Microsoft Office software,software,1
1852,Microsoft Outlook,software,0
1853,Active Listening,essential,1
1853,Speaking,essential,1
1853,Reading Comprehension,essential,0
1853,Critical Thinking,essential,0
1853,Monitoring,essential,1
1853,Adobe Acrobat,software,1
1853,Adobe Creative Cloud software,software,1
1853,Bentley MicroStation,software,1
1853,Eclipse IDE,software,1
1853,Facebook,software,0
1854,Critical Thinking,essential,0
1854,Reading Comprehension,essential,0
1854,Active Listening,essential,0
1854,Speaking,essential,1
1854,Active Learning,essential,0
1854,Amazon DynamoDB,software,1
1854,Amazon Elastic Compute Cloud EC2,software,1
1854,Amazon Redshift,software,1
1854,Amazon Web Services AWS CloudFormation,software,1
1854,Amazon Web Services AWS software,software,0
1856,Reading Comprehension,essential,0
1856,Active Listening,essential,1
1856,Critical Thinking,essential,0
1856,Speaking,essential,1
1856,Science,essential,0
1856,Google Docs,software,1
1856,MEDITECH software,software,1
1856,Microsoft Excel,software,1
1856,Microsoft Office software,software,0
1856,Microsoft Outlook,software,1
1857,Critical Thinking,essential,1
1857,Speaking,essential,1
1857,Monitoring,essential,1
1857,Reading Comprehension,essential,1
1857,Active Listening,essential,1
1857,Adobe Acrobat,software,1
1857,Adobe After Effects,software,1
1857,Adobe InDesign,software,1
1857,Adobe Photoshop,software,1
1857,Autodesk AutoCAD,software,1
1858,Speaking,essential,1
1858,Reading Comprehension,essential,0
1858,Active Listening,essential,1
1858,Writing,essential,1
1858,Critical Thinking,essential,1
1858,Adobe Acrobat,software,0
1858,Adobe Creative Cloud software,software,0
1858,Adobe Illustrator,software,1
1858,Adobe InDesign,software,1
1858,Adobe Photoshop,software,1
1859,Active Listening,essential,1
1859,Speaking,essential,1
1859,Reading Comprehension,essential,0
1859,Writing,essential,1
1859,Active Learning,essential,1
1859,Apple macOS,software,0
1859,HubSpot software,software,1
1859,IBM SPSS Statistics,software,1
1859,Microsoft Excel,software,1
1859,Microsoft Office software,software,1
1860,Reading Comprehension,essential,0
1860,Active Listening,essential,0
1860,Critical Thinking,essential,1
1860,Speaking,essential,0
1860,Science,essential,0
1860,Google Docs,software,1
1860,MEDITECH software,software,0
1860,Microsoft Excel,software,0
1860,Microsoft Office software,software,1
1860,Microsoft Outlook,software,0
1862,Active Listening,essential,0
1862,Speaking,essential,0
1862,Reading Comprehension,essential,1
1862,Critical Thinking,essential,1
1862,Monitoring,essential,0
1862,Adobe Acrobat,software,1
1862,Adobe Creative Cloud software,software,1
1862,Bentley MicroStation,software,1
1862,Eclipse IDE,software,1
1862,Facebook,software,0
1863,Active Listening,essential,1
1863,Speaking,essential,0
1863,Reading Comprehension,essential,1
1863,Critical Thinking,essential,1
1863,Monitoring,essential,1
1863,Adobe Acrobat,software,1
1863,Adobe Creative Cloud software,software,1
1863,Bentley MicroStation,software,1
1863,Eclipse IDE,software,1
1863,Facebook,software,1
1864,Active Listening,essential,1
1864,Speaking,essential,0
1864,Reading Comprehension,essential,1
1864,Writing,essential,0
1864,Active Learning,essential,1
1864,Apple macOS,software,1
1864,HubSpot software,software,1
1864,IBM SPSS Statistics,software,1
1864,Microsoft Excel,software,1
1864,Microsoft Office software,software,1
1865,Speaking,essential,0
1865,Reading Comprehension,essential,1
1865,Active Listening,essential,1
1865,Writing,essential,0
1865,Critical Thinking,essential,1
1865,Adobe Acrobat,software,0
1865,Adobe Creative Cloud software,software,1
1865,Adobe Illustrator,software,0
1865,Adobe InDesign,software,1
1865,Adobe Photoshop,software,1
1866,N/A - Department-level analysis only,N/A,0
1867,Science,essential,1
1867,Reading Comprehension,essential,1
1867,Active Listening,essential,1
1867,Critical Thinking,essential,1
1867,Monitoring,essential,1
1867,Adobe Acrobat,software,1
1867,Adobe Photoshop,software,1
1867,ESRI ArcGIS software,software,1
1867,IBM SPSS Statistics,software,1
1867,Microsoft Access,software,1
1868,Critical Thinking,essential,0
1868,Reading Comprehension,essential,1
1868,Active Listening,essential,0
1868,Speaking,essential,1
1868,Active Learning,essential,0
1868,Amazon DynamoDB,software,1
1868,Amazon Elastic Compute Cloud EC2,software,0
1868,Amazon Redshift,software,1
1868,Amazon Web Services AWS CloudFormation,software,1
1868,Amazon Web Services AWS software,software,0
1869,Active Listening,essential,1
1869,Speaking,essential,1
1869,Reading Comprehension,essential,1
1869,Critical Thinking,essential,1
1869,Monitoring,essential,0
1869,Adobe Acrobat,software,1
1869,Adobe Creative Cloud software,software,1
1869,Bentley MicroStation,software,1
1869,Eclipse IDE,software,1
1869,Facebook,software,0
1870,Critical Thinking,essential,1
1870,Reading Comprehension,essential,1
1870,Active Listening,essential,1
1870,Speaking,essential,1
1870,Active Learning,essential,1
1870,Amazon DynamoDB,software,1
1870,Amazon Elastic Compute Cloud EC2,software,0
1870,Amazon Redshift,software,1
1870,Amazon Web Services AWS CloudFormation,software,0
1870,Amazon Web Services AWS software,software,1
1871,Critical Thinking,essential,0
1871,Reading Comprehension,essential,0
1871,Active Listening,essential,0
1871,Speaking,essential,0
1871,Active Learning,essential,0
1871,Amazon DynamoDB,software,1
1871,Amazon Elastic Compute Cloud EC2,software,0
1871,Amazon Redshift,software,1
1871,Amazon Web Services AWS CloudFormation,software,0
1871,Amazon Web Services AWS software,software,1
1873,Critical Thinking,essential,0
1873,Reading Comprehension,essential,1
1873,Active Listening,essential,1
1873,Speaking,essential,1
1873,Active Learning,essential,0
1873,Amazon DynamoDB,software,1
1873,Amazon Elastic Compute Cloud EC2,software,1
1873,Amazon Redshift,software,1
1873,Amazon Web Services AWS CloudFormation,software,0
1873,Amazon Web Services AWS software,software,0
1875,Active Listening,essential,0
1875,Speaking,essential,0
1875,Reading Comprehension,essential,1
1875,Writing,essential,0
1875,Active Learning,essential,1
1875,Apple macOS,software,1
1875,HubSpot software,software,1
1875,IBM SPSS Statistics,software,0
1875,Microsoft Excel,software,0
1875,Microsoft Office software,software,1
1876,Active Listening,essential,0
1876,Speaking,essential,1
1876,Reading Comprehension,essential,1
1876,Writing,essential,1
1876,Active Learning,essential,0
1876,Apple macOS,software,0
1876,HubSpot software,software,1
1876,IBM SPSS Statistics,software,0
1876,Microsoft Excel,software,1
1876,Microsoft Office software,software,0
1878,Critical Thinking,essential,0
1878,Reading Comprehension,essential,1
1878,Active Listening,essential,0
1878,Speaking,essential,0
1878,Active Learning,essential,1
1878,Amazon DynamoDB,software,0
1878,Amazon Elastic Compute Cloud EC2,software,0
1878,Amazon Redshift,software,1
1878,Amazon Web Services AWS CloudFormation,software,1
1878,Amazon Web Services AWS software,software,1
1880,Active Listening,essential,1
1880,Speaking,essential,1
1880,Reading Comprehension,essential,1
1880,Critical Thinking,essential,1
1880,Monitoring,essential,1
1880,Adobe Acrobat,software,1
1880,Adobe Creative Cloud software,software,1
1880,Bentley MicroStation,software,0
1880,Eclipse IDE,software,1
1880,Facebook,software,1
1881,Reading Comprehension,essential,1
1881,Active Listening,essential,1
1881,Critical Thinking,essential,1
1881,Speaking,essential,1
1881,Science,essential,1
1881,Google Docs,software,1
1881,MEDITECH software,software,1
1881,Microsoft Excel,software,1
1881,Microsoft Office software,software,1
1881,Microsoft Outlook,software,1
1882,Active Listening,essential,1
1882,Speaking,essential,0
1882,Reading Comprehension,essential,0
1882,Critical Thinking,essential,0
1882,Monitoring,essential,1
1882,Adobe Acrobat,software,1
1882,Adobe Creative Cloud software,software,1
1882,Bentley MicroStation,software,1
1882,Eclipse IDE,software,1
1882,Facebook,software,1
1883,Reading Comprehension,essential,0
1883,Active Listening,essential,0
1883,Critical Thinking,essential,1
1883,Speaking,essential,1
1883,Science,essential,0
1883,Google Docs,software,1
1883,MEDITECH software,software,1
1883,Microsoft Excel,software,1
1883,Microsoft Office software,software,1
1883,Microsoft Outlook,software,1
1885,Critical Thinking,essential,0
1885,Reading Comprehension,essential,0
1885,Active Listening,essential,1
1885,Speaking,essential,1
1885,Active Learning,essential,0
1885,Amazon DynamoDB,software,1
1885,Amazon Elastic Compute Cloud EC2,software,1
1885,Amazon Redshift,software,1
1885,Amazon Web Services AWS CloudFormation,software,1
1885,Amazon Web Services AWS software,software,0
1886,Critical Thinking,essential,0
1886,Speaking,essential,1
1886,Monitoring,essential,1
1886,Reading Comprehension,essential,1
1886,Active Listening,essential,1
1886,Adobe Acrobat,software,0
1886,Adobe After Effects,software,0
1886,Adobe InDesign,software,1
1886,Adobe Photoshop,software,0
1886,Autodesk AutoCAD,software,0
1888,Critical Thinking,essential,1
1888,Speaking,essential,1
1888,Monitoring,essential,1
1888,Reading Comprehension,essential,1
1888,Active Listening,essential,1
1888,Adobe Acrobat,software,0
1888,Adobe After Effects,software,1
1888,Adobe InDesign,software,0
1888,Adobe Photoshop,software,1
1888,Autodesk AutoCAD,software,0
1890,Speaking,essential,1
1890,Reading Comprehension,essential,0
1890,Active Listening,essential,1
1890,Writing,essential,1
1890,Critical Thinking,essential,1
1890,Adobe Acrobat,software,1
1890,Adobe Creative Cloud software,software,1
1890,Adobe Illustrator,software,0
1890,Adobe InDesign,software,1
1890,Adobe Photoshop,software,1
1892,N/A - Department-level analysis only,N/A,0
1893,Critical Thinking,essential,1
1893,Reading Comprehension,essential,0
1893,Active Listening,essential,0
1893,Speaking,essential,1
1893,Active Learning,essential,1
1893,Amazon DynamoDB,software,0
1893,Amazon Elastic Compute Cloud EC2,software,1
1893,Amazon Redshift,software,1
1893,Amazon Web Services AWS CloudFormation,software,0
1893,Amazon Web Services AWS software,software,1
1898,Active Listening,essential,1
1898,Speaking,essential,1
1898,Reading Comprehension,essential,1
1898,Critical Thinking,essential,1
1898,Monitoring,essential,1
1898,Adobe Acrobat,software,1
1898,Adobe Creative Cloud software,software,1
1898,Bentley MicroStation,software,1
1898,Eclipse IDE,software,1
1898,Facebook,software,1
1900,N/A - Department-level analysis only,N/A,0
1903,Active Listening,essential,1
1903,Speaking,essential,1
1903,Reading Comprehension,essential,0
1903,Writing,essential,1
1903,Active Learning,essential,1
1903,Apple macOS,software,1
1903,HubSpot software,software,1
1903,IBM SPSS Statistics,software,0
1903,Microsoft Excel,software,1
1903,Microsoft Office software,software,0
1905,Critical Thinking,essential,1
1905,Reading Comprehension,essential,1
1905,Active Listening,essential,1
1905,Speaking,essential,0
1905,Active Learning,essential,1
1905,Amazon DynamoDB,software,1
1905,Amazon Elastic Compute Cloud EC2,software,0
1905,Amazon Redshift,software,1
1905,Amazon Web Services AWS CloudFormation,software,0
1905,Amazon Web Services AWS software,software,1
1907,Reading Comprehension,essential,0
1907,Active Listening,essential,1
1907,Critical Thinking,essential,0
1907,Speaking,essential,0
1907,Science,essential,1
1907,Google Docs,software,0
1907,MEDITECH software,software,0
1907,Microsoft Excel,software,1
1907,Microsoft Office software,software,1
1907,Microsoft Outlook,software,1
1908,Active Listening,essential,0
1908,Speaking,essential,0
1908,Reading Comprehension,essential,1
1908,Critical Thinking,essential,1
1908,Monitoring,essential,0
1908,Adobe Acrobat,software,1
1908,Adobe Creative Cloud software,software,1
1908,Bentley MicroStation,software,1
1908,Eclipse IDE,software,1
1908,Facebook,software,1
1909,Active Listening,essential,0
1909,Speaking,essential,0
1909,Reading Comprehension,essential,0
1909,Critical Thinking,essential,0
1909,Monitoring,essential,1
1909,Adobe Acrobat,software,1
1909,Adobe Creative Cloud software,software,1
1909,Bentley MicroStation,software,0
1909,Eclipse IDE,software,0
1909,Facebook,software,0
1911,Science,essential,1
1911,Reading Comprehension,essential,1
1911,Active Listening,essential,1
1911,Critical Thinking,essential,1
1911,Monitoring,essential,1
1911,Adobe Acrobat,software,1
1911,Adobe Photoshop,software,1
1911,ESRI ArcGIS software,software,1
1911,IBM SPSS Statistics,software,1
1911,Microsoft Access,software,1
1912,Active Listening,essential,1
1912,Speaking,essential,1
1912,Reading Comprehension,essential,1
1912,Critical Thinking,essential,1
1912,Monitoring,essential,0
1912,Adobe Acrobat,software,1
1912,Adobe Creative Cloud software,software,1
1912,Bentley MicroStation,software,0
1912,Eclipse IDE,software,0
1912,Facebook,software,0
1915,Active Listening,essential,1
1915,Speaking,essential,1
1915,Reading Comprehension,essential,1
1915,Critical Thinking,essential,1
1915,Monitoring,essential,0
1915,Adobe Acrobat,software,1
1915,Adobe Creative Cloud software,software,1
1915,Bentley MicroStation,software,1
1915,Eclipse IDE,software,1
1915,Facebook,software,1
1916,Reading Comprehension,essential,0
1916,Active Listening,essential,0
1916,Critical Thinking,essential,0
1916,Speaking,essential,1
1916,Science,essential,1
1916,Google Docs,software,1
1916,MEDITECH software,software,1
1916,Microsoft Excel,software,0
1916,Microsoft Office software,software,0
1916,Microsoft Outlook,software,0
1918,Reading Comprehension,essential,1
1918,Active Listening,essential,1
1918,Critical Thinking,essential,1
1918,Speaking,essential,1
1918,Science,essential,1
1918,Google Docs,software,1
1918,MEDITECH software,software,1
1918,Microsoft Excel,software,0
1918,Microsoft Office software,software,1
1918,Microsoft Outlook,software,1
1922,Active Listening,essential,1
1922,Speaking,essential,0
1922,Reading Comprehension,essential,0
1922,Writing,essential,0
1922,Active Learning,essential,1
1922,Apple macOS,software,1
1922,HubSpot software,software,1
1922,IBM SPSS Statistics,software,1
1922,Microsoft Excel,software,0
1922,Microsoft Office software,software,0
1924,Active Listening,essential,1
1924,Speaking,essential,1
1924,Reading Comprehension,essential,1
1924,Critical Thinking,essential,1
1924,Monitoring,essential,1
1924,Adobe Acrobat,software,1
1924,Adobe Creative Cloud software,software,1
1924,Bentley MicroStation,software,1
1924,Eclipse IDE,software,1
1924,Facebook,software,1
1927,Active Listening,essential,1
1927,Speaking,essential,1
1927,Reading Comprehension,essential,1
1927,Critical Thinking,essential,1
1927,Monitoring,essential,1
1927,Adobe Acrobat,software,1
1927,Adobe Creative Cloud software,software,0
1927,Bentley MicroStation,software,0
1927,Eclipse IDE,software,1
1927,Facebook,software,1
1928,Active Listening,essential,1
1928,Speaking,essential,1
1928,Reading Comprehension,essential,0
1928,Writing,essential,1
1928,Active Learning,essential,1
1928,Apple macOS,software,0
1928,HubSpot software,software,1
1928,IBM SPSS Statistics,software,0
1928,Microsoft Excel,software,0
1928,Microsoft Office software,software,1
1929,Active Listening,essential,0
1929,Speaking,essential,0
1929,Reading Comprehension,essential,1
1929,Critical Thinking,essential,1
1929,Monitoring,essential,0
1929,Adobe Acrobat,software,0
1929,Adobe Creative Cloud software,software,0
1929,Bentley MicroStation,software,1
1929,Eclipse IDE,software,0
1929,Facebook,software,1
1931,Critical Thinking,essential,1
1931,Reading Comprehension,essential,0
1931,Active Listening,essential,1
1931,Speaking,essential,0
1931,Active Learning,essential,0
1931,Amazon DynamoDB,software,1
1931,Amazon Elastic Compute Cloud EC2,software,1
1931,Amazon Redshift,software,0
1931,Amazon Web Services AWS CloudFormation,software,0
1931,Amazon Web Services AWS software,software,1
1932,Critical Thinking,essential,1
1932,Reading Comprehension,essential,1
1932,Active Listening,essential,1
1932,Speaking,essential,1
1932,Active Learning,essential,1
1932,Amazon DynamoDB,software,1
1932,Amazon Elastic Compute Cloud EC2,software,1
1932,Amazon Redshift,software,1
1932,Amazon Web Services AWS CloudFormation,software,1
1932,Amazon Web Services AWS software,software,1
1933,Active Listening,essential,1
1933,Speaking,essential,1
1933,Reading Comprehension,essential,0
1933,Critical Thinking,essential,0
1933,Monitoring,essential,1
1933,Adobe Acrobat,software,1
1933,Adobe Creative Cloud software,software,1
1933,Bentley MicroStation,software,0
1933,Eclipse IDE,software,0
1933,Facebook,software,1
1934,Critical Thinking,essential,1
1934,Reading Comprehension,essential,1
1934,Active Listening,essential,0
1934,Speaking,essential,0
1934,Active Learning,essential,1
1934,Amazon DynamoDB,software,0
1934,Amazon Elastic Compute Cloud EC2,software,1
1934,Amazon Redshift,software,1
1934,Amazon Web Services AWS CloudFormation,software,1
1934,Amazon Web Services AWS software,software,1
1935,Active Listening,essential,1
1935,Speaking,essential,1
1935,Reading Comprehension,essential,0
1935,Critical Thinking,essential,1
1935,Monitoring,essential,1
1935,Adobe Acrobat,software,0
1935,Adobe Creative Cloud software,software,1
1935,Bentley MicroStation,software,0
1935,Eclipse IDE,software,0
1935,Facebook,software,0
1936,Critical Thinking,essential,1
1936,Speaking,essential,1
1936,Monitoring,essential,1
1936,Reading Comprehension,essential,1
1936,Active Listening,essential,1
1936,Adobe Acrobat,software,1
1936,Adobe After Effects,software,1
1936,Adobe InDesign,software,1
1936,Adobe Photoshop,software,1
1936,Autodesk AutoCAD,software,1
1937,Critical Thinking,essential,1
1937,Reading Comprehension,essential,1
1937,Active Listening,essential,1
1937,Speaking,essential,1
1937,Active Learning,essential,1
1937,Amazon DynamoDB,software,1
1937,Amazon Elastic Compute Cloud EC2,software,1
1937,Amazon Redshift,software,1
1937,Amazon Web Services AWS CloudFormation,software,1
1937,Amazon Web Services AWS software,software,1
1938,N/A - Department-level analysis only,N/A,0
1939,Critical Thinking,essential,1
1939,Reading Comprehension,essential,0
1939,Active Listening,essential,1
1939,Speaking,essential,0
1939,Active Learning,essential,0
1939,Amazon DynamoDB,software,1
1939,Amazon Elastic Compute Cloud EC2,software,0
1939,Amazon Redshift,software,0
1939,Amazon Web Services AWS CloudFormation,software,1
1939,Amazon Web Services AWS software,software,1
1940,Critical Thinking,essential,0
1940,Reading Comprehension,essential,0
1940,Active Listening,essential,1
1940,Speaking,essential,1
1940,Active Learning,essential,1
1940,Amazon DynamoDB,software,1
1940,Amazon Elastic Compute Cloud EC2,software,1
1940,Amazon Redshift,software,0
1940,Amazon Web Services AWS CloudFormation,software,0
1940,Amazon Web Services AWS software,software,1
1941,Science,essential,1
1941,Reading Comprehension,essential,0
1941,Active Listening,essential,1
1941,Critical Thinking,essential,1
1941,Monitoring,essential,1
1941,Adobe Acrobat,software,0
1941,Adobe Photoshop,software,1
1941,ESRI ArcGIS software,software,0
1941,IBM SPSS Statistics,software,1
1941,Microsoft Access,software,1
1943,Active Listening,essential,1
1943,Speaking,essential,1
1943,Reading Comprehension,essential,0
1943,Critical Thinking,essential,0
1943,Monitoring,essential,1
1943,Adobe Acrobat,software,0
1943,Adobe Creative Cloud software,software,0
1943,Bentley MicroStation,software,1
1943,Eclipse IDE,software,0
1943,Facebook,software,1
1944,Speaking,essential,0
1944,Reading Comprehension,essential,1
1944,Active Listening,essential,0
1944,Writing,essential,1
1944,Critical Thinking,essential,0
1944,Adobe Acrobat,software,0
1944,Adobe Creative Cloud software,software,1
1944,Adobe Illustrator,software,1
1944,Adobe InDesign,software,0
1944,Adobe Photoshop,software,0
1945,Active Listening,essential,1
1945,Speaking,essential,1
1945,Reading Comprehension,essential,1
1945,Critical Thinking,essential,1
1945,Monitoring,essential,1
1945,Adobe Acrobat,software,1
1945,Adobe Creative Cloud software,software,0
1945,Bentley MicroStation,software,0
1945,Eclipse IDE,software,1
1945,Facebook,software,1
1947,Critical Thinking,essential,1
1947,Reading Comprehension,essential,1
1947,Active Listening,essential,1
1947,Speaking,essential,1
1947,Active Learning,essential,0
1947,Amazon DynamoDB,software,1
1947,Amazon Elastic Compute Cloud EC2,software,0
1947,Amazon Redshift,software,1
1947,Amazon Web Services AWS CloudFormation,software,1
1947,Amazon Web Services AWS software,software,1
1948,Critical Thinking,essential,1
1948,Reading Comprehension,essential,1
1948,Active Listening,essential,1
1948,Speaking,essential,1
1948,Active Learning,essential,1
1948,Amazon DynamoDB,software,0
1948,Amazon Elastic Compute Cloud EC2,software,0
1948,Amazon Redshift,software,1
1948,Amazon Web Services AWS CloudFormation,software,1
1948,Amazon Web Services AWS software,software,1
1949,Reading Comprehension,essential,0
1949,Active Listening,essential,1
1949,Critical Thinking,essential,1
1949,Speaking,essential,1
1949,Science,essential,1
1949,Google Docs,software,1
1949,MEDITECH software,software,0
1949,Microsoft Excel,software,0
1949,Microsoft Office software,software,1
1949,Microsoft Outlook,software,1
1950,Active Listening,essential,1
1950,Speaking,essential,1
1950,Reading Comprehension,essential,1
1950,Critical Thinking,essential,1
1950,Monitoring,essential,1
1950,Adobe Acrobat,software,1
1950,Adobe Creative Cloud software,software,1
1950,Bentley MicroStation,software,1
1950,Eclipse IDE,software,1
1950,Facebook,software,1
1951,Active Listening,essential,1
1951,Speaking,essential,0
1951,Reading Comprehension,essential,1
1951,Critical Thinking,essential,1
1951,Monitoring,essential,1
1951,Adobe Acrobat,software,1
1951,Adobe Creative Cloud software,software,1
1951,Bentley MicroStation,software,1
1951,Eclipse IDE,software,1
1951,Facebook,software,1
1952,Reading Comprehension,essential,1
1952,Active Listening,essential,1
1952,Critical Thinking,essential,1
1952,Speaking,essential,1
1952,Science,essential,0
1952,Google Docs,software,1
1952,MEDITECH software,software,1
1952,Microsoft Excel,software,1
1952,Microsoft Office software,software,1
1952,Microsoft Outlook,software,1
1954,Active Listening,essential,1
1954,Speaking,essential,0
1954,Reading Comprehension,essential,1
1954,Writing,essential,1
1954,Active Learning,essential,1
1954,Apple macOS,software,1
1954,HubSpot software,software,1
1954,IBM SPSS Statistics,software,1
1954,Microsoft Excel,software,0
1954,Microsoft Office software,software,1
1955,Active Listening,essential,1
1955,Speaking,essential,1
1955,Reading Comprehension,essential,1
1955,Writing,essential,0
1955,Active Learning,essential,1
1955,Apple macOS,software,1
1955,HubSpot software,software,1
1955,IBM SPSS Statistics,software,0
1955,Microsoft Excel,software,0
1955,Microsoft Office software,software,1
1956,Critical Thinking,essential,1
1956,Reading Comprehension,essential,1
1956,Active Listening,essential,1
1956,Speaking,essential,1
1956,Active Learning,essential,1
1956,Amazon DynamoDB,software,1
1956,Amazon Elastic Compute Cloud EC2,software,1
1956,Amazon Redshift,software,1
1956,Amazon Web Services AWS CloudFormation,software,1
1956,Amazon Web Services AWS software,software,1
1960,Reading Comprehension,essential,1
1960,Active Listening,essential,0
1960,Critical Thinking,essential,0
1960,Speaking,essential,1
1960,Science,essential,0
1960,Google Docs,software,1
1960,MEDITECH software,software,1
1960,Microsoft Excel,software,0
1960,Microsoft Office software,software,1
1960,Microsoft Outlook,software,1
1961,Active Listening,essential,0
1961,Speaking,essential,1
1961,Reading Comprehension,essential,1
1961,Writing,essential,0
1961,Active Learning,essential,1
1961,Apple macOS,software,1
1961,HubSpot software,software,1
1961,IBM SPSS Statistics,software,0
1961,Microsoft Excel,software,0
1961,Microsoft Office software,software,0
1962,Active Listening,essential,1
1962,Speaking,essential,1
1962,Reading Comprehension,essential,1
1962,Critical Thinking,essential,1
1962,Monitoring,essential,1
1962,Adobe Acrobat,software,1
1962,Adobe Creative Cloud software,software,1
1962,Bentley MicroStation,software,1
1962,Eclipse IDE,software,1
1962,Facebook,software,1
1965,Active Listening,essential,1
1965,Speaking,essential,1
1965,Reading Comprehension,essential,1
1965,Critical Thinking,essential,1
1965,Monitoring,essential,1
1965,Adobe Acrobat,software,1
1965,Adobe Creative Cloud software,software,1
1965,Bentley MicroStation,software,1
1965,Eclipse IDE,software,1
1965,Facebook,software,1
1966,Critical Thinking,essential,0
1966,Speaking,essential,0
1966,Monitoring,essential,0
1966,Reading Comprehension,essential,1
1966,Active Listening,essential,0
1966,Adobe Acrobat,software,0
1966,Adobe After Effects,software,0
1966,Adobe InDesign,software,0
1966,Adobe Photoshop,software,1
1966,Autodesk AutoCAD,software,0
1967,Active Listening,essential,1
1967,Speaking,essential,1
1967,Reading Comprehension,essential,1
1967,Critical Thinking,essential,1
1967,Monitoring,essential,1
1967,Adobe Acrobat,software,1
1967,Adobe Creative Cloud software,software,1
1967,Bentley MicroStation,software,1
1967,Eclipse IDE,software,1
1967,Facebook,software,1
1968,Active Listening,essential,0
1968,Speaking,essential,0
1968,Reading Comprehension,essential,0
1968,Critical Thinking,essential,1
1968,Monitoring,essential,0
1968,Adobe Acrobat,software,0
1968,Adobe Creative Cloud software,software,1
1968,Bentley MicroStation,software,1
1968,Eclipse IDE,software,1
1968,Facebook,software,0
1969,Critical Thinking,essential,1
1969,Reading Comprehension,essential,1
1969,Active Listening,essential,1
1969,Speaking,essential,0
1969,Active Learning,essential,1
1969,Amazon DynamoDB,software,0
1969,Amazon Elastic Compute Cloud EC2,software,0
1969,Amazon Redshift,software,1
1969,Amazon Web Services AWS CloudFormation,software,1
1969,Amazon Web Services AWS software,software,1
1970,Active Listening,essential,0
1970,Speaking,essential,1
1970,Reading Comprehension,essential,1
1970,Writing,essential,1
1970,Active Learning,essential,1
1970,Apple macOS,software,0
1970,HubSpot software,software,1
1970,IBM SPSS Statistics,software,0
1970,Microsoft Excel,software,1
1970,Microsoft Office software,software,1
1971,Active Listening,essential,0
1971,Speaking,essential,1
1971,Reading Comprehension,essential,0
1971,Writing,essential,1
1971,Active Learning,essential,1
1971,Apple macOS,software,1
1971,HubSpot software,software,0
1971,IBM SPSS Statistics,software,0
1971,Microsoft Excel,software,1
1971,Microsoft Office software,software,1
1972,Speaking,essential,1
1972,Reading Comprehension,essential,1
1972,Active Listening,essential,0
1972,Writing,essential,1
1972,Critical Thinking,essential,0
1972,Adobe Acrobat,software,1
1972,Adobe Creative Cloud software,software,0
1972,Adobe Illustrator,software,1
1972,Adobe InDesign,software,1
1972,Adobe Photoshop,software,0
1973,N/A - Department-level analysis only,N/A,0
1974,Reading Comprehension,essential,0
1974,Active Listening,essential,0
1974,Critical Thinking,essential,0
1974,Speaking,essential,0
1974,Science,essential,1
1974,Google Docs,software,1
1974,MEDITECH software,software,1
1974,Microsoft Excel,software,1
1974,Microsoft Office software,software,1
1974,Microsoft Outlook,software,1
1975,Active Listening,essential,1
1975,Speaking,essential,1
1975,Reading Comprehension,essential,1
1975,Critical Thinking,essential,1
1975,Monitoring,essential,1
1975,Adobe Acrobat,software,1
1975,Adobe Creative Cloud software,software,1
1975,Bentley MicroStation,software,1
1975,Eclipse IDE,software,1
1975,Facebook,software,1
1976,Critical Thinking,essential,1
1976,Reading Comprehension,essential,1
1976,Active Listening,essential,0
1976,Speaking,essential,1
1976,Active Learning,essential,1
1976,Amazon DynamoDB,software,1
1976,Amazon Elastic Compute Cloud EC2,software,1
1976,Amazon Redshift,software,1
1976,Amazon Web Services AWS CloudFormation,software,0
1976,Amazon Web Services AWS software,software,1
1979,Science,essential,1
1979,Reading Comprehension,essential,1
1979,Active Listening,essential,0
1979,Critical Thinking,essential,1
1979,Monitoring,essential,1
1979,Adobe Acrobat,software,1
1979,Adobe Photoshop,software,1
1979,ESRI ArcGIS software,software,1
1979,IBM SPSS Statistics,software,1
1979,Microsoft Access,software,1
1980,Critical Thinking,essential,0
1980,Speaking,essential,1
1980,Monitoring,essential,1
1980,Reading Comprehension,essential,0
1980,Active Listening,essential,1
1980,Adobe Acrobat,software,1
1980,Adobe After Effects,software,1
1980,Adobe InDesign,software,1
1980,Adobe Photoshop,software,0
1980,Autodesk AutoCAD,software,1
1981,Active Listening,essential,1
1981,Speaking,essential,0
1981,Reading Comprehension,essential,1
1981,Writing,essential,1
1981,Active Learning,essential,0
1981,Apple macOS,software,0
1981,HubSpot software,software,0
1981,IBM SPSS Statistics,software,0
1981,Microsoft Excel,software,0
1981,Microsoft Office software,software,0
1982,Reading Comprehension,essential,1
1982,Active Listening,essential,1
1982,Critical Thinking,essential,1
1982,Speaking,essential,1
1982,Science,essential,1
1982,Google Docs,software,1
1982,MEDITECH software,software,1
1982,Microsoft Excel,software,0
1982,Microsoft Office software,software,1
1982,Microsoft Outlook,software,1
1985,Reading Comprehension,essential,1
1985,Active Listening,essential,1
1985,Critical Thinking,essential,1
1985,Speaking,essential,1
1985,Science,essential,0
1985,Google Docs,software,0
1985,MEDITECH software,software,1
1985,Microsoft Excel,software,1
1985,Microsoft Office software,software,1
1985,Microsoft Outlook,software,1
1986,Active Listening,essential,1
1986,Speaking,essential,1
1986,Reading Comprehension,essential,1
1986,Critical Thinking,essential,1
1986,Monitoring,essential,1
1986,Adobe Acrobat,software,1
1986,Adobe Creative Cloud software,software,1
1986,Bentley MicroStation,software,1
1986,Eclipse IDE,software,0
1986,Facebook,software,1
1987,Speaking,essential,1
1987,Reading Comprehension,essential,1
1987,Active Listening,essential,1
1987,Writing,essential,1
1987,Critical Thinking,essential,0
1987,Adobe Acrobat,software,1
1987,Adobe Creative Cloud software,software,1
1987,Adobe Illustrator,software,1
1987,Adobe InDesign,software,0
1987,Adobe Photoshop,software,1
1989,Reading Comprehension,essential,1
1989,Active Listening,essential,1
1989,Critical Thinking,essential,1
1989,Speaking,essential,1
1989,Science,essential,1
1989,Google Docs,software,1
1989,MEDITECH software,software,1
1989,Microsoft Excel,software,1
1989,Microsoft Office software,software,1
1989,Microsoft Outlook,software,1
1992,Reading Comprehension,essential,0
1992,Active Listening,essential,1
1992,Critical Thinking,essential,0
1992,Speaking,essential,1
1992,Science,essential,0
1992,Google Docs,software,0
1992,MEDITECH software,software,0
1992,Microsoft Excel,software,1
1992,Microsoft Office software,software,0
1992,Microsoft Outlook,software,1
1993,Active Listening,essential,0
1993,Speaking,essential,1
1993,Reading Comprehension,essential,1
1993,Writing,essential,1
1993,Active Learning,essential,1
1993,Apple macOS,software,1
1993,HubSpot software,software,1
1993,IBM SPSS Statistics,software,1
1993,Microsoft Excel,software,1
1993,Microsoft Office software,software,1
1994,Reading Comprehension,essential,1
1994,Active Listening,essential,1
1994,Critical Thinking,essential,1
1994,Speaking,essential,1
1994,Science,essential,1
1994,Google Docs,software,1
1994,MEDITECH software,software,1
1994,Microsoft Excel,software,1
1994,Microsoft Office software,software,0
1994,Microsoft Outlook,software,1
1995,Active Listening,essential,1
1995,Speaking,essential,1
1995,Reading Comprehension,essential,1
1995,Critical Thinking,essential,1
1995,Monitoring,essential,1
1995,Adobe Acrobat,software,1
1995,Adobe Creative Cloud software,software,1
1995,Bentley MicroStation,software,1
1995,Eclipse IDE,software,1
1995,Facebook,software,1
1996,Active Listening,essential,0
1996,Speaking,essential,1
1996,Reading Comprehension,essential,1
1996,Writing,essential,0
1996,Active Learning,essential,1
1996,Apple macOS,software,0
1996,HubSpot software,software,0
1996,IBM SPSS Statistics,software,1
1996,Microsoft Excel,software,1
1996,Microsoft Office software,software,0
1997,Critical Thinking,essential,1
1997,Speaking,essential,1
1997,Monitoring,essential,1
1997,Reading Comprehension,essential,1
1997,Active Listening,essential,1
1997,Adobe Acrobat,software,0
1997,Adobe After Effects,software,1
1997,Adobe InDesign,software,0
1997,Adobe Photoshop,software,0
1997,Autodesk AutoCAD,software,0
1998,Critical Thinking,essential,0
1998,Reading Comprehension,essential,1
1998,Active Listening,essential,1
1998,Speaking,essential,1
1998,Active Learning,essential,1
1998,Amazon DynamoDB,software,0
1998,Amazon Elastic Compute Cloud EC2,software,0
1998,Amazon Redshift,software,1
1998,Amazon Web Services AWS CloudFormation,software,1
1998,Amazon Web Services AWS software,software,1
1999,Critical Thinking,essential,1
1999,Reading Comprehension,essential,1
1999,Active Listening,essential,1
1999,Speaking,essential,0
1999,Active Learning,essential,1
1999,Amazon DynamoDB,software,0
1999,Amazon Elastic Compute Cloud EC2,software,1
1999,Amazon Redshift,software,0
1999,Amazon Web Services AWS CloudFormation,software,1
1999,Amazon Web Services AWS software,software,0
2000,Science,essential,1
2000,Reading Comprehension,essential,1
2000,Active Listening,essential,1
2000,Critical Thinking,essential,1
2000,Monitoring,essential,1
2000,Adobe Acrobat,software,1
2000,Adobe Photoshop,software,1
2000,ESRI ArcGIS software,software,1
2000,IBM SPSS Statistics,software,1
2000,Microsoft Access,software,1
2003,Reading Comprehension,essential,1
2003,Active Listening,essential,0
2003,Critical Thinking,essential,0
2003,Speaking,essential,0
2003,Science,essential,1
2003,Google Docs,software,1
2003,MEDITECH software,software,1
2003,Microsoft Excel,software,0
2003,Microsoft Office software,software,1
2003,Microsoft Outlook,software,1
2007,Critical Thinking,essential,1
2007,Reading Comprehension,essential,1
2007,Active Listening,essential,0
2007,Speaking,essential,1
2007,Active Learning,essential,0
2007,Amazon DynamoDB,software,0
2007,Amazon Elastic Compute Cloud EC2,software,1
2007,Amazon Redshift,software,0
2007,Amazon Web Services AWS CloudFormation,software,0
2007,Amazon Web Services AWS software,software,0
2008,Critical Thinking,essential,1
2008,Reading Comprehension,essential,1
2008,Active Listening,essential,1
2008,Speaking,essential,1
2008,Active Learning,essential,1
2008,Amazon DynamoDB,software,1
2008,Amazon Elastic Compute Cloud EC2,software,1
2008,Amazon Redshift,software,1
2008,Amazon Web Services AWS CloudFormation,software,1
2008,Amazon Web Services AWS software,software,1
2009,Active Listening,essential,1
2009,Speaking,essential,1
2009,Reading Comprehension,essential,1
2009,Writing,essential,1
2009,Active Learning,essential,1
2009,Apple macOS,software,1
2009,HubSpot software,software,1
2009,IBM SPSS Statistics,software,1
2009,Microsoft Excel,software,1
2009,Microsoft Office software,software,1
2010,Reading Comprehension,essential,1
2010,Active Listening,essential,1
2010,Critical Thinking,essential,1
2010,Speaking,essential,1
2010,Science,essential,1
2010,Google Docs,software,0
2010,MEDITECH software,software,1
2010,Microsoft Excel,software,1
2010,Microsoft Office software,software,0
2010,Microsoft Outlook,software,0
2012,Reading Comprehension,essential,1
2012,Active Listening,essential,1
2012,Critical Thinking,essential,1
2012,Speaking,essential,0
2012,Science,essential,0
2012,Google Docs,software,1
2012,MEDITECH software,software,0
2012,Microsoft Excel,software,0
2012,Microsoft Office software,software,1
2012,Microsoft Outlook,software,0
2013,Active Listening,essential,0
2013,Speaking,essential,1
2013,Reading Comprehension,essential,0
2013,Writing,essential,1
2013,Active Learning,essential,0
2013,Apple macOS,software,0
2013,HubSpot software,software,0
2013,IBM SPSS Statistics,software,1
2013,Microsoft Excel,software,1
2013,Microsoft Office software,software,1
2014,Critical Thinking,essential,1
2014,Reading Comprehension,essential,1
2014,Active Listening,essential,1
2014,Speaking,essential,1
2014,Active Learning,essential,1
2014,Amazon DynamoDB,software,1
2014,Amazon Elastic Compute Cloud EC2,software,0
2014,Amazon Redshift,software,1
2014,Amazon Web Services AWS CloudFormation,software,1
2014,Amazon Web Services AWS software,software,1
2015,Science,essential,1
2015,Reading Comprehension,essential,1
2015,Active Listening,essential,1
2015,Critical Thinking,essential,1
2015,Monitoring,essential,1
2015,Adobe Acrobat,software,1
2015,Adobe Photoshop,software,1
2015,ESRI ArcGIS software,software,1
2015,IBM SPSS Statistics,software,1
2015,Microsoft Access,software,1
2016,Active Listening,essential,1
2016,Speaking,essential,1
2016,Reading Comprehension,essential,1
2016,Critical Thinking,essential,1
2016,Monitoring,essential,1
2016,Adobe Acrobat,software,1
2016,Adobe Creative Cloud software,software,1
2016,Bentley MicroStation,software,1
2016,Eclipse IDE,software,1
2016,Facebook,software,1
2017,Science,essential,1
2017,Reading Comprehension,essential,1
2017,Active Listening,essential,1
2017,Critical Thinking,essential,1
2017,Monitoring,essential,1
2017,Adobe Acrobat,software,1
2017,Adobe Photoshop,software,1
2017,ESRI ArcGIS software,software,1
2017,IBM SPSS Statistics,software,1
2017,Microsoft Access,software,0
2018,Active Listening,essential,1
2018,Speaking,essential,1
2018,Reading Comprehension,essential,1
2018,Critical Thinking,essential,0
2018,Monitoring,essential,1
2018,Adobe Acrobat,software,0
2018,Adobe Creative Cloud software,software,0
2018,Bentley MicroStation,software,1
2018,Eclipse IDE,software,1
2018,Facebook,software,1
2019,Active Listening,essential,1
2019,Speaking,essential,1
2019,Reading Comprehension,essential,1
2019,Writing,essential,1
2019,Active Learning,essential,1
2019,Apple macOS,software,1
2019,HubSpot software,software,1
2019,IBM SPSS Statistics,software,1
2019,Microsoft Excel,software,1
2019,Microsoft Office software,software,1
2020,Critical Thinking,essential,0
2020,Reading Comprehension,essential,1
2020,Active Listening,essential,0
2020,Speaking,essential,0
2020,Active Learning,essential,1
2020,Amazon DynamoDB,software,0
2020,Amazon Elastic Compute Cloud EC2,software,1
2020,Amazon Redshift,software,0
2020,Amazon Web Services AWS CloudFormation,software,0
2020,Amazon Web Services AWS software,software,1
2021,Active Listening,essential,1
2021,Speaking,essential,1
2021,Reading Comprehension,essential,1
2021,Writing,essential,1
2021,Active Learning,essential,1
2021,Apple macOS,software,1
2021,HubSpot software,software,1
2021,IBM SPSS Statistics,software,0
2021,Microsoft Excel,software,0
2021,Microsoft Office software,software,1
2022,N/A - Department-level analysis only,N/A,0
2023,Active Listening,essential,0
2023,Speaking,essential,1
2023,Reading Comprehension,essential,1
2023,Writing,essential,0
2023,Active Learning,essential,1
2023,Apple macOS,software,0
2023,HubSpot software,software,0
2023,IBM SPSS Statistics,software,0
2023,Microsoft Excel,software,0
2023,Microsoft Office software,software,0
2024,Active Listening,essential,1
2024,Speaking,essential,1
2024,Reading Comprehension,essential,1
2024,Critical Thinking,essential,1
2024,Monitoring,essential,1
2024,Adobe Acrobat,software,1
2024,Adobe Creative Cloud software,software,1
2024,Bentley MicroStation,software,1
2024,Eclipse IDE,software,1
2024,Facebook,software,1
2025,Critical Thinking,essential,1
2025,Speaking,essential,1
2025,Monitoring,essential,1
2025,Reading Comprehension,essential,0
2025,Active Listening,essential,1
2025,Adobe Acrobat,software,1
2025,Adobe After Effects,software,1
2025,Adobe InDesign,software,1
2025,Adobe Photoshop,software,1
2025,Autodesk AutoCAD,software,1
2026,Active Listening,essential,0
2026,Speaking,essential,1
2026,Reading Comprehension,essential,1
2026,Writing,essential,1
2026,Active Learning,essential,1
2026,Apple macOS,software,1
2026,HubSpot software,software,1
2026,IBM SPSS Statistics,software,1
2026,Microsoft Excel,software,1
2026,Microsoft Office software,software,1
2027,Critical Thinking,essential,1
2027,Reading Comprehension,essential,1
2027,Active Listening,essential,1
2027,Speaking,essential,1
2027,Active Learning,essential,0
2027,Amazon DynamoDB,software,1
2027,Amazon Elastic Compute Cloud EC2,software,1
2027,Amazon Redshift,software,0
2027,Amazon Web Services AWS CloudFormation,software,0
2027,Amazon Web Services AWS software,software,0
2031,N/A - Department-level analysis only,N/A,0
2032,Reading Comprehension,essential,1
2032,Active Listening,essential,1
2032,Critical Thinking,essential,1
2032,Speaking,essential,1
2032,Science,essential,1
2032,Google Docs,software,1
2032,MEDITECH software,software,1
2032,Microsoft Excel,software,1
2032,Microsoft Office software,software,1
2032,Microsoft Outlook,software,1
2034,Critical Thinking,essential,1
2034,Speaking,essential,1
2034,Monitoring,essential,1
2034,Reading Comprehension,essential,1
2034,Active Listening,essential,1
2034,Adobe Acrobat,software,0
2034,Adobe After Effects,software,1
2034,Adobe InDesign,software,1
2034,Adobe Photoshop,software,1
2034,Autodesk AutoCAD,software,1
2035,Active Listening,essential,1
2035,Speaking,essential,1
2035,Reading Comprehension,essential,0
2035,Critical Thinking,essential,1
2035,Monitoring,essential,1
2035,Adobe Acrobat,software,0
2035,Adobe Creative Cloud software,software,1
2035,Bentley MicroStation,software,1
2035,Eclipse IDE,software,0
2035,Facebook,software,1
2036,Active Listening,essential,1
2036,Speaking,essential,1
2036,Reading Comprehension,essential,1
2036,Critical Thinking,essential,1
2036,Monitoring,essential,1
2036,Adobe Acrobat,software,1
2036,Adobe Creative Cloud software,software,1
2036,Bentley MicroStation,software,1
2036,Eclipse IDE,software,0
2036,Facebook,software,1
2037,Active Listening,essential,0
2037,Speaking,essential,1
2037,Reading Comprehension,essential,1
2037,Critical Thinking,essential,1
2037,Monitoring,essential,1
2037,Adobe Acrobat,software,1
2037,Adobe Creative Cloud software,software,1
2037,Bentley MicroStation,software,0
2037,Eclipse IDE,software,1
2037,Facebook,software,1
2038,Critical Thinking,essential,1
2038,Reading Comprehension,essential,1
2038,Active Listening,essential,1
2038,Speaking,essential,1
2038,Active Learning,essential,1
2038,Amazon DynamoDB,software,1
2038,Amazon Elastic Compute Cloud EC2,software,1
2038,Amazon Redshift,software,1
2038,Amazon Web Services AWS CloudFormation,software,1
2038,Amazon Web Services AWS software,software,0
2040,Speaking,essential,1
2040,Reading Comprehension,essential,1
2040,Active Listening,essential,1
2040,Writing,essential,1
2040,Critical Thinking,essential,1
2040,Adobe Acrobat,software,0
2040,Adobe Creative Cloud software,software,1
2040,Adobe Illustrator,software,1
2040,Adobe InDesign,software,1
2040,Adobe Photoshop,software,1
2041,Active Listening,essential,0
2041,Speaking,essential,1
2041,Reading Comprehension,essential,1
2041,Critical Thinking,essential,1
2041,Monitoring,essential,1
2041,Adobe Acrobat,software,1
2041,Adobe Creative Cloud software,software,0
2041,Bentley MicroStation,software,1
2041,Eclipse IDE,software,1
2041,Facebook,software,1
2044,Active Listening,essential,1
2044,Speaking,essential,1
2044,Reading Comprehension,essential,1
2044,Critical Thinking,essential,1
2044,Monitoring,essential,1
2044,Adobe Acrobat,software,0
2044,Adobe Creative Cloud software,software,1
2044,Bentley MicroStation,software,0
2044,Eclipse IDE,software,1
2044,Facebook,software,1
2045,Active Listening,essential,1
2045,Speaking,essential,0
2045,Reading Comprehension,essential,0
2045,Critical Thinking,essential,0
2045,Monitoring,essential,1
2045,Adobe Acrobat,software,1
2045,Adobe Creative Cloud software,software,1
2045,Bentley MicroStation,software,0
2045,Eclipse IDE,software,1
2045,Facebook,software,1
2046,Active Listening,essential,1
2046,Speaking,essential,1
2046,Reading Comprehension,essential,1
2046,Critical Thinking,essential,0
2046,Monitoring,essential,1
2046,Adobe Acrobat,software,0
2046,Adobe Creative Cloud software,software,0
2046,Bentley MicroStation,software,1
2046,Eclipse IDE,software,1
2046,Facebook,software,1
2048,Critical Thinking,essential,0
2048,Reading Comprehension,essential,1
2048,Active Listening,essential,1
2048,Speaking,essential,1
2048,Active Learning,essential,1
2048,Amazon DynamoDB,software,1
2048,Amazon Elastic Compute Cloud EC2,software,1
2048,Amazon Redshift,software,0
2048,Amazon Web Services AWS CloudFormation,software,0
2048,Amazon Web Services AWS software,software,1
2049,Active Listening,essential,1
2049,Speaking,essential,1
2049,Reading Comprehension,essential,1
2049,Writing,essential,1
2049,Active Learning,essential,1
2049,Apple macOS,software,1
2049,HubSpot software,software,1
2049,IBM SPSS Statistics,software,1
2049,Microsoft Excel,software,1
2049,Microsoft Office software,software,1
2051,Critical Thinking,essential,1
2051,Reading Comprehension,essential,1
2051,Active Listening,essential,0
2051,Speaking,essential,1
2051,Active Learning,essential,0
2051,Amazon DynamoDB,software,1
2051,Amazon Elastic Compute Cloud EC2,software,1
2051,Amazon Redshift,software,0
2051,Amazon Web Services AWS CloudFormation,software,1
2051,Amazon Web Services AWS software,software,1
2052,Critical Thinking,essential,1
2052,Reading Comprehension,essential,1
2052,Active Listening,essential,1
2052,Speaking,essential,1
2052,Active Learning,essential,1
2052,Amazon DynamoDB,software,1
2052,Amazon Elastic Compute Cloud EC2,software,1
2052,Amazon Redshift,software,1
2052,Amazon Web Services AWS CloudFormation,software,0
2052,Amazon Web Services AWS software,software,0
2053,Reading Comprehension,essential,1
2053,Active Listening,essential,1
2053,Critical Thinking,essential,0
2053,Speaking,essential,1
2053,Science,essential,1
2053,Google Docs,software,0
2053,MEDITECH software,software,1
2053,Microsoft Excel,software,1
2053,Microsoft Office software,software,0
2053,Microsoft Outlook,software,0
2054,Critical Thinking,essential,1
2054,Reading Comprehension,essential,1
2054,Active Listening,essential,1
2054,Speaking,essential,0
2054,Active Learning,essential,1
2054,Amazon DynamoDB,software,1
2054,Amazon Elastic Compute Cloud EC2,software,0
2054,Amazon Redshift,software,1
2054,Amazon Web Services AWS CloudFormation,software,1
2054,Amazon Web Services AWS software,software,1
2055,Active Listening,essential,1
2055,Speaking,essential,1
2055,Reading Comprehension,essential,0
2055,Critical Thinking,essential,0
2055,Monitoring,essential,1
2055,Adobe Acrobat,software,1
2055,Adobe Creative Cloud software,software,1
2055,Bentley MicroStation,software,1
2055,Eclipse IDE,software,1
2055,Facebook,software,0
2056,Active Listening,essential,1
2056,Speaking,essential,1
2056,Reading Comprehension,essential,1
2056,Critical Thinking,essential,1
2056,Monitoring,essential,1
2056,Adobe Acrobat,software,1
2056,Adobe Creative Cloud software,software,1
2056,Bentley MicroStation,software,1
2056,Eclipse IDE,software,1
2056,Facebook,software,1
2057,Critical Thinking,essential,1
2057,Speaking,essential,0
2057,Monitoring,essential,1
2057,Reading Comprehension,essential,1
2057,Active Listening,essential,1
2057,Adobe Acrobat,software,1
2057,Adobe After Effects,software,1
2057,Adobe InDesign,software,1
2057,Adobe Photoshop,software,1
2057,Autodesk AutoCAD,software,1
2060,Active Listening,essential,1
2060,Speaking,essential,1
2060,Reading Comprehension,essential,0
2060,Writing,essential,0
2060,Active Learning,essential,1
2060,Apple macOS,software,1
2060,HubSpot software,software,1
2060,IBM SPSS Statistics,software,1
2060,Microsoft Excel,software,0
2060,Microsoft Office software,software,0
2061,Reading Comprehension,essential,1
2061,Active Listening,essential,1
2061,Critical Thinking,essential,1
2061,Speaking,essential,1
2061,Science,essential,1
2061,Google Docs,software,0
2061,MEDITECH software,software,0
2061,Microsoft Excel,software,1
2061,Microsoft Office software,software,1
2061,Microsoft Outlook,software,1
2062,Active Listening,essential,1
2062,Speaking,essential,1
2062,Reading Comprehension,essential,1
2062,Writing,essential,1
2062,Active Learning,essential,1
2062,Apple macOS,software,1
2062,HubSpot software,software,1
2062,IBM SPSS Statistics,software,1
2062,Microsoft Excel,software,1
2062,Microsoft Office software,software,1
2064,Critical Thinking,essential,1
2064,Speaking,essential,1
2064,Monitoring,essential,1
2064,Reading Comprehension,essential,1
2064,Active Listening,essential,1
2064,Adobe Acrobat,software,0
2064,Adobe After Effects,software,1
2064,Adobe InDesign,software,1
2064,Adobe Photoshop,software,1
2064,Autodesk AutoCAD,software,1
2065,Active Listening,essential,1
2065,Speaking,essential,1
2065,Reading Comprehension,essential,1
2065,Critical Thinking,essential,1
2065,Monitoring,essential,1
2065,Adobe Acrobat,software,1
2065,Adobe Creative Cloud software,software,1
2065,Bentley MicroStation,software,1
2065,Eclipse IDE,software,1
2065,Facebook,software,1
2068,Reading Comprehension,essential,1
2068,Active Listening,essential,1
2068,Critical Thinking,essential,1
2068,Speaking,essential,1
2068,Science,essential,0
2068,Google Docs,software,1
2068,MEDITECH software,software,1
2068,Microsoft Excel,software,0
2068,Microsoft Office software,software,1
2068,Microsoft Outlook,software,1
