# This table combines: (1) a validated ML risk model (see model_card.md), (2) real engagement survey data covering 49.7% of employees (Step 13 -- do not generalize to the rest), (3) O*NET role mappings with confidence levels ranging from very_low to medium -- none are exact matches (see data_relationships.md Open Issue #1), and (4) SYNTHETIC skill-gap and recommendation data (Steps 15-18) that has NOT been validated against real employee skill records. Sections 3 and 4 are illustrative of MVP capability, not production-ready HR guidance.
EmployeeNumber,Department,JobRole,RiskScore,RiskLevel,EngagementScore,SatisfactionScore,WorkLifeBalanceScore,ONET_Title,ONET_Confidence,SkillGapCount,SkillGapSeverity,Top3Recommendations
1,Sales,Sales Executive,0.8976,HIGH,,,,Sales Managers,low,5.0,MEDIUM,Executive Presentation & Public Speaking Masterclass (Toastmasters / Internal Workshop); Technical & Regulatory Documentation Analysis Workshop; Bentley MicroStation CAD: 2D/3D Infrastructure Drafting & Asset Modeling
2,Research & Development,Research Scientist,0.0959,LOW,,,,Computer and Information Research Scientists,medium,1.0,LOW,Technical & Regulatory Documentation Analysis Workshop
4,Research & Development,Laboratory Technician,0.7756,HIGH,,,,Medical and Clinical Laboratory Technicians,medium,5.0,MEDIUM,"Technical & Regulatory Documentation Analysis Workshop; Scientific Methodology, Evidence-Based Rigor & Laboratory Standards Training; Google Workspace Collaboration: Document Co-Authoring & Cloud Governance"
5,Research & Development,Research Scientist,0.3311,LOW,,,,Computer and Information Research Scientists,medium,2.0,LOW,Executive Presentation & Public Speaking Masterclass (Toastmasters / Internal Workshop); Continuous Professional Learning & Rapid Skill Acquisition Frameworks
7,Research & Development,Laboratory Technician,0.7861,HIGH,,,,Medical and Clinical Laboratory Technicians,medium,2.0,LOW,Executive Presentation & Public Speaking Masterclass (Toastmasters / Internal Workshop); Google Workspace Collaboration: Document Co-Authoring & Cloud Governance
8,Research & Development,Laboratory Technician,0.2618,LOW,,,,Medical and Clinical Laboratory Technicians,medium,5.0,MEDIUM,Technical & Regulatory Documentation Analysis Workshop; Empathetic Leadership & Active Listening for Cross-Functional Collaboration; Strategic Problem Solving & Root Cause Decision Analysis Seminar
10,Research & Development,Laboratory Technician,0.4557,HIGH,,,,Medical and Clinical Laboratory Technicians,medium,4.0,MEDIUM,"Strategic Problem Solving & Root Cause Decision Analysis Seminar; Google Workspace Collaboration: Document Co-Authoring & Cloud Governance; Advanced Excel: Dynamic Arrays, Power Query & Business Financial Modeling"
11,Research & Development,Laboratory Technician,0.3348,LOW,,,,Medical and Clinical Laboratory Technicians,medium,5.0,MEDIUM,"Technical & Regulatory Documentation Analysis Workshop; Executive Presentation & Public Speaking Masterclass (Toastmasters / Internal Workshop); Scientific Methodology, Evidence-Based Rigor & Laboratory Standards Training"
12,Research & Development,Manufacturing Director,0.3566,LOW,,,,Industrial Production Managers,low,2.0,LOW,Strategic Problem Solving & Root Cause Decision Analysis Seminar; Commercial Image Retouching & Asset Production with Adobe Photoshop
13,Research & Development,Healthcare Representative,0.1842,LOW,,,,"Sales Representatives of Services, Except Advertising, Insurance, Financial Services, and Travel",low,0.0,LOW,None - No skill gaps identified
14,Research & Development,Laboratory Technician,0.2989,LOW,,,,Medical and Clinical Laboratory Technicians,medium,1.0,LOW,"Scientific Methodology, Evidence-Based Rigor & Laboratory Standards Training"
15,Research & Development,Laboratory Technician,0.6654,HIGH,,,,Medical and Clinical Laboratory Technicians,medium,1.0,LOW,Strategic Problem Solving & Root Cause Decision Analysis Seminar
16,Research & Development,Research Scientist,0.3301,LOW,,,,Computer and Information Research Scientists,medium,4.0,MEDIUM,Strategic Problem Solving & Root Cause Decision Analysis Seminar; Technical & Regulatory Documentation Analysis Workshop; AWS Compute Architecture: Scalable EC2 Fleet Management & Auto-Scaling
18,Research & Development,Laboratory Technician,0.2485,LOW,,,,Medical and Clinical Laboratory Technicians,medium,4.0,MEDIUM,"Scientific Methodology, Evidence-Based Rigor & Laboratory Standards Training; MEDITECH EHR Clinical Data Management & Laboratory Information Systems Track; Advanced Excel: Dynamic Arrays, Power Query & Business Financial Modeling"
19,Research & Development,Laboratory Technician,0.9727,HIGH,,,,Medical and Clinical Laboratory Technicians,medium,1.0,LOW,Technical & Regulatory Documentation Analysis Workshop
20,Research & Development,Manufacturing Director,0.2051,LOW,,,,Industrial Production Managers,low,2.0,LOW,Strategic Problem Solving & Root Cause Decision Analysis Seminar; Empathetic Leadership & Active Listening for Cross-Functional Collaboration
21,Research & Development,Research Scientist,0.2196,LOW,,,,Computer and Information Research Scientists,medium,0.0,LOW,None - No skill gaps identified
22,Research & Development,Laboratory Technician,0.3934,LOW,,,,Medical and Clinical Laboratory Technicians,medium,5.0,MEDIUM,"Technical & Regulatory Documentation Analysis Workshop; Strategic Problem Solving & Root Cause Decision Analysis Seminar; Scientific Methodology, Evidence-Based Rigor & Laboratory Standards Training"
23,Sales,Manager,0.0347,LOW,,,,"Managers, All Other",very_low,,N/A - Manager,N/A - Manager (use Department-level analysis)
24,Research & Development,Research Scientist,0.511,HIGH,,,,Computer and Information Research Scientists,medium,4.0,MEDIUM,Empathetic Leadership & Active Listening for Cross-Functional Collaboration; Executive Presentation & Public Speaking Masterclass (Toastmasters / Internal Workshop); NoSQL Database Architecture with AWS DynamoDB: Modeling & Scalability
26,Research & Development,Manufacturing Director,0.0153,LOW,,,,Industrial Production Managers,low,5.0,MEDIUM,"Executive Presentation & Public Speaking Masterclass (Toastmasters / Internal Workshop); Operational Process Auditing & KPI Performance Monitoring Protocols; Corporate Layout Design, Multi-Page Publishing & Pitch Decks with InDesign"
27,Sales,Sales Representative,0.7926,HIGH,,,,"Sales Representatives of Services, Except Advertising, Insurance, Financial Services, and Travel",medium,1.0,LOW,Business & Technical Writing: Structuring Executive Summaries & Proposals
28,Research & Development,Research Director,0.0486,LOW,,,,Natural Sciences Managers,low,0.0,LOW,None - No skill gaps identified
30,Research & Development,Research Scientist,0.3341,LOW,,,,Computer and Information Research Scientists,medium,4.0,MEDIUM,Strategic Problem Solving & Root Cause Decision Analysis Seminar; AWS Compute Architecture: Scalable EC2 Fleet Management & Auto-Scaling; AWS Infrastructure as Code: CloudFormation & CDK Automated Deployments
31,Research & Development,Research Scientist,0.4297,HIGH,,,,Computer and Information Research Scientists,medium,3.0,LOW,Strategic Problem Solving & Root Cause Decision Analysis Seminar; NoSQL Database Architecture with AWS DynamoDB: Modeling & Scalability; AWS Infrastructure as Code: CloudFormation & CDK Automated Deployments
32,Research & Development,Manager,0.0078,LOW,,,,"Managers, All Other",very_low,,N/A - Manager,N/A - Manager (use Department-level analysis)
33,Research & Development,Research Scientist,0.8968,HIGH,,,,Computer and Information Research Scientists,medium,3.0,LOW,Technical & Regulatory Documentation Analysis Workshop; Cloud Data Warehousing & High-Performance SQL Analytics with Amazon Redshift; AWS Infrastructure as Code: CloudFormation & CDK Automated Deployments
35,Sales,Sales Executive,0.2425,LOW,,,,Sales Managers,low,2.0,LOW,Technical & Regulatory Documentation Analysis Workshop; Adobe Creative Cloud Bootcamp: Multi-App Visual Design & Asset Management
36,Research & Development,Healthcare Representative,0.0199,LOW,,,,"Sales Representatives of Services, Except Advertising, Insurance, Financial Services, and Travel",low,1.0,LOW,Executive Presentation & Public Speaking Masterclass (Toastmasters / Internal Workshop)
38,Sales,Manager,0.4166,HIGH,,,,"Managers, All Other",very_low,,N/A - Manager,N/A - Manager (use Department-level analysis)
39,Research & Development,Laboratory Technician,0.4358,HIGH,,,,Medical and Clinical Laboratory Technicians,medium,10.0,HIGH,Technical & Regulatory Documentation Analysis Workshop; Empathetic Leadership & Active Listening for Cross-Functional Collaboration; Strategic Problem Solving & Root Cause Decision Analysis Seminar
40,Research & Development,Healthcare Representative,0.0429,LOW,,,,"Sales Representatives of Services, Except Advertising, Insurance, Financial Services, and Travel",low,1.0,LOW,Empathetic Leadership & Active Listening for Cross-Functional Collaboration
41,Research & Development,Laboratory Technician,0.4091,HIGH,,,,Medical and Clinical Laboratory Technicians,medium,0.0,LOW,None - No skill gaps identified
42,Sales,Sales Representative,0.1609,LOW,,,,"Sales Representatives of Services, Except Advertising, Insurance, Financial Services, and Travel",medium,3.0,LOW,"Continuous Professional Learning & Rapid Skill Acquisition Frameworks; macOS for Enterprise: Advanced Terminal, Security & Productivity Tooling; Advanced Excel: Dynamic Arrays, Power Query & Business Financial Modeling"
45,Research & Development,Research Scientist,0.6496,HIGH,,,,Computer and Information Research Scientists,medium,3.0,LOW,Executive Presentation & Public Speaking Masterclass (Toastmasters / Internal Workshop); Continuous Professional Learning & Rapid Skill Acquisition Frameworks; NoSQL Database Architecture with AWS DynamoDB: Modeling & Scalability
46,Research & Development,Research Scientist,0.0076,LOW,,,,Computer and Information Research Scientists,medium,3.0,LOW,Technical & Regulatory Documentation Analysis Workshop; Continuous Professional Learning & Rapid Skill Acquisition Frameworks; NoSQL Database Architecture with AWS DynamoDB: Modeling & Scalability
47,Sales,Sales Representative,0.8854,HIGH,,,,"Sales Representatives of Services, Except Advertising, Insurance, Financial Services, and Travel",medium,3.0,LOW,Executive Presentation & Public Speaking Masterclass (Toastmasters / Internal Workshop); Inbound Sales & CRM Pipeline Optimization with HubSpot Sales Hub; Advanced Statistical Inference & Predictive Modeling using IBM SPSS
49,Sales,Sales Representative,0.2864,LOW,,,,"Sales Representatives of Services, Except Advertising, Insurance, Financial Services, and Travel",medium,3.0,LOW,"macOS for Enterprise: Advanced Terminal, Security & Productivity Tooling; Inbound Sales & CRM Pipeline Optimization with HubSpot Sales Hub; Enterprise Microsoft 365 Productivity & Workflow Automation Bootcamp"
51,Research & Development,Research Scientist,0.7727,HIGH,,,,Computer and Information Research Scientists,medium,7.0,HIGH,Strategic Problem Solving & Root Cause Decision Analysis Seminar; Technical & Regulatory Documentation Analysis Workshop; Empathetic Leadership & Active Listening for Cross-Functional Collaboration
52,Sales,Sales Executive,0.1859,LOW,,,,Sales Managers,low,3.0,LOW,Operational Process Auditing & KPI Performance Monitoring Protocols; Adobe Creative Cloud Bootcamp: Multi-App Visual Design & Asset Management; Bentley MicroStation CAD: 2D/3D Infrastructure Drafting & Asset Modeling
53,Research & Development,Laboratory Technician,0.1599,LOW,,,,Medical and Clinical Laboratory Technicians,medium,3.0,LOW,Executive Presentation & Public Speaking Masterclass (Toastmasters / Internal Workshop); MEDITECH EHR Clinical Data Management & Laboratory Information Systems Track; Enterprise Microsoft 365 Productivity & Workflow Automation Bootcamp
54,Research & Development,Laboratory Technician,0.1726,LOW,,,,Medical and Clinical Laboratory Technicians,medium,6.0,MEDIUM,"Empathetic Leadership & Active Listening for Cross-Functional Collaboration; Executive Presentation & Public Speaking Masterclass (Toastmasters / Internal Workshop); Scientific Methodology, Evidence-Based Rigor & Laboratory Standards Training"
55,Research & Development,Laboratory Technician,0.9511,HIGH,,,,Medical and Clinical Laboratory Technicians,medium,6.0,MEDIUM,Technical & Regulatory Documentation Analysis Workshop; Executive Presentation & Public Speaking Masterclass (Toastmasters / Internal Workshop); Google Workspace Collaboration: Document Co-Authoring & Cloud Governance
56,Sales,Sales Executive,0.3081,LOW,,,,Sales Managers,low,4.0,MEDIUM,"Executive Presentation & Public Speaking Masterclass (Toastmasters / Internal Workshop); Strategic Problem Solving & Root Cause Decision Analysis Seminar; Adobe Acrobat Pro: Digital Signatures, Forms & Secure Document Workflows"
57,Research & Development,Laboratory Technician,0.2231,LOW,,,,Medical and Clinical Laboratory Technicians,medium,2.0,LOW,Empathetic Leadership & Active Listening for Cross-Functional Collaboration; Strategic Problem Solving & Root Cause Decision Analysis Seminar
58,Research & Development,Research Director,0.1904,LOW,,,,Natural Sciences Managers,low,0.0,LOW,None - No skill gaps identified
60,Sales,Sales Executive,0.398,LOW,,,,Sales Managers,low,0.0,LOW,None - No skill gaps identified
61,Research & Development,Research Scientist,0.6036,HIGH,,,,Computer and Information Research Scientists,medium,5.0,MEDIUM,Technical & Regulatory Documentation Analysis Workshop; Continuous Professional Learning & Rapid Skill Acquisition Frameworks; NoSQL Database Architecture with AWS DynamoDB: Modeling & Scalability
62,Sales,Sales Executive,0.6123,HIGH,,,,Sales Managers,low,0.0,LOW,None - No skill gaps identified
63,Research & Development,Laboratory Technician,0.0995,LOW,,,,Medical and Clinical Laboratory Technicians,medium,6.0,MEDIUM,Empathetic Leadership & Active Listening for Cross-Functional Collaboration; Strategic Problem Solving & Root Cause Decision Analysis Seminar; Executive Presentation & Public Speaking Masterclass (Toastmasters / Internal Workshop)
64,Research & Development,Laboratory Technician,0.9384,HIGH,,,,Medical and Clinical Laboratory Technicians,medium,7.0,HIGH,"Empathetic Leadership & Active Listening for Cross-Functional Collaboration; Executive Presentation & Public Speaking Masterclass (Toastmasters / Internal Workshop); Scientific Methodology, Evidence-Based Rigor & Laboratory Standards Training"
65,Research & Development,Laboratory Technician,0.8835,HIGH,,,,Medical and Clinical Laboratory Technicians,medium,7.0,HIGH,Technical & Regulatory Documentation Analysis Workshop; Empathetic Leadership & Active Listening for Cross-Functional Collaboration; Executive Presentation & Public Speaking Masterclass (Toastmasters / Internal Workshop)
68,Sales,Sales Executive,0.6573,HIGH,,,,Sales Managers,low,3.0,LOW,"Executive Presentation & Public Speaking Masterclass (Toastmasters / Internal Workshop); Java & Multi-Language Software Development with Eclipse IDE & Git Plugins; B2B Social Media Marketing, Meta Business Suite & Targeted Outreach Campaigns"
70,Research & Development,Healthcare Representative,0.4347,HIGH,,,,"Sales Representatives of Services, Except Advertising, Insurance, Financial Services, and Travel",low,7.0,HIGH,Empathetic Leadership & Active Listening for Cross-Functional Collaboration; Business & Technical Writing: Structuring Executive Summaries & Proposals; Continuous Professional Learning & Rapid Skill Acquisition Frameworks
72,Sales,Sales Executive,0.9103,HIGH,,,,Sales Managers,low,5.0,MEDIUM,Empathetic Leadership & Active Listening for Cross-Functional Collaboration; Technical & Regulatory Documentation Analysis Workshop; Strategic Problem Solving & Root Cause Decision Analysis Seminar
73,Research & Development,Research Director,0.2728,LOW,,,,Natural Sciences Managers,low,1.0,LOW,Empathetic Leadership & Active Listening for Cross-Functional Collaboration
74,Sales,Sales Executive,0.4525,HIGH,,,,Sales Managers,low,3.0,LOW,"Executive Presentation & Public Speaking Masterclass (Toastmasters / Internal Workshop); Technical & Regulatory Documentation Analysis Workshop; Adobe Acrobat Pro: Digital Signatures, Forms & Secure Document Workflows"
75,Research & Development,Laboratory Technician,0.8389,HIGH,,,,Medical and Clinical Laboratory Technicians,medium,6.0,MEDIUM,Technical & Regulatory Documentation Analysis Workshop; Empathetic Leadership & Active Listening for Cross-Functional Collaboration; Executive Presentation & Public Speaking Masterclass (Toastmasters / Internal Workshop)
76,Research & Development,Laboratory Technician,0.0782,LOW,,,,Medical and Clinical Laboratory Technicians,medium,2.0,LOW,"Empathetic Leadership & Active Listening for Cross-Functional Collaboration; Scientific Methodology, Evidence-Based Rigor & Laboratory Standards Training"
77,Research & Development,Manufacturing Director,0.034,LOW,,,,Industrial Production Managers,low,1.0,LOW,Commercial Image Retouching & Asset Production with Adobe Photoshop
78,Research & Development,Manufacturing Director,0.4177,HIGH,,,,Industrial Production Managers,low,2.0,LOW,"Adobe Acrobat Pro: Digital Signatures, Forms & Secure Document Workflows; Corporate Layout Design, Multi-Page Publishing & Pitch Decks with InDesign"
79,Research & Development,Laboratory Technician,0.694,HIGH,,,,Medical and Clinical Laboratory Technicians,medium,1.0,LOW,Empathetic Leadership & Active Listening for Cross-Functional Collaboration
80,Research & Development,Research Director,0.4905,HIGH,,,,Natural Sciences Managers,low,0.0,LOW,None - No skill gaps identified
81,Sales,Sales Executive,0.4288,HIGH,,,,Sales Managers,low,0.0,LOW,None - No skill gaps identified
83,Research & Development,Healthcare Representative,0.069,LOW,,,,"Sales Representatives of Services, Except Advertising, Insurance, Financial Services, and Travel",low,0.0,LOW,None - No skill gaps identified
84,Research & Development,Manager,0.0477,LOW,,,,"Managers, All Other",very_low,,N/A - Manager,N/A - Manager (use Department-level analysis)
85,Research & Development,Manufacturing Director,0.4479,HIGH,,,,Industrial Production Managers,low,0.0,LOW,None - No skill gaps identified
86,Research & Development,Research Scientist,0.0421,LOW,,,,Computer and Information Research Scientists,medium,5.0,MEDIUM,Strategic Problem Solving & Root Cause Decision Analysis Seminar; Technical & Regulatory Documentation Analysis Workshop; Empathetic Leadership & Active Listening for Cross-Functional Collaboration
88,Research & Development,Research Scientist,0.515,HIGH,,,,Computer and Information Research Scientists,medium,4.0,MEDIUM,NoSQL Database Architecture with AWS DynamoDB: Modeling & Scalability; AWS Compute Architecture: Scalable EC2 Fleet Management & Auto-Scaling; Cloud Data Warehousing & High-Performance SQL Analytics with Amazon Redshift
90,Research & Development,Research Scientist,0.7119,HIGH,,,,Computer and Information Research Scientists,medium,7.0,HIGH,Technical & Regulatory Documentation Analysis Workshop; Empathetic Leadership & Active Listening for Cross-Functional Collaboration; Executive Presentation & Public Speaking Masterclass (Toastmasters / Internal Workshop)
91,Sales,Sales Executive,0.4964,HIGH,,,,Sales Managers,low,2.0,LOW,Executive Presentation & Public Speaking Masterclass (Toastmasters / Internal Workshop); Technical & Regulatory Documentation Analysis Workshop
94,Research & Development,Research Scientist,0.0284,LOW,,,,Computer and Information Research Scientists,medium,4.0,MEDIUM,Technical & Regulatory Documentation Analysis Workshop; NoSQL Database Architecture with AWS DynamoDB: Modeling & Scalability; AWS Infrastructure as Code: CloudFormation & CDK Automated Deployments
95,Research & Development,Research Scientist,0.2256,LOW,,,,Computer and Information Research Scientists,medium,6.0,MEDIUM,Strategic Problem Solving & Root Cause Decision Analysis Seminar; Executive Presentation & Public Speaking Masterclass (Toastmasters / Internal Workshop); Continuous Professional Learning & Rapid Skill Acquisition Frameworks
96,Research & Development,Research Scientist,0.0488,LOW,,,,Computer and Information Research Scientists,medium,0.0,LOW,None - No skill gaps identified
97,Research & Development,Laboratory Technician,0.4477,HIGH,,,,Medical and Clinical Laboratory Technicians,medium,4.0,MEDIUM,"Technical & Regulatory Documentation Analysis Workshop; Google Workspace Collaboration: Document Co-Authoring & Cloud Governance; Advanced Excel: Dynamic Arrays, Power Query & Business Financial Modeling"
98,Research & Development,Manufacturing Director,0.0297,LOW,,,,Industrial Production Managers,low,1.0,LOW,"Corporate Layout Design, Multi-Page Publishing & Pitch Decks with InDesign"
100,Sales,Sales Executive,0.2707,LOW,,,,Sales Managers,low,0.0,LOW,None - No skill gaps identified
101,Research & Development,Research Director,0.0333,LOW,,,,Natural Sciences Managers,low,5.0,MEDIUM,Technical & Regulatory Documentation Analysis Workshop; Empathetic Leadership & Active Listening for Cross-Functional Collaboration; Strategic Problem Solving & Root Cause Decision Analysis Seminar
102,Research & Development,Research Director,0.1806,LOW,,,,Natural Sciences Managers,low,3.0,LOW,"Empathetic Leadership & Active Listening for Cross-Functional Collaboration; Adobe Acrobat Pro: Digital Signatures, Forms & Secure Document Workflows; Advanced Statistical Inference & Predictive Modeling using IBM SPSS"
103,Human Resources,Human Resources,0.5938,HIGH,,,,Human Resources Specialists,medium,6.0,MEDIUM,"Technical & Regulatory Documentation Analysis Workshop; Empathetic Leadership & Active Listening for Cross-Functional Collaboration; Adobe Acrobat Pro: Digital Signatures, Forms & Secure Document Workflows"
104,Research & Development,Laboratory Technician,0.6584,HIGH,,,,Medical and Clinical Laboratory Technicians,medium,1.0,LOW,"Advanced Excel: Dynamic Arrays, Power Query & Business Financial Modeling"
105,Research & Development,Research Scientist,0.1929,LOW,,,,Computer and Information Research Scientists,medium,2.0,LOW,Technical & Regulatory Documentation Analysis Workshop; Continuous Professional Learning & Rapid Skill Acquisition Frameworks
106,Sales,Sales Executive,0.049,LOW,,,,Sales Managers,low,4.0,MEDIUM,"Empathetic Leadership & Active Listening for Cross-Functional Collaboration; Adobe Acrobat Pro: Digital Signatures, Forms & Secure Document Workflows; Adobe Creative Cloud Bootcamp: Multi-App Visual Design & Asset Management"
107,Research & Development,Research Scientist,0.0624,LOW,,,,Computer and Information Research Scientists,medium,0.0,LOW,None - No skill gaps identified
110,Research & Development,Manufacturing Director,0.2051,LOW,,,,Industrial Production Managers,low,4.0,MEDIUM,"Strategic Problem Solving & Root Cause Decision Analysis Seminar; Adobe Acrobat Pro: Digital Signatures, Forms & Secure Document Workflows; Motion Graphics, Video Storytelling & Product Animation with After Effects"
112,Research & Development,Manufacturing Director,0.049,LOW,,,,Industrial Production Managers,low,4.0,MEDIUM,Strategic Problem Solving & Root Cause Decision Analysis Seminar; Executive Presentation & Public Speaking Masterclass (Toastmasters / Internal Workshop); Technical & Regulatory Documentation Analysis Workshop
113,Sales,Sales Representative,0.8042,HIGH,,,,"Sales Representatives of Services, Except Advertising, Insurance, Financial Services, and Travel",medium,5.0,MEDIUM,"Empathetic Leadership & Active Listening for Cross-Functional Collaboration; Continuous Professional Learning & Rapid Skill Acquisition Frameworks; macOS for Enterprise: Advanced Terminal, Security & Productivity Tooling"
116,Research & Development,Laboratory Technician,0.0697,LOW,,,,Medical and Clinical Laboratory Technicians,medium,1.0,LOW,MEDITECH EHR Clinical Data Management & Laboratory Information Systems Track
117,Research & Development,Healthcare Representative,0.0703,LOW,,,,"Sales Representatives of Services, Except Advertising, Insurance, Financial Services, and Travel",low,2.0,LOW,Business & Technical Writing: Structuring Executive Summaries & Proposals; Advanced Statistical Inference & Predictive Modeling using IBM SPSS
118,Sales,Sales Executive,0.1942,LOW,,,,Sales Managers,low,0.0,LOW,None - No skill gaps identified
119,Research & Development,Healthcare Representative,0.3192,LOW,,,,"Sales Representatives of Services, Except Advertising, Insurance, Financial Services, and Travel",low,0.0,LOW,None - No skill gaps identified
120,Sales,Sales Executive,0.7043,HIGH,,,,Sales Managers,low,0.0,LOW,None - No skill gaps identified
121,Sales,Sales Executive,0.2718,LOW,,,,Sales Managers,low,0.0,LOW,None - No skill gaps identified
124,Research & Development,Healthcare Representative,0.6855,HIGH,,,,"Sales Representatives of Services, Except Advertising, Insurance, Financial Services, and Travel",low,0.0,LOW,None - No skill gaps identified
125,Sales,Sales Executive,0.4209,HIGH,,,,Sales Managers,low,1.0,LOW,"Adobe Acrobat Pro: Digital Signatures, Forms & Secure Document Workflows"
126,Research & Development,Research Director,0.1298,LOW,,,,Natural Sciences Managers,low,2.0,LOW,Spatial Data Analytics & Geospatial Mapping with ESRI ArcGIS Pro; Advanced Statistical Inference & Predictive Modeling using IBM SPSS
128,Sales,Sales Executive,0.2888,LOW,,,,Sales Managers,low,4.0,MEDIUM,Empathetic Leadership & Active Listening for Cross-Functional Collaboration; Technical & Regulatory Documentation Analysis Workshop; Strategic Problem Solving & Root Cause Decision Analysis Seminar
129,Sales,Sales Executive,0.1541,LOW,,,,Sales Managers,low,3.0,LOW,Executive Presentation & Public Speaking Masterclass (Toastmasters / Internal Workshop); Technical & Regulatory Documentation Analysis Workshop; Bentley MicroStation CAD: 2D/3D Infrastructure Drafting & Asset Modeling
131,Sales,Sales Executive,0.0272,LOW,,,,Sales Managers,low,0.0,LOW,None - No skill gaps identified
132,Research & Development,Laboratory Technician,0.3245,LOW,,,,Medical and Clinical Laboratory Technicians,medium,4.0,MEDIUM,Technical & Regulatory Documentation Analysis Workshop; Empathetic Leadership & Active Listening for Cross-Functional Collaboration; Executive Presentation & Public Speaking Masterclass (Toastmasters / Internal Workshop)
133,Human Resources,Human Resources,0.7318,HIGH,,,,Human Resources Specialists,medium,2.0,LOW,Technical & Regulatory Documentation Analysis Workshop; Adobe Creative Cloud Bootcamp: Multi-App Visual Design & Asset Management
134,Research & Development,Research Scientist,0.2607,LOW,,,,Computer and Information Research Scientists,medium,6.0,MEDIUM,Strategic Problem Solving & Root Cause Decision Analysis Seminar; Technical & Regulatory Documentation Analysis Workshop; Empathetic Leadership & Active Listening for Cross-Functional Collaboration
137,Research & Development,Laboratory Technician,0.8615,HIGH,,,,Medical and Clinical Laboratory Technicians,medium,4.0,MEDIUM,"Empathetic Leadership & Active Listening for Cross-Functional Collaboration; Scientific Methodology, Evidence-Based Rigor & Laboratory Standards Training; MEDITECH EHR Clinical Data Management & Laboratory Information Systems Track"
138,Research & Development,Research Scientist,0.0373,LOW,,,,Computer and Information Research Scientists,medium,1.0,LOW,AWS Infrastructure as Code: CloudFormation & CDK Automated Deployments
139,Research & Development,Healthcare Representative,0.0109,LOW,,,,"Sales Representatives of Services, Except Advertising, Insurance, Financial Services, and Travel",low,8.0,HIGH,Executive Presentation & Public Speaking Masterclass (Toastmasters / Internal Workshop); Technical & Regulatory Documentation Analysis Workshop; Business & Technical Writing: Structuring Executive Summaries & Proposals
140,Human Resources,Manager,0.0176,LOW,,,,"Managers, All Other",very_low,,N/A - Manager,N/A - Manager (use Department-level analysis)
141,Research & Development,Research Director,0.2181,LOW,,,,Natural Sciences Managers,low,4.0,MEDIUM,"Technical & Regulatory Documentation Analysis Workshop; Empathetic Leadership & Active Listening for Cross-Functional Collaboration; Adobe Acrobat Pro: Digital Signatures, Forms & Secure Document Workflows"
142,Sales,Sales Executive,0.8884,HIGH,,,,Sales Managers,low,7.0,HIGH,Empathetic Leadership & Active Listening for Cross-Functional Collaboration; Technical & Regulatory Documentation Analysis Workshop; Strategic Problem Solving & Root Cause Decision Analysis Seminar
143,Research & Development,Research Scientist,0.0825,LOW,,,,Computer and Information Research Scientists,medium,3.0,LOW,Technical & Regulatory Documentation Analysis Workshop; NoSQL Database Architecture with AWS DynamoDB: Modeling & Scalability; Cloud Data Warehousing & High-Performance SQL Analytics with Amazon Redshift
144,Research & Development,Laboratory Technician,0.6469,HIGH,,,,Medical and Clinical Laboratory Technicians,medium,5.0,MEDIUM,"Empathetic Leadership & Active Listening for Cross-Functional Collaboration; Executive Presentation & Public Speaking Masterclass (Toastmasters / Internal Workshop); Scientific Methodology, Evidence-Based Rigor & Laboratory Standards Training"
145,Research & Development,Healthcare Representative,0.6399,HIGH,,,,"Sales Representatives of Services, Except Advertising, Insurance, Financial Services, and Travel",low,1.0,LOW,Continuous Professional Learning & Rapid Skill Acquisition Frameworks
147,Research & Development,Laboratory Technician,0.9157,HIGH,,,,Medical and Clinical Laboratory Technicians,medium,1.0,LOW,Empathetic Leadership & Active Listening for Cross-Functional Collaboration
148,Human Resources,Manager,0.203,LOW,,,,"Managers, All Other",very_low,,N/A - Manager,N/A - Manager (use Department-level analysis)
150,Research & Development,Laboratory Technician,0.4303,HIGH,,,,Medical and Clinical Laboratory Technicians,medium,3.0,LOW,"Scientific Methodology, Evidence-Based Rigor & Laboratory Standards Training; Advanced Excel: Dynamic Arrays, Power Query & Business Financial Modeling; Time Management, Calendar Optimization & Executive Email Triage in Outlook"
151,Research & Development,Research Scientist,0.1952,LOW,,,,Computer and Information Research Scientists,medium,5.0,MEDIUM,Strategic Problem Solving & Root Cause Decision Analysis Seminar; Executive Presentation & Public Speaking Masterclass (Toastmasters / Internal Workshop); Continuous Professional Learning & Rapid Skill Acquisition Frameworks
152,Sales,Sales Executive,0.2933,LOW,,,,Sales Managers,low,2.0,LOW,Empathetic Leadership & Active Listening for Cross-Functional Collaboration; Java & Multi-Language Software Development with Eclipse IDE & Git Plugins
153,Research & Development,Manager,0.1032,LOW,,,,"Managers, All Other",very_low,,N/A - Manager,N/A - Manager (use Department-level analysis)
154,Sales,Sales Executive,0.1192,LOW,,,,Sales Managers,low,2.0,LOW,Executive Presentation & Public Speaking Masterclass (Toastmasters / Internal Workshop); Operational Process Auditing & KPI Performance Monitoring Protocols
155,Research & Development,Laboratory Technician,0.4222,HIGH,,,,Medical and Clinical Laboratory Technicians,medium,5.0,MEDIUM,"Technical & Regulatory Documentation Analysis Workshop; Executive Presentation & Public Speaking Masterclass (Toastmasters / Internal Workshop); Scientific Methodology, Evidence-Based Rigor & Laboratory Standards Training"
158,Sales,Manager,0.1954,LOW,,,,"Managers, All Other",very_low,,N/A - Manager,N/A - Manager (use Department-level analysis)
159,Research & Development,Research Scientist,0.1227,LOW,,,,Computer and Information Research Scientists,medium,1.0,LOW,Technical & Regulatory Documentation Analysis Workshop
160,Sales,Sales Executive,0.104,LOW,,,,Sales Managers,low,1.0,LOW,Adobe Creative Cloud Bootcamp: Multi-App Visual Design & Asset Management
161,Research & Development,Research Scientist,0.6167,HIGH,,,,Computer and Information Research Scientists,medium,7.0,HIGH,Strategic Problem Solving & Root Cause Decision Analysis Seminar; Empathetic Leadership & Active Listening for Cross-Functional Collaboration; NoSQL Database Architecture with AWS DynamoDB: Modeling & Scalability
162,Research & Development,Research Director,0.1988,LOW,,,,Natural Sciences Managers,low,0.0,LOW,None - No skill gaps identified
163,Sales,Sales Executive,0.9152,HIGH,,,,Sales Managers,low,3.0,LOW,"Empathetic Leadership & Active Listening for Cross-Functional Collaboration; Adobe Acrobat Pro: Digital Signatures, Forms & Secure Document Workflows; Adobe Creative Cloud Bootcamp: Multi-App Visual Design & Asset Management"
164,Research & Development,Research Scientist,0.1297,LOW,,,,Computer and Information Research Scientists,medium,3.0,LOW,Technical & Regulatory Documentation Analysis Workshop; AWS Compute Architecture: Scalable EC2 Fleet Management & Auto-Scaling; AWS Infrastructure as Code: CloudFormation & CDK Automated Deployments
165,Research & Development,Healthcare Representative,0.0439,LOW,,,,"Sales Representatives of Services, Except Advertising, Insurance, Financial Services, and Travel",low,1.0,LOW,Empathetic Leadership & Active Listening for Cross-Functional Collaboration
167,Sales,Sales Representative,0.9761,HIGH,,,,"Sales Representatives of Services, Except Advertising, Insurance, Financial Services, and Travel",medium,6.0,MEDIUM,"Executive Presentation & Public Speaking Masterclass (Toastmasters / Internal Workshop); Business & Technical Writing: Structuring Executive Summaries & Proposals; macOS for Enterprise: Advanced Terminal, Security & Productivity Tooling"
169,Research & Development,Laboratory Technician,0.3606,LOW,,,,Medical and Clinical Laboratory Technicians,medium,4.0,MEDIUM,Technical & Regulatory Documentation Analysis Workshop; Google Workspace Collaboration: Document Co-Authoring & Cloud Governance; MEDITECH EHR Clinical Data Management & Laboratory Information Systems Track
170,Research & Development,Manufacturing Director,0.0763,LOW,,,,Industrial Production Managers,low,0.0,LOW,None - No skill gaps identified
171,Research & Development,Research Scientist,0.2365,LOW,,,,Computer and Information Research Scientists,medium,4.0,MEDIUM,Strategic Problem Solving & Root Cause Decision Analysis Seminar; Executive Presentation & Public Speaking Masterclass (Toastmasters / Internal Workshop); NoSQL Database Architecture with AWS DynamoDB: Modeling & Scalability
174,Sales,Sales Executive,0.3293,LOW,,,,Sales Managers,low,4.0,MEDIUM,Empathetic Leadership & Active Listening for Cross-Functional Collaboration; Operational Process Auditing & KPI Performance Monitoring Protocols; Adobe Creative Cloud Bootcamp: Multi-App Visual Design & Asset Management
175,Sales,Sales Executive,0.9286,HIGH,,,,Sales Managers,low,8.0,HIGH,Empathetic Leadership & Active Listening for Cross-Functional Collaboration; Executive Presentation & Public Speaking Masterclass (Toastmasters / Internal Workshop); Technical & Regulatory Documentation Analysis Workshop
176,Sales,Sales Executive,0.3036,LOW,,,,Sales Managers,low,0.0,LOW,None - No skill gaps identified
177,Human Resources,Human Resources,0.0908,LOW,,,,Human Resources Specialists,medium,0.0,LOW,None - No skill gaps identified
178,Research & Development,Manufacturing Director,0.2805,LOW,,,,Industrial Production Managers,low,6.0,MEDIUM,Strategic Problem Solving & Root Cause Decision Analysis Seminar; Executive Presentation & Public Speaking Masterclass (Toastmasters / Internal Workshop); Operational Process Auditing & KPI Performance Monitoring Protocols
179,Research & Development,Manufacturing Director,0.298,LOW,,,,Industrial Production Managers,low,2.0,LOW,Strategic Problem Solving & Root Cause Decision Analysis Seminar; Executive Presentation & Public Speaking Masterclass (Toastmasters / Internal Workshop)
182,Sales,Sales Executive,0.041,LOW,,,,Sales Managers,low,0.0,LOW,None - No skill gaps identified
183,Sales,Sales Executive,0.6143,HIGH,,,,Sales Managers,low,6.0,MEDIUM,"Executive Presentation & Public Speaking Masterclass (Toastmasters / Internal Workshop); Operational Process Auditing & KPI Performance Monitoring Protocols; Adobe Acrobat Pro: Digital Signatures, Forms & Secure Document Workflows"
184,Human Resources,Human Resources,0.4527,HIGH,,,,Human Resources Specialists,medium,0.0,LOW,None - No skill gaps identified
190,Research & Development,Laboratory Technician,0.7821,HIGH,,,,Medical and Clinical Laboratory Technicians,medium,4.0,MEDIUM,"Strategic Problem Solving & Root Cause Decision Analysis Seminar; Scientific Methodology, Evidence-Based Rigor & Laboratory Standards Training; Advanced Excel: Dynamic Arrays, Power Query & Business Financial Modeling"
192,Research & Development,Research Scientist,0.2932,LOW,,,,Computer and Information Research Scientists,medium,3.0,LOW,Technical & Regulatory Documentation Analysis Workshop; Executive Presentation & Public Speaking Masterclass (Toastmasters / Internal Workshop); Continuous Professional Learning & Rapid Skill Acquisition Frameworks
193,Research & Development,Research Scientist,0.5264,HIGH,,,,Computer and Information Research Scientists,medium,4.0,MEDIUM,Empathetic Leadership & Active Listening for Cross-Functional Collaboration; Executive Presentation & Public Speaking Masterclass (Toastmasters / Internal Workshop); Continuous Professional Learning & Rapid Skill Acquisition Frameworks
194,Research & Development,Research Scientist,0.3494,LOW,,,,Computer and Information Research Scientists,medium,3.0,LOW,Strategic Problem Solving & Root Cause Decision Analysis Seminar; NoSQL Database Architecture with AWS DynamoDB: Modeling & Scalability; AWS Compute Architecture: Scalable EC2 Fleet Management & Auto-Scaling
195,Sales,Sales Executive,0.0446,LOW,,,,Sales Managers,low,2.0,LOW,Empathetic Leadership & Active Listening for Cross-Functional Collaboration; Bentley MicroStation CAD: 2D/3D Infrastructure Drafting & Asset Modeling
197,Research & Development,Research Scientist,0.1803,LOW,,,,Computer and Information Research Scientists,medium,3.0,LOW,Strategic Problem Solving & Root Cause Decision Analysis Seminar; Empathetic Leadership & Active Listening for Cross-Functional Collaboration; NoSQL Database Architecture with AWS DynamoDB: Modeling & Scalability
198,Research & Development,Laboratory Technician,0.3343,LOW,,,,Medical and Clinical Laboratory Technicians,medium,3.0,LOW,Strategic Problem Solving & Root Cause Decision Analysis Seminar; MEDITECH EHR Clinical Data Management & Laboratory Information Systems Track; Enterprise Microsoft 365 Productivity & Workflow Automation Bootcamp
199,Research & Development,Manager,0.3083,LOW,,,,"Managers, All Other",very_low,,N/A - Manager,N/A - Manager (use Department-level analysis)
200,Research & Development,Laboratory Technician,0.274,LOW,,,,Medical and Clinical Laboratory Technicians,medium,2.0,LOW,"Google Workspace Collaboration: Document Co-Authoring & Cloud Governance; Time Management, Calendar Optimization & Executive Email Triage in Outlook"
201,Research & Development,Laboratory Technician,0.6391,HIGH,,,,Medical and Clinical Laboratory Technicians,medium,6.0,MEDIUM,"Executive Presentation & Public Speaking Masterclass (Toastmasters / Internal Workshop); Scientific Methodology, Evidence-Based Rigor & Laboratory Standards Training; MEDITECH EHR Clinical Data Management & Laboratory Information Systems Track"
202,Research & Development,Research Scientist,0.0771,LOW,,,,Computer and Information Research Scientists,medium,0.0,LOW,None - No skill gaps identified
204,Sales,Sales Executive,0.1667,LOW,,,,Sales Managers,low,3.0,LOW,"Operational Process Auditing & KPI Performance Monitoring Protocols; Adobe Acrobat Pro: Digital Signatures, Forms & Secure Document Workflows; Bentley MicroStation CAD: 2D/3D Infrastructure Drafting & Asset Modeling"
205,Sales,Sales Representative,0.7536,HIGH,,,,"Sales Representatives of Services, Except Advertising, Insurance, Financial Services, and Travel",medium,0.0,LOW,None - No skill gaps identified
206,Research & Development,Laboratory Technician,0.1756,LOW,,,,Medical and Clinical Laboratory Technicians,medium,1.0,LOW,Technical & Regulatory Documentation Analysis Workshop
207,Sales,Sales Executive,0.3998,LOW,,,,Sales Managers,low,2.0,LOW,"Technical & Regulatory Documentation Analysis Workshop; Adobe Acrobat Pro: Digital Signatures, Forms & Secure Document Workflows"
208,Research & Development,Manufacturing Director,0.0167,LOW,,,,Industrial Production Managers,low,3.0,LOW,"Empathetic Leadership & Active Listening for Cross-Functional Collaboration; Motion Graphics, Video Storytelling & Product Animation with After Effects; Commercial Image Retouching & Asset Production with Adobe Photoshop"
211,Research & Development,Manufacturing Director,0.1405,LOW,,,,Industrial Production Managers,low,7.0,HIGH,Strategic Problem Solving & Root Cause Decision Analysis Seminar; Executive Presentation & Public Speaking Masterclass (Toastmasters / Internal Workshop); Operational Process Auditing & KPI Performance Monitoring Protocols
214,Research & Development,Research Scientist,0.5875,HIGH,,,,Computer and Information Research Scientists,medium,3.0,LOW,Strategic Problem Solving & Root Cause Decision Analysis Seminar; Empathetic Leadership & Active Listening for Cross-Functional Collaboration; Cloud Data Warehousing & High-Performance SQL Analytics with Amazon Redshift
215,Sales,Sales Executive,0.3127,LOW,,,,Sales Managers,low,0.0,LOW,None - No skill gaps identified
216,Sales,Sales Representative,0.5991,HIGH,,,,"Sales Representatives of Services, Except Advertising, Insurance, Financial Services, and Travel",medium,1.0,LOW,Enterprise Microsoft 365 Productivity & Workflow Automation Bootcamp
217,Research & Development,Research Scientist,0.0759,LOW,,,,Computer and Information Research Scientists,medium,5.0,MEDIUM,Strategic Problem Solving & Root Cause Decision Analysis Seminar; Technical & Regulatory Documentation Analysis Workshop; Empathetic Leadership & Active Listening for Cross-Functional Collaboration
218,Research & Development,Research Scientist,0.1175,LOW,,,,Computer and Information Research Scientists,medium,4.0,MEDIUM,Technical & Regulatory Documentation Analysis Workshop; Continuous Professional Learning & Rapid Skill Acquisition Frameworks; AWS Infrastructure as Code: CloudFormation & CDK Automated Deployments
221,Research & Development,Research Scientist,0.2995,LOW,,,,Computer and Information Research Scientists,medium,2.0,LOW,Empathetic Leadership & Active Listening for Cross-Functional Collaboration; Cloud Data Warehousing & High-Performance SQL Analytics with Amazon Redshift
223,Research & Development,Healthcare Representative,0.3196,LOW,,,,"Sales Representatives of Services, Except Advertising, Insurance, Financial Services, and Travel",low,3.0,LOW,Empathetic Leadership & Active Listening for Cross-Functional Collaboration; Continuous Professional Learning & Rapid Skill Acquisition Frameworks; Inbound Sales & CRM Pipeline Optimization with HubSpot Sales Hub
224,Research & Development,Research Scientist,0.219,LOW,,,,Computer and Information Research Scientists,medium,7.0,HIGH,Strategic Problem Solving & Root Cause Decision Analysis Seminar; Technical & Regulatory Documentation Analysis Workshop; Empathetic Leadership & Active Listening for Cross-Functional Collaboration
226,Research & Development,Manager,0.0935,LOW,,,,"Managers, All Other",very_low,,N/A - Manager,N/A - Manager (use Department-level analysis)
227,Research & Development,Research Scientist,0.1196,LOW,,,,Computer and Information Research Scientists,medium,0.0,LOW,None - No skill gaps identified
228,Sales,Sales Executive,0.2234,LOW,,,,Sales Managers,low,0.0,LOW,None - No skill gaps identified
230,Sales,Sales Executive,0.1902,LOW,,,,Sales Managers,low,1.0,LOW,Operational Process Auditing & KPI Performance Monitoring Protocols
231,Research & Development,Research Scientist,0.3355,LOW,,,,Computer and Information Research Scientists,medium,4.0,MEDIUM,Strategic Problem Solving & Root Cause Decision Analysis Seminar; Technical & Regulatory Documentation Analysis Workshop; Continuous Professional Learning & Rapid Skill Acquisition Frameworks
233,Research & Development,Research Scientist,0.6116,HIGH,,,,Computer and Information Research Scientists,medium,1.0,LOW,Cloud Data Warehousing & High-Performance SQL Analytics with Amazon Redshift
235,Sales,Sales Representative,0.9606,HIGH,,,,"Sales Representatives of Services, Except Advertising, Insurance, Financial Services, and Travel",medium,7.0,HIGH,"Empathetic Leadership & Active Listening for Cross-Functional Collaboration; Executive Presentation & Public Speaking Masterclass (Toastmasters / Internal Workshop); macOS for Enterprise: Advanced Terminal, Security & Productivity Tooling"
238,Research & Development,Laboratory Technician,0.7099,HIGH,,,,Medical and Clinical Laboratory Technicians,medium,1.0,LOW,Executive Presentation & Public Speaking Masterclass (Toastmasters / Internal Workshop)
239,Research & Development,Laboratory Technician,0.1447,LOW,,,,Medical and Clinical Laboratory Technicians,medium,1.0,LOW,Enterprise Microsoft 365 Productivity & Workflow Automation Bootcamp
240,Sales,Sales Executive,0.4795,HIGH,,,,Sales Managers,low,5.0,MEDIUM,"Executive Presentation & Public Speaking Masterclass (Toastmasters / Internal Workshop); Adobe Acrobat Pro: Digital Signatures, Forms & Secure Document Workflows; Bentley MicroStation CAD: 2D/3D Infrastructure Drafting & Asset Modeling"
241,Research & Development,Research Scientist,0.0939,LOW,,,,Computer and Information Research Scientists,medium,2.0,LOW,NoSQL Database Architecture with AWS DynamoDB: Modeling & Scalability; AWS Compute Architecture: Scalable EC2 Fleet Management & Auto-Scaling
242,Research & Development,Research Scientist,0.1641,LOW,,,,Computer and Information Research Scientists,medium,6.0,MEDIUM,Strategic Problem Solving & Root Cause Decision Analysis Seminar; Empathetic Leadership & Active Listening for Cross-Functional Collaboration; Continuous Professional Learning & Rapid Skill Acquisition Frameworks
243,Research & Development,Laboratory Technician,0.7995,HIGH,,,,Medical and Clinical Laboratory Technicians,medium,5.0,MEDIUM,Empathetic Leadership & Active Listening for Cross-Functional Collaboration; Strategic Problem Solving & Root Cause Decision Analysis Seminar; Executive Presentation & Public Speaking Masterclass (Toastmasters / Internal Workshop)
244,Sales,Sales Executive,0.1873,LOW,,,,Sales Managers,low,1.0,LOW,Executive Presentation & Public Speaking Masterclass (Toastmasters / Internal Workshop)
245,Research & Development,Laboratory Technician,0.2425,LOW,,,,Medical and Clinical Laboratory Technicians,medium,1.0,LOW,Enterprise Microsoft 365 Productivity & Workflow Automation Bootcamp
246,Research & Development,Research Scientist,0.5824,HIGH,,,,Computer and Information Research Scientists,medium,5.0,MEDIUM,Strategic Problem Solving & Root Cause Decision Analysis Seminar; Executive Presentation & Public Speaking Masterclass (Toastmasters / Internal Workshop); AWS Compute Architecture: Scalable EC2 Fleet Management & Auto-Scaling
247,Research & Development,Research Scientist,0.1982,LOW,,,,Computer and Information Research Scientists,medium,4.0,MEDIUM,Empathetic Leadership & Active Listening for Cross-Functional Collaboration; NoSQL Database Architecture with AWS DynamoDB: Modeling & Scalability; Cloud Data Warehousing & High-Performance SQL Analytics with Amazon Redshift
248,Sales,Sales Representative,0.8847,HIGH,,,,"Sales Representatives of Services, Except Advertising, Insurance, Financial Services, and Travel",medium,2.0,LOW,"Advanced Statistical Inference & Predictive Modeling using IBM SPSS; Advanced Excel: Dynamic Arrays, Power Query & Business Financial Modeling"
249,Research & Development,Laboratory Technician,0.2752,LOW,,,,Medical and Clinical Laboratory Technicians,medium,2.0,LOW,Empathetic Leadership & Active Listening for Cross-Functional Collaboration; Google Workspace Collaboration: Document Co-Authoring & Cloud Governance
250,Research & Development,Manufacturing Director,0.029,LOW,,,,Industrial Production Managers,low,4.0,MEDIUM,Strategic Problem Solving & Root Cause Decision Analysis Seminar; Executive Presentation & Public Speaking Masterclass (Toastmasters / Internal Workshop); Operational Process Auditing & KPI Performance Monitoring Protocols
252,Research & Development,Research Scientist,0.021,LOW,,,,Computer and Information Research Scientists,medium,2.0,LOW,Continuous Professional Learning & Rapid Skill Acquisition Frameworks; AWS Compute Architecture: Scalable EC2 Fleet Management & Auto-Scaling
253,Research & Development,Manager,0.0624,LOW,,,,"Managers, All Other",very_low,,N/A - Manager,N/A - Manager (use Department-level analysis)
254,Research & Development,Research Director,0.0079,LOW,,,,Natural Sciences Managers,low,0.0,LOW,None - No skill gaps identified
256,Research & Development,Manufacturing Director,0.051,LOW,,,,Industrial Production Managers,low,1.0,LOW,Technical & Regulatory Documentation Analysis Workshop
258,Research & Development,Healthcare Representative,0.0447,LOW,,,,"Sales Representatives of Services, Except Advertising, Insurance, Financial Services, and Travel",low,0.0,LOW,None - No skill gaps identified
259,Research & Development,Manager,0.0351,LOW,,,,"Managers, All Other",very_low,,N/A - Manager,N/A - Manager (use Department-level analysis)
260,Research & Development,Research Scientist,0.0908,LOW,,,,Computer and Information Research Scientists,medium,0.0,LOW,None - No skill gaps identified
261,Research & Development,Manufacturing Director,0.9008,HIGH,,,,Industrial Production Managers,low,4.0,MEDIUM,"Strategic Problem Solving & Root Cause Decision Analysis Seminar; Executive Presentation & Public Speaking Masterclass (Toastmasters / Internal Workshop); Adobe Acrobat Pro: Digital Signatures, Forms & Secure Document Workflows"
262,Research & Development,Research Scientist,0.0028,LOW,,,,Computer and Information Research Scientists,medium,3.0,LOW,Technical & Regulatory Documentation Analysis Workshop; NoSQL Database Architecture with AWS DynamoDB: Modeling & Scalability; Cloud Data Warehousing & High-Performance SQL Analytics with Amazon Redshift
264,Research & Development,Manager,0.1665,LOW,,,,"Managers, All Other",very_low,,N/A - Manager,N/A - Manager (use Department-level analysis)
267,Research & Development,Research Scientist,0.6167,HIGH,,,,Computer and Information Research Scientists,medium,1.0,LOW,Cloud Data Warehousing & High-Performance SQL Analytics with Amazon Redshift
269,Research & Development,Laboratory Technician,0.8331,HIGH,,,,Medical and Clinical Laboratory Technicians,medium,2.0,LOW,Technical & Regulatory Documentation Analysis Workshop; Enterprise Microsoft 365 Productivity & Workflow Automation Bootcamp
270,Research & Development,Manufacturing Director,0.0213,LOW,,,,Industrial Production Managers,low,2.0,LOW,Empathetic Leadership & Active Listening for Cross-Functional Collaboration; Commercial Image Retouching & Asset Production with Adobe Photoshop
271,Research & Development,Manufacturing Director,0.1221,LOW,,,,Industrial Production Managers,low,7.0,HIGH,Executive Presentation & Public Speaking Masterclass (Toastmasters / Internal Workshop); Operational Process Auditing & KPI Performance Monitoring Protocols; Technical & Regulatory Documentation Analysis Workshop
273,Research & Development,Manufacturing Director,0.1616,LOW,,,,Industrial Production Managers,low,2.0,LOW,"Empathetic Leadership & Active Listening for Cross-Functional Collaboration; Adobe Acrobat Pro: Digital Signatures, Forms & Secure Document Workflows"
274,Research & Development,Manufacturing Director,0.7426,HIGH,,,,Industrial Production Managers,low,8.0,HIGH,Strategic Problem Solving & Root Cause Decision Analysis Seminar; Operational Process Auditing & KPI Performance Monitoring Protocols; Technical & Regulatory Documentation Analysis Workshop
275,Research & Development,Manufacturing Director,0.037,LOW,,,,Industrial Production Managers,low,5.0,MEDIUM,Strategic Problem Solving & Root Cause Decision Analysis Seminar; Executive Presentation & Public Speaking Masterclass (Toastmasters / Internal Workshop); Technical & Regulatory Documentation Analysis Workshop
277,Research & Development,Research Scientist,0.2197,LOW,,,,Computer and Information Research Scientists,medium,2.0,LOW,"Empathetic Leadership & Active Listening for Cross-Functional Collaboration; AWS Solutions Architect: Core Cloud Services, IAM & Architecture Design"
281,Research & Development,Laboratory Technician,0.6969,HIGH,,,,Medical and Clinical Laboratory Technicians,medium,2.0,LOW,Strategic Problem Solving & Root Cause Decision Analysis Seminar; MEDITECH EHR Clinical Data Management & Laboratory Information Systems Track
282,Research & Development,Healthcare Representative,0.7964,HIGH,,,,"Sales Representatives of Services, Except Advertising, Insurance, Financial Services, and Travel",low,5.0,MEDIUM,"Executive Presentation & Public Speaking Masterclass (Toastmasters / Internal Workshop); Technical & Regulatory Documentation Analysis Workshop; macOS for Enterprise: Advanced Terminal, Security & Productivity Tooling"
283,Sales,Sales Executive,0.2141,LOW,,,,Sales Managers,low,0.0,LOW,None - No skill gaps identified
284,Research & Development,Research Scientist,0.3599,LOW,,,,Computer and Information Research Scientists,medium,4.0,MEDIUM,Executive Presentation & Public Speaking Masterclass (Toastmasters / Internal Workshop); Continuous Professional Learning & Rapid Skill Acquisition Frameworks; NoSQL Database Architecture with AWS DynamoDB: Modeling & Scalability
286,Research & Development,Laboratory Technician,0.6175,HIGH,,,,Medical and Clinical Laboratory Technicians,medium,0.0,LOW,None - No skill gaps identified
287,Research & Development,Healthcare Representative,0.0939,LOW,,,,"Sales Representatives of Services, Except Advertising, Insurance, Financial Services, and Travel",low,4.0,MEDIUM,"Business & Technical Writing: Structuring Executive Summaries & Proposals; Continuous Professional Learning & Rapid Skill Acquisition Frameworks; macOS for Enterprise: Advanced Terminal, Security & Productivity Tooling"
288,Research & Development,Healthcare Representative,0.063,LOW,,,,"Sales Representatives of Services, Except Advertising, Insurance, Financial Services, and Travel",low,1.0,LOW,Technical & Regulatory Documentation Analysis Workshop
291,Sales,Sales Executive,0.4312,HIGH,,,,Sales Managers,low,0.0,LOW,None - No skill gaps identified
292,Research & Development,Manufacturing Director,0.0718,LOW,,,,Industrial Production Managers,low,0.0,LOW,None - No skill gaps identified
293,Sales,Sales Executive,0.1732,LOW,,,,Sales Managers,low,3.0,LOW,Empathetic Leadership & Active Listening for Cross-Functional Collaboration; Operational Process Auditing & KPI Performance Monitoring Protocols; Adobe Creative Cloud Bootcamp: Multi-App Visual Design & Asset Management
296,Research & Development,Research Director,0.0261,LOW,,,,Natural Sciences Managers,low,0.0,LOW,None - No skill gaps identified
297,Research & Development,Research Scientist,0.6383,HIGH,,,,Computer and Information Research Scientists,medium,2.0,LOW,Empathetic Leadership & Active Listening for Cross-Functional Collaboration; Cloud Data Warehousing & High-Performance SQL Analytics with Amazon Redshift
298,Sales,Manager,0.2079,LOW,,,,"Managers, All Other",very_low,,N/A - Manager,N/A - Manager (use Department-level analysis)
299,Sales,Sales Executive,0.9425,HIGH,,,,Sales Managers,low,3.0,LOW,Empathetic Leadership & Active Listening for Cross-Functional Collaboration; Technical & Regulatory Documentation Analysis Workshop; Bentley MicroStation CAD: 2D/3D Infrastructure Drafting & Asset Modeling
300,Research & Development,Research Scientist,0.1842,LOW,,,,Computer and Information Research Scientists,medium,1.0,LOW,Executive Presentation & Public Speaking Masterclass (Toastmasters / Internal Workshop)
302,Sales,Sales Executive,0.1965,LOW,,,,Sales Managers,low,0.0,LOW,None - No skill gaps identified
303,Sales,Sales Executive,0.0338,LOW,,,,Sales Managers,low,2.0,LOW,Strategic Problem Solving & Root Cause Decision Analysis Seminar; Operational Process Auditing & KPI Performance Monitoring Protocols
304,Research & Development,Laboratory Technician,0.1858,LOW,,,,Medical and Clinical Laboratory Technicians,medium,0.0,LOW,None - No skill gaps identified
305,Research & Development,Research Scientist,0.3373,LOW,,,,Computer and Information Research Scientists,medium,6.0,MEDIUM,Strategic Problem Solving & Root Cause Decision Analysis Seminar; Executive Presentation & Public Speaking Masterclass (Toastmasters / Internal Workshop); Continuous Professional Learning & Rapid Skill Acquisition Frameworks
306,Research & Development,Research Director,0.04,LOW,,,,Natural Sciences Managers,low,1.0,LOW,Strategic Problem Solving & Root Cause Decision Analysis Seminar
307,Sales,Sales Executive,0.0636,LOW,,,,Sales Managers,low,1.0,LOW,Executive Presentation & Public Speaking Masterclass (Toastmasters / Internal Workshop)
308,Research & Development,Manufacturing Director,0.0452,LOW,,,,Industrial Production Managers,low,6.0,MEDIUM,Strategic Problem Solving & Root Cause Decision Analysis Seminar; Technical & Regulatory Documentation Analysis Workshop; Empathetic Leadership & Active Listening for Cross-Functional Collaboration
309,Research & Development,Research Scientist,0.0879,LOW,,,,Computer and Information Research Scientists,medium,3.0,LOW,"Executive Presentation & Public Speaking Masterclass (Toastmasters / Internal Workshop); Continuous Professional Learning & Rapid Skill Acquisition Frameworks; AWS Solutions Architect: Core Cloud Services, IAM & Architecture Design"
311,Sales,Sales Representative,0.5105,HIGH,,,,"Sales Representatives of Services, Except Advertising, Insurance, Financial Services, and Travel",medium,3.0,LOW,"Technical & Regulatory Documentation Analysis Workshop; Continuous Professional Learning & Rapid Skill Acquisition Frameworks; Advanced Excel: Dynamic Arrays, Power Query & Business Financial Modeling"
312,Sales,Sales Executive,0.1614,LOW,,,,Sales Managers,low,0.0,LOW,None - No skill gaps identified
314,Sales,Sales Executive,0.2188,LOW,,,,Sales Managers,low,0.0,LOW,None - No skill gaps identified
315,Research & Development,Research Scientist,0.7384,HIGH,,,,Computer and Information Research Scientists,medium,3.0,LOW,"Empathetic Leadership & Active Listening for Cross-Functional Collaboration; Executive Presentation & Public Speaking Masterclass (Toastmasters / Internal Workshop); AWS Solutions Architect: Core Cloud Services, IAM & Architecture Design"
316,Research & Development,Laboratory Technician,0.4177,HIGH,,,,Medical and Clinical Laboratory Technicians,medium,6.0,MEDIUM,Technical & Regulatory Documentation Analysis Workshop; Empathetic Leadership & Active Listening for Cross-Functional Collaboration; Executive Presentation & Public Speaking Masterclass (Toastmasters / Internal Workshop)
319,Research & Development,Manager,0.0661,LOW,,,,"Managers, All Other",very_low,,N/A - Manager,N/A - Manager (use Department-level analysis)
321,Human Resources,Human Resources,0.3587,LOW,,,,Human Resources Specialists,medium,6.0,MEDIUM,"Executive Presentation & Public Speaking Masterclass (Toastmasters / Internal Workshop); Business & Technical Writing: Structuring Executive Summaries & Proposals; Adobe Acrobat Pro: Digital Signatures, Forms & Secure Document Workflows"
323,Sales,Manager,0.0151,LOW,,,,"Managers, All Other",very_low,,N/A - Manager,N/A - Manager (use Department-level analysis)
325,Research & Development,Laboratory Technician,0.8163,HIGH,,,,Medical and Clinical Laboratory Technicians,medium,6.0,MEDIUM,"Scientific Methodology, Evidence-Based Rigor & Laboratory Standards Training; Google Workspace Collaboration: Document Co-Authoring & Cloud Governance; MEDITECH EHR Clinical Data Management & Laboratory Information Systems Track"
327,Sales,Manager,0.1102,LOW,,,,"Managers, All Other",very_low,,N/A - Manager,N/A - Manager (use Department-level analysis)
328,Research & Development,Laboratory Technician,0.5303,HIGH,,,,Medical and Clinical Laboratory Technicians,medium,1.0,LOW,Empathetic Leadership & Active Listening for Cross-Functional Collaboration
329,Sales,Manager,0.5765,HIGH,,,,"Managers, All Other",very_low,,N/A - Manager,N/A - Manager (use Department-level analysis)
330,Sales,Sales Representative,0.3607,LOW,,,,"Sales Representatives of Services, Except Advertising, Insurance, Financial Services, and Travel",medium,4.0,MEDIUM,"Empathetic Leadership & Active Listening for Cross-Functional Collaboration; macOS for Enterprise: Advanced Terminal, Security & Productivity Tooling; Advanced Statistical Inference & Predictive Modeling using IBM SPSS"
331,Research & Development,Laboratory Technician,0.8371,HIGH,,,,Medical and Clinical Laboratory Technicians,medium,6.0,MEDIUM,Technical & Regulatory Documentation Analysis Workshop; Empathetic Leadership & Active Listening for Cross-Functional Collaboration; Executive Presentation & Public Speaking Masterclass (Toastmasters / Internal Workshop)
332,Research & Development,Laboratory Technician,0.1354,LOW,,,,Medical and Clinical Laboratory Technicians,medium,3.0,LOW,"Technical & Regulatory Documentation Analysis Workshop; Empathetic Leadership & Active Listening for Cross-Functional Collaboration; Advanced Excel: Dynamic Arrays, Power Query & Business Financial Modeling"
333,Sales,Sales Executive,0.2301,LOW,,,,Sales Managers,low,6.0,MEDIUM,Empathetic Leadership & Active Listening for Cross-Functional Collaboration; Technical & Regulatory Documentation Analysis Workshop; Strategic Problem Solving & Root Cause Decision Analysis Seminar
334,Research & Development,Research Scientist,0.1858,LOW,,,,Computer and Information Research Scientists,medium,7.0,HIGH,Strategic Problem Solving & Root Cause Decision Analysis Seminar; Empathetic Leadership & Active Listening for Cross-Functional Collaboration; Executive Presentation & Public Speaking Masterclass (Toastmasters / Internal Workshop)
335,Research & Development,Research Scientist,0.1486,LOW,,,,Computer and Information Research Scientists,medium,1.0,LOW,Technical & Regulatory Documentation Analysis Workshop
336,Research & Development,Manager,0.0104,LOW,,,,"Managers, All Other",very_low,,N/A - Manager,N/A - Manager (use Department-level analysis)
337,Research & Development,Research Director,0.1811,LOW,,,,Natural Sciences Managers,low,7.0,HIGH,"Scientific Methodology, Evidence-Based Rigor & Laboratory Standards Training; Technical & Regulatory Documentation Analysis Workshop; Empathetic Leadership & Active Listening for Cross-Functional Collaboration"
338,Research & Development,Research Scientist,0.1149,LOW,,,,Computer and Information Research Scientists,medium,6.0,MEDIUM,Executive Presentation & Public Speaking Masterclass (Toastmasters / Internal Workshop); Continuous Professional Learning & Rapid Skill Acquisition Frameworks; NoSQL Database Architecture with AWS DynamoDB: Modeling & Scalability
339,Research & Development,Manufacturing Director,0.1923,LOW,,,,Industrial Production Managers,low,1.0,LOW,"Motion Graphics, Video Storytelling & Product Animation with After Effects"
340,Research & Development,Research Scientist,0.1394,LOW,,,,Computer and Information Research Scientists,medium,1.0,LOW,Strategic Problem Solving & Root Cause Decision Analysis Seminar
341,Research & Development,Manufacturing Director,0.1481,LOW,,,,Industrial Production Managers,low,5.0,MEDIUM,Strategic Problem Solving & Root Cause Decision Analysis Seminar; Executive Presentation & Public Speaking Masterclass (Toastmasters / Internal Workshop); Operational Process Auditing & KPI Performance Monitoring Protocols
342,Research & Development,Manufacturing Director,0.3351,LOW,,,,Industrial Production Managers,low,3.0,LOW,Executive Presentation & Public Speaking Masterclass (Toastmasters / Internal Workshop); Technical & Regulatory Documentation Analysis Workshop; Empathetic Leadership & Active Listening for Cross-Functional Collaboration
343,Research & Development,Healthcare Representative,0.2777,LOW,,,,"Sales Representatives of Services, Except Advertising, Insurance, Financial Services, and Travel",low,1.0,LOW,"macOS for Enterprise: Advanced Terminal, Security & Productivity Tooling"
346,Research & Development,Research Scientist,0.1758,LOW,,,,Computer and Information Research Scientists,medium,1.0,LOW,Executive Presentation & Public Speaking Masterclass (Toastmasters / Internal Workshop)
347,Research & Development,Research Scientist,0.571,HIGH,,,,Computer and Information Research Scientists,medium,5.0,MEDIUM,Strategic Problem Solving & Root Cause Decision Analysis Seminar; Continuous Professional Learning & Rapid Skill Acquisition Frameworks; NoSQL Database Architecture with AWS DynamoDB: Modeling & Scalability
349,Sales,Sales Executive,0.1087,LOW,,,,Sales Managers,low,6.0,MEDIUM,Empathetic Leadership & Active Listening for Cross-Functional Collaboration; Executive Presentation & Public Speaking Masterclass (Toastmasters / Internal Workshop); Technical & Regulatory Documentation Analysis Workshop
350,Research & Development,Manufacturing Director,0.1,LOW,,,,Industrial Production Managers,low,1.0,LOW,AutoCAD Essentials: Mechanical/Architectural Drafting & Dimensioning Standards
351,Research & Development,Laboratory Technician,0.5002,HIGH,,,,Medical and Clinical Laboratory Technicians,medium,0.0,LOW,None - No skill gaps identified
352,Research & Development,Research Director,0.0045,LOW,,,,Natural Sciences Managers,low,0.0,LOW,None - No skill gaps identified
353,Research & Development,Research Scientist,0.1631,LOW,,,,Computer and Information Research Scientists,medium,5.0,MEDIUM,Strategic Problem Solving & Root Cause Decision Analysis Seminar; Empathetic Leadership & Active Listening for Cross-Functional Collaboration; Continuous Professional Learning & Rapid Skill Acquisition Frameworks
355,Research & Development,Laboratory Technician,0.8788,HIGH,,,,Medical and Clinical Laboratory Technicians,medium,2.0,LOW,"Scientific Methodology, Evidence-Based Rigor & Laboratory Standards Training; Enterprise Microsoft 365 Productivity & Workflow Automation Bootcamp"
359,Research & Development,Laboratory Technician,0.5689,HIGH,,,,Medical and Clinical Laboratory Technicians,medium,1.0,LOW,Google Workspace Collaboration: Document Co-Authoring & Cloud Governance
361,Sales,Sales Executive,0.0396,LOW,,,,Sales Managers,low,4.0,MEDIUM,"Technical & Regulatory Documentation Analysis Workshop; Adobe Acrobat Pro: Digital Signatures, Forms & Secure Document Workflows; Bentley MicroStation CAD: 2D/3D Infrastructure Drafting & Asset Modeling"
362,Research & Development,Laboratory Technician,0.7639,HIGH,,,,Medical and Clinical Laboratory Technicians,medium,2.0,LOW,"Strategic Problem Solving & Root Cause Decision Analysis Seminar; Scientific Methodology, Evidence-Based Rigor & Laboratory Standards Training"
363,Sales,Manager,0.751,HIGH,,,,"Managers, All Other",very_low,,N/A - Manager,N/A - Manager (use Department-level analysis)
364,Research & Development,Laboratory Technician,0.8055,HIGH,,,,Medical and Clinical Laboratory Technicians,medium,3.0,LOW,Technical & Regulatory Documentation Analysis Workshop; Strategic Problem Solving & Root Cause Decision Analysis Seminar; Executive Presentation & Public Speaking Masterclass (Toastmasters / Internal Workshop)
366,Sales,Sales Executive,0.2809,LOW,,,,Sales Managers,low,7.0,HIGH,Executive Presentation & Public Speaking Masterclass (Toastmasters / Internal Workshop); Technical & Regulatory Documentation Analysis Workshop; Operational Process Auditing & KPI Performance Monitoring Protocols
367,Research & Development,Healthcare Representative,0.2074,LOW,,,,"Sales Representatives of Services, Except Advertising, Insurance, Financial Services, and Travel",low,2.0,LOW,Empathetic Leadership & Active Listening for Cross-Functional Collaboration; Executive Presentation & Public Speaking Masterclass (Toastmasters / Internal Workshop)
369,Research & Development,Healthcare Representative,0.0319,LOW,,,,"Sales Representatives of Services, Except Advertising, Insurance, Financial Services, and Travel",low,6.0,MEDIUM,Executive Presentation & Public Speaking Masterclass (Toastmasters / Internal Workshop); Technical & Regulatory Documentation Analysis Workshop; Business & Technical Writing: Structuring Executive Summaries & Proposals
372,Research & Development,Healthcare Representative,0.153,LOW,,,,"Sales Representatives of Services, Except Advertising, Insurance, Financial Services, and Travel",low,1.0,LOW,"macOS for Enterprise: Advanced Terminal, Security & Productivity Tooling"
373,Research & Development,Laboratory Technician,0.039,LOW,,,,Medical and Clinical Laboratory Technicians,medium,1.0,LOW,Enterprise Microsoft 365 Productivity & Workflow Automation Bootcamp
374,Research & Development,Manager,0.0706,LOW,,,,"Managers, All Other",very_low,,N/A - Manager,N/A - Manager (use Department-level analysis)
376,Research & Development,Manager,0.589,HIGH,,,,"Managers, All Other",very_low,,N/A - Manager,N/A - Manager (use Department-level analysis)
377,Research & Development,Research Scientist,0.0288,LOW,,,,Computer and Information Research Scientists,medium,6.0,MEDIUM,Strategic Problem Solving & Root Cause Decision Analysis Seminar; Technical & Regulatory Documentation Analysis Workshop; Executive Presentation & Public Speaking Masterclass (Toastmasters / Internal Workshop)
378,Sales,Sales Executive,0.1665,LOW,,,,Sales Managers,low,2.0,LOW,"Executive Presentation & Public Speaking Masterclass (Toastmasters / Internal Workshop); Adobe Acrobat Pro: Digital Signatures, Forms & Secure Document Workflows"
379,Research & Development,Research Scientist,0.1961,LOW,,,,Computer and Information Research Scientists,medium,4.0,MEDIUM,Strategic Problem Solving & Root Cause Decision Analysis Seminar; Continuous Professional Learning & Rapid Skill Acquisition Frameworks; Cloud Data Warehousing & High-Performance SQL Analytics with Amazon Redshift
380,Research & Development,Research Director,0.0274,LOW,,,,Natural Sciences Managers,low,7.0,HIGH,"Scientific Methodology, Evidence-Based Rigor & Laboratory Standards Training; Technical & Regulatory Documentation Analysis Workshop; Operational Process Auditing & KPI Performance Monitoring Protocols"
381,Research & Development,Manager,0.2312,LOW,,,,"Managers, All Other",very_low,,N/A - Manager,N/A - Manager (use Department-level analysis)
382,Sales,Sales Executive,0.6847,HIGH,,,,Sales Managers,low,0.0,LOW,None - No skill gaps identified
384,Research & Development,Manufacturing Director,0.1211,LOW,,,,Industrial Production Managers,low,2.0,LOW,"Technical & Regulatory Documentation Analysis Workshop; Adobe Acrobat Pro: Digital Signatures, Forms & Secure Document Workflows"
385,Research & Development,Research Director,0.0221,LOW,,,,Natural Sciences Managers,low,0.0,LOW,None - No skill gaps identified
386,Research & Development,Research Director,0.0215,LOW,,,,Natural Sciences Managers,low,2.0,LOW,Technical & Regulatory Documentation Analysis Workshop; Commercial Image Retouching & Asset Production with Adobe Photoshop
387,Sales,Sales Executive,0.12,LOW,,,,Sales Managers,low,0.0,LOW,None - No skill gaps identified
388,Sales,Sales Executive,0.348,LOW,,,,Sales Managers,low,0.0,LOW,None - No skill gaps identified
389,Research & Development,Laboratory Technician,0.479,HIGH,,,,Medical and Clinical Laboratory Technicians,medium,0.0,LOW,None - No skill gaps identified
390,Research & Development,Healthcare Representative,0.8978,HIGH,,,,"Sales Representatives of Services, Except Advertising, Insurance, Financial Services, and Travel",low,3.0,LOW,"Empathetic Leadership & Active Listening for Cross-Functional Collaboration; Business & Technical Writing: Structuring Executive Summaries & Proposals; Advanced Excel: Dynamic Arrays, Power Query & Business Financial Modeling"
391,Research & Development,Research Scientist,0.0163,LOW,,,,Computer and Information Research Scientists,medium,1.0,LOW,NoSQL Database Architecture with AWS DynamoDB: Modeling & Scalability
392,Research & Development,Laboratory Technician,0.7346,HIGH,,,,Medical and Clinical Laboratory Technicians,medium,8.0,HIGH,"Technical & Regulatory Documentation Analysis Workshop; Empathetic Leadership & Active Listening for Cross-Functional Collaboration; Scientific Methodology, Evidence-Based Rigor & Laboratory Standards Training"
393,Research & Development,Healthcare Representative,0.1733,LOW,,,,"Sales Representatives of Services, Except Advertising, Insurance, Financial Services, and Travel",low,4.0,MEDIUM,Technical & Regulatory Documentation Analysis Workshop; Business & Technical Writing: Structuring Executive Summaries & Proposals; Inbound Sales & CRM Pipeline Optimization with HubSpot Sales Hub
394,Research & Development,Laboratory Technician,0.8505,HIGH,,,,Medical and Clinical Laboratory Technicians,medium,4.0,MEDIUM,"Scientific Methodology, Evidence-Based Rigor & Laboratory Standards Training; MEDITECH EHR Clinical Data Management & Laboratory Information Systems Track; Advanced Excel: Dynamic Arrays, Power Query & Business Financial Modeling"
395,Research & Development,Research Scientist,0.0413,LOW,,,,Computer and Information Research Scientists,medium,2.0,LOW,Technical & Regulatory Documentation Analysis Workshop; AWS Infrastructure as Code: CloudFormation & CDK Automated Deployments
396,Research & Development,Research Director,0.6435,HIGH,,,,Natural Sciences Managers,low,2.0,LOW,Empathetic Leadership & Active Listening for Cross-Functional Collaboration; Operational Process Auditing & KPI Performance Monitoring Protocols
397,Research & Development,Research Scientist,0.6135,HIGH,,,,Computer and Information Research Scientists,medium,1.0,LOW,Technical & Regulatory Documentation Analysis Workshop
399,Sales,Sales Representative,0.5229,HIGH,,,,"Sales Representatives of Services, Except Advertising, Insurance, Financial Services, and Travel",medium,4.0,MEDIUM,"Continuous Professional Learning & Rapid Skill Acquisition Frameworks; Inbound Sales & CRM Pipeline Optimization with HubSpot Sales Hub; Advanced Excel: Dynamic Arrays, Power Query & Business Financial Modeling"
401,Sales,Sales Executive,0.8689,HIGH,,,,Sales Managers,low,3.0,LOW,"Executive Presentation & Public Speaking Masterclass (Toastmasters / Internal Workshop); Operational Process Auditing & KPI Performance Monitoring Protocols; Adobe Acrobat Pro: Digital Signatures, Forms & Secure Document Workflows"
403,Research & Development,Research Scientist,0.5004,HIGH,,,,Computer and Information Research Scientists,medium,3.0,LOW,Strategic Problem Solving & Root Cause Decision Analysis Seminar; Cloud Data Warehousing & High-Performance SQL Analytics with Amazon Redshift; AWS Infrastructure as Code: CloudFormation & CDK Automated Deployments
404,Sales,Sales Executive,0.4563,HIGH,,,,Sales Managers,low,0.0,LOW,None - No skill gaps identified
405,Research & Development,Laboratory Technician,0.8103,HIGH,,,,Medical and Clinical Laboratory Technicians,medium,8.0,HIGH,Technical & Regulatory Documentation Analysis Workshop; Empathetic Leadership & Active Listening for Cross-Functional Collaboration; Executive Presentation & Public Speaking Masterclass (Toastmasters / Internal Workshop)
406,Sales,Sales Executive,0.2002,LOW,,,,Sales Managers,low,0.0,LOW,None - No skill gaps identified
407,Research & Development,Laboratory Technician,0.3806,LOW,,,,Medical and Clinical Laboratory Technicians,medium,5.0,MEDIUM,"Empathetic Leadership & Active Listening for Cross-Functional Collaboration; Scientific Methodology, Evidence-Based Rigor & Laboratory Standards Training; MEDITECH EHR Clinical Data Management & Laboratory Information Systems Track"
408,Research & Development,Manufacturing Director,0.0489,LOW,,,,Industrial Production Managers,low,2.0,LOW,"Adobe Acrobat Pro: Digital Signatures, Forms & Secure Document Workflows; AutoCAD Essentials: Mechanical/Architectural Drafting & Dimensioning Standards"
410,Sales,Manager,0.0901,LOW,,,,"Managers, All Other",very_low,,N/A - Manager,N/A - Manager (use Department-level analysis)
411,Sales,Sales Representative,0.8981,HIGH,,,,"Sales Representatives of Services, Except Advertising, Insurance, Financial Services, and Travel",medium,5.0,MEDIUM,Technical & Regulatory Documentation Analysis Workshop; Business & Technical Writing: Structuring Executive Summaries & Proposals; Continuous Professional Learning & Rapid Skill Acquisition Frameworks
412,Research & Development,Healthcare Representative,0.11,LOW,,,,"Sales Representatives of Services, Except Advertising, Insurance, Financial Services, and Travel",low,6.0,MEDIUM,Executive Presentation & Public Speaking Masterclass (Toastmasters / Internal Workshop); Technical & Regulatory Documentation Analysis Workshop; Continuous Professional Learning & Rapid Skill Acquisition Frameworks
416,Sales,Sales Executive,0.5038,HIGH,,,,Sales Managers,low,2.0,LOW,Executive Presentation & Public Speaking Masterclass (Toastmasters / Internal Workshop); Java & Multi-Language Software Development with Eclipse IDE & Git Plugins
417,Research & Development,Healthcare Representative,0.0042,LOW,,,,"Sales Representatives of Services, Except Advertising, Insurance, Financial Services, and Travel",low,2.0,LOW,"Business & Technical Writing: Structuring Executive Summaries & Proposals; macOS for Enterprise: Advanced Terminal, Security & Productivity Tooling"
419,Research & Development,Laboratory Technician,0.2053,LOW,,,,Medical and Clinical Laboratory Technicians,medium,0.0,LOW,None - No skill gaps identified
420,Sales,Sales Executive,0.1041,LOW,,,,Sales Managers,low,0.0,LOW,None - No skill gaps identified
421,Research & Development,Research Director,0.0803,LOW,,,,Natural Sciences Managers,low,2.0,LOW,"Adobe Acrobat Pro: Digital Signatures, Forms & Secure Document Workflows; Commercial Image Retouching & Asset Production with Adobe Photoshop"
422,Research & Development,Healthcare Representative,0.0775,LOW,,,,"Sales Representatives of Services, Except Advertising, Insurance, Financial Services, and Travel",low,4.0,MEDIUM,Executive Presentation & Public Speaking Masterclass (Toastmasters / Internal Workshop); Technical & Regulatory Documentation Analysis Workshop; Business & Technical Writing: Structuring Executive Summaries & Proposals
423,Research & Development,Research Scientist,0.266,LOW,,,,Computer and Information Research Scientists,medium,1.0,LOW,Executive Presentation & Public Speaking Masterclass (Toastmasters / Internal Workshop)
424,Human Resources,Human Resources,0.8671,HIGH,,,,Human Resources Specialists,medium,6.0,MEDIUM,Executive Presentation & Public Speaking Masterclass (Toastmasters / Internal Workshop); Empathetic Leadership & Active Listening for Cross-Functional Collaboration; Business & Technical Writing: Structuring Executive Summaries & Proposals
425,Research & Development,Laboratory Technician,0.5025,HIGH,,,,Medical and Clinical Laboratory Technicians,medium,0.0,LOW,None - No skill gaps identified
426,Research & Development,Research Scientist,0.3814,LOW,,,,Computer and Information Research Scientists,medium,5.0,MEDIUM,Technical & Regulatory Documentation Analysis Workshop; NoSQL Database Architecture with AWS DynamoDB: Modeling & Scalability; AWS Compute Architecture: Scalable EC2 Fleet Management & Auto-Scaling
428,Research & Development,Manager,0.3147,LOW,,,,"Managers, All Other",very_low,,N/A - Manager,N/A - Manager (use Department-level analysis)
429,Research & Development,Manager,0.5857,HIGH,,,,"Managers, All Other",very_low,,N/A - Manager,N/A - Manager (use Department-level analysis)
430,Research & Development,Laboratory Technician,0.2007,LOW,,,,Medical and Clinical Laboratory Technicians,medium,0.0,LOW,None - No skill gaps identified
431,Research & Development,Healthcare Representative,0.3921,LOW,,,,"Sales Representatives of Services, Except Advertising, Insurance, Financial Services, and Travel",low,2.0,LOW,Executive Presentation & Public Speaking Masterclass (Toastmasters / Internal Workshop); Inbound Sales & CRM Pipeline Optimization with HubSpot Sales Hub
433,Research & Development,Research Scientist,0.3624,LOW,,,,Computer and Information Research Scientists,medium,1.0,LOW,Executive Presentation & Public Speaking Masterclass (Toastmasters / Internal Workshop)
434,Research & Development,Research Scientist,0.6704,HIGH,,,,Computer and Information Research Scientists,medium,6.0,MEDIUM,Technical & Regulatory Documentation Analysis Workshop; Empathetic Leadership & Active Listening for Cross-Functional Collaboration; NoSQL Database Architecture with AWS DynamoDB: Modeling & Scalability
436,Sales,Sales Executive,0.8361,HIGH,,,,Sales Managers,low,1.0,LOW,Java & Multi-Language Software Development with Eclipse IDE & Git Plugins
437,Sales,Sales Executive,0.6194,HIGH,,,,Sales Managers,low,3.0,LOW,"Strategic Problem Solving & Root Cause Decision Analysis Seminar; Operational Process Auditing & KPI Performance Monitoring Protocols; B2B Social Media Marketing, Meta Business Suite & Targeted Outreach Campaigns"
438,Sales,Sales Executive,0.0277,LOW,,,,Sales Managers,low,4.0,MEDIUM,Empathetic Leadership & Active Listening for Cross-Functional Collaboration; Operational Process Auditing & KPI Performance Monitoring Protocols; Bentley MicroStation CAD: 2D/3D Infrastructure Drafting & Asset Modeling
439,Research & Development,Research Scientist,0.2053,LOW,,,,Computer and Information Research Scientists,medium,5.0,MEDIUM,Executive Presentation & Public Speaking Masterclass (Toastmasters / Internal Workshop); Continuous Professional Learning & Rapid Skill Acquisition Frameworks; NoSQL Database Architecture with AWS DynamoDB: Modeling & Scalability
440,Research & Development,Research Scientist,0.7947,HIGH,,,,Computer and Information Research Scientists,medium,5.0,MEDIUM,Empathetic Leadership & Active Listening for Cross-Functional Collaboration; Executive Presentation & Public Speaking Masterclass (Toastmasters / Internal Workshop); AWS Compute Architecture: Scalable EC2 Fleet Management & Auto-Scaling
441,Research & Development,Research Scientist,0.0162,LOW,,,,Computer and Information Research Scientists,medium,1.0,LOW,NoSQL Database Architecture with AWS DynamoDB: Modeling & Scalability
442,Research & Development,Manufacturing Director,0.2657,LOW,,,,Industrial Production Managers,low,0.0,LOW,None - No skill gaps identified
444,Research & Development,Manager,0.6591,HIGH,,,,"Managers, All Other",very_low,,N/A - Manager,N/A - Manager (use Department-level analysis)
445,Sales,Sales Executive,0.5412,HIGH,,,,Sales Managers,low,7.0,HIGH,Empathetic Leadership & Active Listening for Cross-Functional Collaboration; Executive Presentation & Public Speaking Masterclass (Toastmasters / Internal Workshop); Strategic Problem Solving & Root Cause Decision Analysis Seminar
446,Sales,Sales Executive,0.7305,HIGH,,,,Sales Managers,low,0.0,LOW,None - No skill gaps identified
447,Research & Development,Research Director,0.02,LOW,,,,Natural Sciences Managers,low,5.0,MEDIUM,Empathetic Leadership & Active Listening for Cross-Functional Collaboration; Commercial Image Retouching & Asset Production with Adobe Photoshop; Spatial Data Analytics & Geospatial Mapping with ESRI ArcGIS Pro
448,Research & Development,Laboratory Technician,0.3142,LOW,,,,Medical and Clinical Laboratory Technicians,medium,1.0,LOW,"Advanced Excel: Dynamic Arrays, Power Query & Business Financial Modeling"
449,Sales,Sales Executive,0.4497,HIGH,,,,Sales Managers,low,3.0,LOW,"Executive Presentation & Public Speaking Masterclass (Toastmasters / Internal Workshop); Operational Process Auditing & KPI Performance Monitoring Protocols; Adobe Acrobat Pro: Digital Signatures, Forms & Secure Document Workflows"
450,Research & Development,Research Scientist,0.1163,LOW,,,,Computer and Information Research Scientists,medium,2.0,LOW,"NoSQL Database Architecture with AWS DynamoDB: Modeling & Scalability; AWS Solutions Architect: Core Cloud Services, IAM & Architecture Design"
451,Research & Development,Healthcare Representative,0.4258,HIGH,,,,"Sales Representatives of Services, Except Advertising, Insurance, Financial Services, and Travel",low,5.0,MEDIUM,Technical & Regulatory Documentation Analysis Workshop; Business & Technical Writing: Structuring Executive Summaries & Proposals; Continuous Professional Learning & Rapid Skill Acquisition Frameworks
452,Research & Development,Research Scientist,0.1096,LOW,,,,Computer and Information Research Scientists,medium,0.0,LOW,None - No skill gaps identified
453,Sales,Sales Executive,0.5628,HIGH,,,,Sales Managers,low,4.0,MEDIUM,Empathetic Leadership & Active Listening for Cross-Functional Collaboration; Executive Presentation & Public Speaking Masterclass (Toastmasters / Internal Workshop); Operational Process Auditing & KPI Performance Monitoring Protocols
454,Research & Development,Laboratory Technician,0.8244,HIGH,,,,Medical and Clinical Laboratory Technicians,medium,2.0,LOW,Empathetic Leadership & Active Listening for Cross-Functional Collaboration; MEDITECH EHR Clinical Data Management & Laboratory Information Systems Track
455,Research & Development,Laboratory Technician,0.425,HIGH,,,,Medical and Clinical Laboratory Technicians,medium,5.0,MEDIUM,Empathetic Leadership & Active Listening for Cross-Functional Collaboration; Strategic Problem Solving & Root Cause Decision Analysis Seminar; MEDITECH EHR Clinical Data Management & Laboratory Information Systems Track
456,Sales,Sales Executive,0.0692,LOW,,,,Sales Managers,low,0.0,LOW,None - No skill gaps identified
458,Sales,Sales Executive,0.1631,LOW,,,,Sales Managers,low,1.0,LOW,Java & Multi-Language Software Development with Eclipse IDE & Git Plugins
460,Research & Development,Manufacturing Director,0.0465,LOW,,,,Industrial Production Managers,low,5.0,MEDIUM,Strategic Problem Solving & Root Cause Decision Analysis Seminar; Executive Presentation & Public Speaking Masterclass (Toastmasters / Internal Workshop); Operational Process Auditing & KPI Performance Monitoring Protocols
461,Research & Development,Research Director,0.0518,LOW,,,,Natural Sciences Managers,low,0.0,LOW,None - No skill gaps identified
462,Research & Development,Manufacturing Director,0.3282,LOW,,,,Industrial Production Managers,low,0.0,LOW,None - No skill gaps identified
463,Sales,Sales Executive,0.5303,HIGH,,,,Sales Managers,low,2.0,LOW,Adobe Creative Cloud Bootcamp: Multi-App Visual Design & Asset Management; Java & Multi-Language Software Development with Eclipse IDE & Git Plugins
464,Research & Development,Manufacturing Director,0.0316,LOW,,,,Industrial Production Managers,low,0.0,LOW,None - No skill gaps identified
465,Research & Development,Research Scientist,0.1102,LOW,,,,Computer and Information Research Scientists,medium,2.0,LOW,"AWS Infrastructure as Code: CloudFormation & CDK Automated Deployments; AWS Solutions Architect: Core Cloud Services, IAM & Architecture Design"
466,Research & Development,Manufacturing Director,0.6809,HIGH,,,,Industrial Production Managers,low,4.0,MEDIUM,"Executive Presentation & Public Speaking Masterclass (Toastmasters / Internal Workshop); Operational Process Auditing & KPI Performance Monitoring Protocols; Motion Graphics, Video Storytelling & Product Animation with After Effects"
467,Sales,Sales Representative,0.8349,HIGH,,,,"Sales Representatives of Services, Except Advertising, Insurance, Financial Services, and Travel",medium,8.0,HIGH,Empathetic Leadership & Active Listening for Cross-Functional Collaboration; Executive Presentation & Public Speaking Masterclass (Toastmasters / Internal Workshop); Business & Technical Writing: Structuring Executive Summaries & Proposals
468,Research & Development,Research Director,0.0987,LOW,,,,Natural Sciences Managers,low,4.0,MEDIUM,Technical & Regulatory Documentation Analysis Workshop; Strategic Problem Solving & Root Cause Decision Analysis Seminar; Advanced Statistical Inference & Predictive Modeling using IBM SPSS
469,Sales,Sales Executive,0.1191,LOW,,,,Sales Managers,low,1.0,LOW,"Adobe Acrobat Pro: Digital Signatures, Forms & Secure Document Workflows"
470,Human Resources,Human Resources,0.5019,HIGH,,,,Human Resources Specialists,medium,1.0,LOW,"Vector Graphics, Infographics & Brand Asset Design in Adobe Illustrator"
471,Research & Development,Laboratory Technician,0.0945,LOW,,,,Medical and Clinical Laboratory Technicians,medium,0.0,LOW,None - No skill gaps identified
473,Sales,Manager,0.2623,LOW,,,,"Managers, All Other",very_low,,N/A - Manager,N/A - Manager (use Department-level analysis)
474,Research & Development,Research Scientist,0.3657,LOW,,,,Computer and Information Research Scientists,medium,1.0,LOW,"AWS Solutions Architect: Core Cloud Services, IAM & Architecture Design"
475,Sales,Sales Executive,0.7718,HIGH,,,,Sales Managers,low,5.0,MEDIUM,Executive Presentation & Public Speaking Masterclass (Toastmasters / Internal Workshop); Operational Process Auditing & KPI Performance Monitoring Protocols; Bentley MicroStation CAD: 2D/3D Infrastructure Drafting & Asset Modeling
476,Sales,Sales Executive,0.1656,LOW,,,,Sales Managers,low,0.0,LOW,None - No skill gaps identified
477,Research & Development,Healthcare Representative,0.0665,LOW,,,,"Sales Representatives of Services, Except Advertising, Insurance, Financial Services, and Travel",low,4.0,MEDIUM,Technical & Regulatory Documentation Analysis Workshop; Business & Technical Writing: Structuring Executive Summaries & Proposals; Advanced Statistical Inference & Predictive Modeling using IBM SPSS
478,Sales,Sales Representative,0.9899,HIGH,,,,"Sales Representatives of Services, Except Advertising, Insurance, Financial Services, and Travel",medium,4.0,MEDIUM,Executive Presentation & Public Speaking Masterclass (Toastmasters / Internal Workshop); Continuous Professional Learning & Rapid Skill Acquisition Frameworks; Inbound Sales & CRM Pipeline Optimization with HubSpot Sales Hub
479,Sales,Sales Executive,0.0834,LOW,,,,Sales Managers,low,1.0,LOW,Executive Presentation & Public Speaking Masterclass (Toastmasters / Internal Workshop)
481,Sales,Sales Executive,0.4053,HIGH,,,,Sales Managers,low,0.0,LOW,None - No skill gaps identified
482,Research & Development,Healthcare Representative,0.0265,LOW,,,,"Sales Representatives of Services, Except Advertising, Insurance, Financial Services, and Travel",low,6.0,MEDIUM,Technical & Regulatory Documentation Analysis Workshop; Business & Technical Writing: Structuring Executive Summaries & Proposals; Continuous Professional Learning & Rapid Skill Acquisition Frameworks
483,Research & Development,Laboratory Technician,0.1786,LOW,,,,Medical and Clinical Laboratory Technicians,medium,2.0,LOW,"Scientific Methodology, Evidence-Based Rigor & Laboratory Standards Training; MEDITECH EHR Clinical Data Management & Laboratory Information Systems Track"
484,Sales,Sales Representative,0.5769,HIGH,,,,"Sales Representatives of Services, Except Advertising, Insurance, Financial Services, and Travel",medium,3.0,LOW,"Empathetic Leadership & Active Listening for Cross-Functional Collaboration; Technical & Regulatory Documentation Analysis Workshop; macOS for Enterprise: Advanced Terminal, Security & Productivity Tooling"
485,Sales,Sales Representative,0.9294,HIGH,,,,"Sales Representatives of Services, Except Advertising, Insurance, Financial Services, and Travel",medium,5.0,MEDIUM,Technical & Regulatory Documentation Analysis Workshop; Business & Technical Writing: Structuring Executive Summaries & Proposals; Inbound Sales & CRM Pipeline Optimization with HubSpot Sales Hub
486,Research & Development,Laboratory Technician,0.2894,LOW,,,,Medical and Clinical Laboratory Technicians,medium,2.0,LOW,"Technical & Regulatory Documentation Analysis Workshop; Scientific Methodology, Evidence-Based Rigor & Laboratory Standards Training"
487,Research & Development,Manufacturing Director,0.0308,LOW,,,,Industrial Production Managers,low,6.0,MEDIUM,Executive Presentation & Public Speaking Masterclass (Toastmasters / Internal Workshop); Technical & Regulatory Documentation Analysis Workshop; Empathetic Leadership & Active Listening for Cross-Functional Collaboration
488,Sales,Sales Executive,0.6662,HIGH,,,,Sales Managers,low,0.0,LOW,None - No skill gaps identified
491,Research & Development,Healthcare Representative,0.1007,LOW,,,,"Sales Representatives of Services, Except Advertising, Insurance, Financial Services, and Travel",low,6.0,MEDIUM,Executive Presentation & Public Speaking Masterclass (Toastmasters / Internal Workshop); Technical & Regulatory Documentation Analysis Workshop; Continuous Professional Learning & Rapid Skill Acquisition Frameworks
492,Sales,Sales Executive,0.8106,HIGH,,,,Sales Managers,low,2.0,LOW,Technical & Regulatory Documentation Analysis Workshop; Bentley MicroStation CAD: 2D/3D Infrastructure Drafting & Asset Modeling
493,Research & Development,Research Scientist,0.6327,HIGH,,,,Computer and Information Research Scientists,medium,2.0,LOW,Continuous Professional Learning & Rapid Skill Acquisition Frameworks; Cloud Data Warehousing & High-Performance SQL Analytics with Amazon Redshift
494,Sales,Sales Representative,0.7833,HIGH,,,,"Sales Representatives of Services, Except Advertising, Insurance, Financial Services, and Travel",medium,9.0,HIGH,Empathetic Leadership & Active Listening for Cross-Functional Collaboration; Executive Presentation & Public Speaking Masterclass (Toastmasters / Internal Workshop); Technical & Regulatory Documentation Analysis Workshop
495,Research & Development,Research Scientist,0.3019,LOW,,,,Computer and Information Research Scientists,medium,5.0,MEDIUM,Technical & Regulatory Documentation Analysis Workshop; Empathetic Leadership & Active Listening for Cross-Functional Collaboration; Continuous Professional Learning & Rapid Skill Acquisition Frameworks
496,Research & Development,Healthcare Representative,0.4356,HIGH,,,,"Sales Representatives of Services, Except Advertising, Insurance, Financial Services, and Travel",low,5.0,MEDIUM,"Business & Technical Writing: Structuring Executive Summaries & Proposals; Continuous Professional Learning & Rapid Skill Acquisition Frameworks; macOS for Enterprise: Advanced Terminal, Security & Productivity Tooling"
497,Research & Development,Laboratory Technician,0.1411,LOW,,,,Medical and Clinical Laboratory Technicians,medium,5.0,MEDIUM,"Empathetic Leadership & Active Listening for Cross-Functional Collaboration; Strategic Problem Solving & Root Cause Decision Analysis Seminar; Scientific Methodology, Evidence-Based Rigor & Laboratory Standards Training"
498,Sales,Sales Executive,0.2364,LOW,,,,Sales Managers,low,2.0,LOW,"Adobe Acrobat Pro: Digital Signatures, Forms & Secure Document Workflows; Java & Multi-Language Software Development with Eclipse IDE & Git Plugins"
499,Research & Development,Healthcare Representative,0.1195,LOW,,,,"Sales Representatives of Services, Except Advertising, Insurance, Financial Services, and Travel",low,5.0,MEDIUM,Executive Presentation & Public Speaking Masterclass (Toastmasters / Internal Workshop); Business & Technical Writing: Structuring Executive Summaries & Proposals; Continuous Professional Learning & Rapid Skill Acquisition Frameworks
500,Sales,Sales Executive,0.0395,LOW,,,,Sales Managers,low,1.0,LOW,Strategic Problem Solving & Root Cause Decision Analysis Seminar
501,Research & Development,Research Scientist,0.0813,LOW,,,,Computer and Information Research Scientists,medium,7.0,HIGH,Technical & Regulatory Documentation Analysis Workshop; Empathetic Leadership & Active Listening for Cross-Functional Collaboration; Executive Presentation & Public Speaking Masterclass (Toastmasters / Internal Workshop)
502,Sales,Sales Executive,0.8634,HIGH,,,,Sales Managers,low,5.0,MEDIUM,Executive Presentation & Public Speaking Masterclass (Toastmasters / Internal Workshop); Technical & Regulatory Documentation Analysis Workshop; Operational Process Auditing & KPI Performance Monitoring Protocols
505,Research & Development,Manager,0.0504,LOW,,,,"Managers, All Other",very_low,,N/A - Manager,N/A - Manager (use Department-level analysis)
507,Sales,Sales Executive,0.2757,LOW,,,,Sales Managers,low,4.0,MEDIUM,Technical & Regulatory Documentation Analysis Workshop; Strategic Problem Solving & Root Cause Decision Analysis Seminar; Operational Process Auditing & KPI Performance Monitoring Protocols
508,Sales,Sales Representative,0.7771,HIGH,,,,"Sales Representatives of Services, Except Advertising, Insurance, Financial Services, and Travel",medium,3.0,LOW,"Inbound Sales & CRM Pipeline Optimization with HubSpot Sales Hub; Advanced Statistical Inference & Predictive Modeling using IBM SPSS; Advanced Excel: Dynamic Arrays, Power Query & Business Financial Modeling"
510,Research & Development,Research Scientist,0.4372,HIGH,,,,Computer and Information Research Scientists,medium,1.0,LOW,Technical & Regulatory Documentation Analysis Workshop
511,Research & Development,Research Scientist,0.4134,HIGH,,,,Computer and Information Research Scientists,medium,4.0,MEDIUM,Technical & Regulatory Documentation Analysis Workshop; Continuous Professional Learning & Rapid Skill Acquisition Frameworks; Cloud Data Warehousing & High-Performance SQL Analytics with Amazon Redshift
513,Sales,Sales Executive,0.6872,HIGH,,,,Sales Managers,low,0.0,LOW,None - No skill gaps identified
514,Research & Development,Research Scientist,0.9448,HIGH,,,,Computer and Information Research Scientists,medium,6.0,MEDIUM,Technical & Regulatory Documentation Analysis Workshop; NoSQL Database Architecture with AWS DynamoDB: Modeling & Scalability; AWS Compute Architecture: Scalable EC2 Fleet Management & Auto-Scaling
515,Research & Development,Laboratory Technician,0.1363,LOW,,,,Medical and Clinical Laboratory Technicians,medium,1.0,LOW,Executive Presentation & Public Speaking Masterclass (Toastmasters / Internal Workshop)
516,Sales,Sales Executive,0.1376,LOW,,,,Sales Managers,low,2.0,LOW,Executive Presentation & Public Speaking Masterclass (Toastmasters / Internal Workshop); Strategic Problem Solving & Root Cause Decision Analysis Seminar
517,Research & Development,Laboratory Technician,0.2925,LOW,,,,Medical and Clinical Laboratory Technicians,medium,1.0,LOW,Technical & Regulatory Documentation Analysis Workshop
518,Research & Development,Manufacturing Director,0.5213,HIGH,,,,Industrial Production Managers,low,4.0,MEDIUM,"Executive Presentation & Public Speaking Masterclass (Toastmasters / Internal Workshop); Motion Graphics, Video Storytelling & Product Animation with After Effects; Commercial Image Retouching & Asset Production with Adobe Photoshop"
520,Research & Development,Research Director,0.0224,LOW,,,,Natural Sciences Managers,low,0.0,LOW,None - No skill gaps identified
521,Research & Development,Laboratory Technician,0.4081,HIGH,,,,Medical and Clinical Laboratory Technicians,medium,5.0,MEDIUM,"Technical & Regulatory Documentation Analysis Workshop; Executive Presentation & Public Speaking Masterclass (Toastmasters / Internal Workshop); Advanced Excel: Dynamic Arrays, Power Query & Business Financial Modeling"
522,Research & Development,Research Director,0.081,LOW,,,,Natural Sciences Managers,low,2.0,LOW,"Scientific Methodology, Evidence-Based Rigor & Laboratory Standards Training; Commercial Image Retouching & Asset Production with Adobe Photoshop"
523,Sales,Sales Executive,0.2432,LOW,,,,Sales Managers,low,3.0,LOW,"Executive Presentation & Public Speaking Masterclass (Toastmasters / Internal Workshop); Operational Process Auditing & KPI Performance Monitoring Protocols; B2B Social Media Marketing, Meta Business Suite & Targeted Outreach Campaigns"
524,Research & Development,Manufacturing Director,0.1147,LOW,,,,Industrial Production Managers,low,0.0,LOW,None - No skill gaps identified
525,Research & Development,Laboratory Technician,0.7428,HIGH,,,,Medical and Clinical Laboratory Technicians,medium,4.0,MEDIUM,"Technical & Regulatory Documentation Analysis Workshop; Empathetic Leadership & Active Listening for Cross-Functional Collaboration; Scientific Methodology, Evidence-Based Rigor & Laboratory Standards Training"
526,Research & Development,Healthcare Representative,0.0982,LOW,,,,"Sales Representatives of Services, Except Advertising, Insurance, Financial Services, and Travel",low,2.0,LOW,"Technical & Regulatory Documentation Analysis Workshop; Advanced Excel: Dynamic Arrays, Power Query & Business Financial Modeling"
527,Sales,Sales Executive,0.7932,HIGH,,,,Sales Managers,low,3.0,LOW,Empathetic Leadership & Active Listening for Cross-Functional Collaboration; Technical & Regulatory Documentation Analysis Workshop; Adobe Creative Cloud Bootcamp: Multi-App Visual Design & Asset Management
529,Research & Development,Research Scientist,0.4517,HIGH,,,,Computer and Information Research Scientists,medium,1.0,LOW,AWS Compute Architecture: Scalable EC2 Fleet Management & Auto-Scaling
530,Research & Development,Laboratory Technician,0.4643,HIGH,,,,Medical and Clinical Laboratory Technicians,medium,6.0,MEDIUM,"Empathetic Leadership & Active Listening for Cross-Functional Collaboration; Executive Presentation & Public Speaking Masterclass (Toastmasters / Internal Workshop); Scientific Methodology, Evidence-Based Rigor & Laboratory Standards Training"
531,Research & Development,Manager,0.1884,LOW,,,,"Managers, All Other",very_low,,N/A - Manager,N/A - Manager (use Department-level analysis)
532,Sales,Sales Executive,0.1516,LOW,,,,Sales Managers,low,3.0,LOW,Executive Presentation & Public Speaking Masterclass (Toastmasters / Internal Workshop); Technical & Regulatory Documentation Analysis Workshop; Operational Process Auditing & KPI Performance Monitoring Protocols
533,Sales,Sales Executive,0.4772,HIGH,,,,Sales Managers,low,2.0,LOW,"Technical & Regulatory Documentation Analysis Workshop; Adobe Acrobat Pro: Digital Signatures, Forms & Secure Document Workflows"
534,Sales,Sales Executive,0.1523,LOW,,,,Sales Managers,low,1.0,LOW,Executive Presentation & Public Speaking Masterclass (Toastmasters / Internal Workshop)
536,Research & Development,Laboratory Technician,0.2726,LOW,,,,Medical and Clinical Laboratory Technicians,medium,1.0,LOW,Technical & Regulatory Documentation Analysis Workshop
538,Research & Development,Laboratory Technician,0.6967,HIGH,,,,Medical and Clinical Laboratory Technicians,medium,4.0,MEDIUM,Technical & Regulatory Documentation Analysis Workshop; Empathetic Leadership & Active Listening for Cross-Functional Collaboration; Executive Presentation & Public Speaking Masterclass (Toastmasters / Internal Workshop)
543,Research & Development,Manufacturing Director,0.0955,LOW,,,,Industrial Production Managers,low,0.0,LOW,None - No skill gaps identified
544,Research & Development,Research Scientist,0.128,LOW,,,,Computer and Information Research Scientists,medium,8.0,HIGH,Technical & Regulatory Documentation Analysis Workshop; Executive Presentation & Public Speaking Masterclass (Toastmasters / Internal Workshop); Continuous Professional Learning & Rapid Skill Acquisition Frameworks
546,Research & Development,Manager,0.0064,LOW,,,,"Managers, All Other",very_low,,N/A - Manager,N/A - Manager (use Department-level analysis)
547,Research & Development,Research Scientist,0.2688,LOW,,,,Computer and Information Research Scientists,medium,3.0,LOW,"Executive Presentation & Public Speaking Masterclass (Toastmasters / Internal Workshop); Continuous Professional Learning & Rapid Skill Acquisition Frameworks; AWS Solutions Architect: Core Cloud Services, IAM & Architecture Design"
548,Research & Development,Manufacturing Director,0.2252,LOW,,,,Industrial Production Managers,low,2.0,LOW,"Technical & Regulatory Documentation Analysis Workshop; Adobe Acrobat Pro: Digital Signatures, Forms & Secure Document Workflows"
549,Research & Development,Manager,0.3529,LOW,,,,"Managers, All Other",very_low,,N/A - Manager,N/A - Manager (use Department-level analysis)
550,Research & Development,Manufacturing Director,0.0079,LOW,,,,Industrial Production Managers,low,2.0,LOW,"Technical & Regulatory Documentation Analysis Workshop; Adobe Acrobat Pro: Digital Signatures, Forms & Secure Document Workflows"
551,Research & Development,Healthcare Representative,0.0386,LOW,,,,"Sales Representatives of Services, Except Advertising, Insurance, Financial Services, and Travel",low,2.0,LOW,"Advanced Statistical Inference & Predictive Modeling using IBM SPSS; Advanced Excel: Dynamic Arrays, Power Query & Business Financial Modeling"
554,Sales,Sales Representative,0.9217,HIGH,,,,"Sales Representatives of Services, Except Advertising, Insurance, Financial Services, and Travel",medium,2.0,LOW,"Technical & Regulatory Documentation Analysis Workshop; Advanced Excel: Dynamic Arrays, Power Query & Business Financial Modeling"
555,Sales,Sales Representative,0.6424,HIGH,,,,"Sales Representatives of Services, Except Advertising, Insurance, Financial Services, and Travel",medium,5.0,MEDIUM,Executive Presentation & Public Speaking Masterclass (Toastmasters / Internal Workshop); Technical & Regulatory Documentation Analysis Workshop; Inbound Sales & CRM Pipeline Optimization with HubSpot Sales Hub
556,Research & Development,Laboratory Technician,0.5579,HIGH,,,,Medical and Clinical Laboratory Technicians,medium,5.0,MEDIUM,Technical & Regulatory Documentation Analysis Workshop; Google Workspace Collaboration: Document Co-Authoring & Cloud Governance; MEDITECH EHR Clinical Data Management & Laboratory Information Systems Track
558,Sales,Manager,0.0118,LOW,,,,"Managers, All Other",very_low,,N/A - Manager,N/A - Manager (use Department-level analysis)
560,Research & Development,Research Scientist,0.1631,LOW,,,,Computer and Information Research Scientists,medium,4.0,MEDIUM,Empathetic Leadership & Active Listening for Cross-Functional Collaboration; Executive Presentation & Public Speaking Masterclass (Toastmasters / Internal Workshop); Continuous Professional Learning & Rapid Skill Acquisition Frameworks
562,Research & Development,Laboratory Technician,0.11,LOW,,,,Medical and Clinical Laboratory Technicians,medium,1.0,LOW,Technical & Regulatory Documentation Analysis Workshop
564,Research & Development,Research Director,0.0329,LOW,,,,Natural Sciences Managers,low,0.0,LOW,None - No skill gaps identified
565,Research & Development,Research Scientist,0.6653,HIGH,,,,Computer and Information Research Scientists,medium,8.0,HIGH,Strategic Problem Solving & Root Cause Decision Analysis Seminar; Technical & Regulatory Documentation Analysis Workshop; Empathetic Leadership & Active Listening for Cross-Functional Collaboration
566,Human Resources,Human Resources,0.8022,HIGH,,,,Human Resources Specialists,medium,8.0,HIGH,Executive Presentation & Public Speaking Masterclass (Toastmasters / Internal Workshop); Technical & Regulatory Documentation Analysis Workshop; Empathetic Leadership & Active Listening for Cross-Functional Collaboration
567,Sales,Sales Executive,0.131,LOW,,,,Sales Managers,low,1.0,LOW,Technical & Regulatory Documentation Analysis Workshop
568,Sales,Manager,0.215,LOW,,,,"Managers, All Other",very_low,,N/A - Manager,N/A - Manager (use Department-level analysis)
569,Research & Development,Manager,0.3692,LOW,,,,"Managers, All Other",very_low,,N/A - Manager,N/A - Manager (use Department-level analysis)
571,Research & Development,Laboratory Technician,0.0884,LOW,,,,Medical and Clinical Laboratory Technicians,medium,2.0,LOW,"Executive Presentation & Public Speaking Masterclass (Toastmasters / Internal Workshop); Scientific Methodology, Evidence-Based Rigor & Laboratory Standards Training"
573,Sales,Sales Executive,0.3589,LOW,,,,Sales Managers,low,1.0,LOW,Operational Process Auditing & KPI Performance Monitoring Protocols
574,Research & Development,Manufacturing Director,0.0188,LOW,,,,Industrial Production Managers,low,1.0,LOW,Strategic Problem Solving & Root Cause Decision Analysis Seminar
575,Research & Development,Research Director,0.0629,LOW,,,,Natural Sciences Managers,low,4.0,MEDIUM,"Scientific Methodology, Evidence-Based Rigor & Laboratory Standards Training; Technical & Regulatory Documentation Analysis Workshop; Commercial Image Retouching & Asset Production with Adobe Photoshop"
577,Research & Development,Laboratory Technician,0.7105,HIGH,,,,Medical and Clinical Laboratory Technicians,medium,4.0,MEDIUM,Empathetic Leadership & Active Listening for Cross-Functional Collaboration; Strategic Problem Solving & Root Cause Decision Analysis Seminar; Google Workspace Collaboration: Document Co-Authoring & Cloud Governance
578,Research & Development,Laboratory Technician,0.4626,HIGH,,,,Medical and Clinical Laboratory Technicians,medium,4.0,MEDIUM,Technical & Regulatory Documentation Analysis Workshop; Executive Presentation & Public Speaking Masterclass (Toastmasters / Internal Workshop); Google Workspace Collaboration: Document Co-Authoring & Cloud Governance
579,Research & Development,Research Scientist,0.0344,LOW,,,,Computer and Information Research Scientists,medium,2.0,LOW,Strategic Problem Solving & Root Cause Decision Analysis Seminar; NoSQL Database Architecture with AWS DynamoDB: Modeling & Scalability
580,Sales,Sales Executive,0.3118,LOW,,,,Sales Managers,low,5.0,MEDIUM,Empathetic Leadership & Active Listening for Cross-Functional Collaboration; Executive Presentation & Public Speaking Masterclass (Toastmasters / Internal Workshop); Operational Process Auditing & KPI Performance Monitoring Protocols
581,Research & Development,Manufacturing Director,0.0075,LOW,,,,Industrial Production Managers,low,0.0,LOW,None - No skill gaps identified
582,Research & Development,Manager,0.5753,HIGH,,,,"Managers, All Other",very_low,,N/A - Manager,N/A - Manager (use Department-level analysis)
584,Research & Development,Laboratory Technician,0.713,HIGH,,,,Medical and Clinical Laboratory Technicians,medium,3.0,LOW,Empathetic Leadership & Active Listening for Cross-Functional Collaboration; Strategic Problem Solving & Root Cause Decision Analysis Seminar; Enterprise Microsoft 365 Productivity & Workflow Automation Bootcamp
585,Sales,Sales Representative,0.7392,HIGH,,,,"Sales Representatives of Services, Except Advertising, Insurance, Financial Services, and Travel",medium,4.0,MEDIUM,Technical & Regulatory Documentation Analysis Workshop; Continuous Professional Learning & Rapid Skill Acquisition Frameworks; Inbound Sales & CRM Pipeline Optimization with HubSpot Sales Hub
586,Research & Development,Healthcare Representative,0.4679,HIGH,,,,"Sales Representatives of Services, Except Advertising, Insurance, Financial Services, and Travel",low,2.0,LOW,"Business & Technical Writing: Structuring Executive Summaries & Proposals; macOS for Enterprise: Advanced Terminal, Security & Productivity Tooling"
587,Research & Development,Healthcare Representative,0.7283,HIGH,,,,"Sales Representatives of Services, Except Advertising, Insurance, Financial Services, and Travel",low,7.0,HIGH,"Empathetic Leadership & Active Listening for Cross-Functional Collaboration; Business & Technical Writing: Structuring Executive Summaries & Proposals; macOS for Enterprise: Advanced Terminal, Security & Productivity Tooling"
590,Human Resources,Human Resources,0.9617,HIGH,,,,Human Resources Specialists,medium,4.0,MEDIUM,"Executive Presentation & Public Speaking Masterclass (Toastmasters / Internal Workshop); Business & Technical Writing: Structuring Executive Summaries & Proposals; Vector Graphics, Infographics & Brand Asset Design in Adobe Illustrator"
591,Research & Development,Laboratory Technician,0.1967,LOW,,,,Medical and Clinical Laboratory Technicians,medium,7.0,HIGH,Technical & Regulatory Documentation Analysis Workshop; Empathetic Leadership & Active Listening for Cross-Functional Collaboration; Strategic Problem Solving & Root Cause Decision Analysis Seminar
592,Sales,Sales Executive,0.3969,LOW,,,,Sales Managers,low,1.0,LOW,Bentley MicroStation CAD: 2D/3D Infrastructure Drafting & Asset Modeling
593,Research & Development,Laboratory Technician,0.8419,HIGH,,,,Medical and Clinical Laboratory Technicians,medium,6.0,MEDIUM,Empathetic Leadership & Active Listening for Cross-Functional Collaboration; Strategic Problem Solving & Root Cause Decision Analysis Seminar; Executive Presentation & Public Speaking Masterclass (Toastmasters / Internal Workshop)
595,Sales,Sales Executive,0.2024,LOW,,,,Sales Managers,low,0.0,LOW,None - No skill gaps identified
597,Sales,Manager,0.1104,LOW,,,,"Managers, All Other",very_low,,N/A - Manager,N/A - Manager (use Department-level analysis)
599,Sales,Sales Executive,0.0514,LOW,,,,Sales Managers,low,0.0,LOW,None - No skill gaps identified
600,Sales,Sales Executive,0.5028,HIGH,,,,Sales Managers,low,1.0,LOW,Adobe Creative Cloud Bootcamp: Multi-App Visual Design & Asset Management
601,Research & Development,Manufacturing Director,0.196,LOW,,,,Industrial Production Managers,low,0.0,LOW,None - No skill gaps identified
602,Research & Development,Laboratory Technician,0.2653,LOW,,,,Medical and Clinical Laboratory Technicians,medium,2.0,LOW,"Executive Presentation & Public Speaking Masterclass (Toastmasters / Internal Workshop); Advanced Excel: Dynamic Arrays, Power Query & Business Financial Modeling"
604,Sales,Sales Executive,0.5719,HIGH,,,,Sales Managers,low,1.0,LOW,Adobe Creative Cloud Bootcamp: Multi-App Visual Design & Asset Management
605,Research & Development,Manufacturing Director,0.4761,HIGH,,,,Industrial Production Managers,low,0.0,LOW,None - No skill gaps identified
606,Sales,Sales Executive,0.0232,LOW,,,,Sales Managers,low,2.0,LOW,Bentley MicroStation CAD: 2D/3D Infrastructure Drafting & Asset Modeling; Java & Multi-Language Software Development with Eclipse IDE & Git Plugins
608,Human Resources,Human Resources,0.8534,HIGH,,,,Human Resources Specialists,medium,0.0,LOW,None - No skill gaps identified
611,Research & Development,Manufacturing Director,0.2065,LOW,,,,Industrial Production Managers,low,5.0,MEDIUM,"Executive Presentation & Public Speaking Masterclass (Toastmasters / Internal Workshop); Empathetic Leadership & Active Listening for Cross-Functional Collaboration; Adobe Acrobat Pro: Digital Signatures, Forms & Secure Document Workflows"
612,Research & Development,Research Director,0.0224,LOW,,,,Natural Sciences Managers,low,1.0,LOW,Relational Database Design & SQL Querying with Microsoft Access
613,Sales,Manager,0.4734,HIGH,,,,"Managers, All Other",very_low,,N/A - Manager,N/A - Manager (use Department-level analysis)
614,Sales,Sales Representative,0.9853,HIGH,,,,"Sales Representatives of Services, Except Advertising, Insurance, Financial Services, and Travel",medium,6.0,MEDIUM,Empathetic Leadership & Active Listening for Cross-Functional Collaboration; Executive Presentation & Public Speaking Masterclass (Toastmasters / Internal Workshop); Technical & Regulatory Documentation Analysis Workshop
615,Sales,Sales Executive,0.1292,LOW,,,,Sales Managers,low,5.0,MEDIUM,"Empathetic Leadership & Active Listening for Cross-Functional Collaboration; Strategic Problem Solving & Root Cause Decision Analysis Seminar; Adobe Acrobat Pro: Digital Signatures, Forms & Secure Document Workflows"
616,Research & Development,Healthcare Representative,0.1637,LOW,,,,"Sales Representatives of Services, Except Advertising, Insurance, Financial Services, and Travel",low,0.0,LOW,None - No skill gaps identified
618,Sales,Sales Executive,0.6989,HIGH,,,,Sales Managers,low,6.0,MEDIUM,Executive Presentation & Public Speaking Masterclass (Toastmasters / Internal Workshop); Technical & Regulatory Documentation Analysis Workshop; Strategic Problem Solving & Root Cause Decision Analysis Seminar
620,Sales,Sales Executive,0.3159,LOW,,,,Sales Managers,low,4.0,MEDIUM,Empathetic Leadership & Active Listening for Cross-Functional Collaboration; Strategic Problem Solving & Root Cause Decision Analysis Seminar; Bentley MicroStation CAD: 2D/3D Infrastructure Drafting & Asset Modeling
621,Sales,Sales Executive,0.1762,LOW,,,,Sales Managers,low,1.0,LOW,"B2B Social Media Marketing, Meta Business Suite & Targeted Outreach Campaigns"
622,Research & Development,Laboratory Technician,0.9909,HIGH,,,,Medical and Clinical Laboratory Technicians,medium,3.0,LOW,Executive Presentation & Public Speaking Masterclass (Toastmasters / Internal Workshop); Google Workspace Collaboration: Document Co-Authoring & Cloud Governance; MEDITECH EHR Clinical Data Management & Laboratory Information Systems Track
623,Research & Development,Manufacturing Director,0.1465,LOW,,,,Industrial Production Managers,low,3.0,LOW,Executive Presentation & Public Speaking Masterclass (Toastmasters / Internal Workshop); Commercial Image Retouching & Asset Production with Adobe Photoshop; AutoCAD Essentials: Mechanical/Architectural Drafting & Dimensioning Standards
624,Research & Development,Healthcare Representative,0.1395,LOW,,,,"Sales Representatives of Services, Except Advertising, Insurance, Financial Services, and Travel",low,4.0,MEDIUM,Empathetic Leadership & Active Listening for Cross-Functional Collaboration; Executive Presentation & Public Speaking Masterclass (Toastmasters / Internal Workshop); Continuous Professional Learning & Rapid Skill Acquisition Frameworks
625,Sales,Manager,0.3997,LOW,,,,"Managers, All Other",very_low,,N/A - Manager,N/A - Manager (use Department-level analysis)
626,Sales,Sales Executive,0.2052,LOW,,,,Sales Managers,low,0.0,LOW,None - No skill gaps identified
630,Research & Development,Research Scientist,0.2097,LOW,,,,Computer and Information Research Scientists,medium,0.0,LOW,None - No skill gaps identified
631,Sales,Sales Executive,0.0927,LOW,,,,Sales Managers,low,6.0,MEDIUM,Executive Presentation & Public Speaking Masterclass (Toastmasters / Internal Workshop); Technical & Regulatory Documentation Analysis Workshop; Operational Process Auditing & KPI Performance Monitoring Protocols
632,Sales,Sales Representative,0.5963,HIGH,,,,"Sales Representatives of Services, Except Advertising, Insurance, Financial Services, and Travel",medium,4.0,MEDIUM,Executive Presentation & Public Speaking Masterclass (Toastmasters / Internal Workshop); Business & Technical Writing: Structuring Executive Summaries & Proposals; Continuous Professional Learning & Rapid Skill Acquisition Frameworks
634,Research & Development,Healthcare Representative,0.0133,LOW,,,,"Sales Representatives of Services, Except Advertising, Insurance, Financial Services, and Travel",low,7.0,HIGH,Empathetic Leadership & Active Listening for Cross-Functional Collaboration; Executive Presentation & Public Speaking Masterclass (Toastmasters / Internal Workshop); Technical & Regulatory Documentation Analysis Workshop
635,Research & Development,Manufacturing Director,0.4007,HIGH,,,,Industrial Production Managers,low,1.0,LOW,"Corporate Layout Design, Multi-Page Publishing & Pitch Decks with InDesign"
638,Research & Development,Research Director,0.0072,LOW,,,,Natural Sciences Managers,low,0.0,LOW,None - No skill gaps identified
639,Research & Development,Research Scientist,0.3912,LOW,,,,Computer and Information Research Scientists,medium,2.0,LOW,Strategic Problem Solving & Root Cause Decision Analysis Seminar; Executive Presentation & Public Speaking Masterclass (Toastmasters / Internal Workshop)
641,Sales,Sales Executive,0.4089,HIGH,,,,Sales Managers,low,0.0,LOW,None - No skill gaps identified
643,Research & Development,Laboratory Technician,0.4174,HIGH,,,,Medical and Clinical Laboratory Technicians,medium,4.0,MEDIUM,"Scientific Methodology, Evidence-Based Rigor & Laboratory Standards Training; Google Workspace Collaboration: Document Co-Authoring & Cloud Governance; Advanced Excel: Dynamic Arrays, Power Query & Business Financial Modeling"
644,Human Resources,Manager,0.3842,LOW,,,,"Managers, All Other",very_low,,N/A - Manager,N/A - Manager (use Department-level analysis)
645,Sales,Sales Representative,0.581,HIGH,,,,"Sales Representatives of Services, Except Advertising, Insurance, Financial Services, and Travel",medium,2.0,LOW,Continuous Professional Learning & Rapid Skill Acquisition Frameworks; Inbound Sales & CRM Pipeline Optimization with HubSpot Sales Hub
647,Research & Development,Laboratory Technician,0.7399,HIGH,,,,Medical and Clinical Laboratory Technicians,medium,2.0,LOW,"Scientific Methodology, Evidence-Based Rigor & Laboratory Standards Training; Google Workspace Collaboration: Document Co-Authoring & Cloud Governance"
648,Sales,Sales Representative,0.8998,HIGH,,,,"Sales Representatives of Services, Except Advertising, Insurance, Financial Services, and Travel",medium,5.0,MEDIUM,"Executive Presentation & Public Speaking Masterclass (Toastmasters / Internal Workshop); Continuous Professional Learning & Rapid Skill Acquisition Frameworks; macOS for Enterprise: Advanced Terminal, Security & Productivity Tooling"
649,Research & Development,Research Scientist,0.297,LOW,,,,Computer and Information Research Scientists,medium,0.0,LOW,None - No skill gaps identified
650,Sales,Sales Executive,0.5884,HIGH,,,,Sales Managers,low,4.0,MEDIUM,Executive Presentation & Public Speaking Masterclass (Toastmasters / Internal Workshop); Technical & Regulatory Documentation Analysis Workshop; Strategic Problem Solving & Root Cause Decision Analysis Seminar
652,Research & Development,Laboratory Technician,0.7794,HIGH,,,,Medical and Clinical Laboratory Technicians,medium,4.0,MEDIUM,"Technical & Regulatory Documentation Analysis Workshop; Executive Presentation & Public Speaking Masterclass (Toastmasters / Internal Workshop); Advanced Excel: Dynamic Arrays, Power Query & Business Financial Modeling"
653,Sales,Sales Executive,0.0556,LOW,,,,Sales Managers,low,2.0,LOW,"Empathetic Leadership & Active Listening for Cross-Functional Collaboration; Adobe Acrobat Pro: Digital Signatures, Forms & Secure Document Workflows"
655,Research & Development,Research Scientist,0.1055,LOW,,,,Computer and Information Research Scientists,medium,3.0,LOW,Empathetic Leadership & Active Listening for Cross-Functional Collaboration; Executive Presentation & Public Speaking Masterclass (Toastmasters / Internal Workshop); Continuous Professional Learning & Rapid Skill Acquisition Frameworks
656,Sales,Sales Executive,0.5409,HIGH,,,,Sales Managers,low,4.0,MEDIUM,Technical & Regulatory Documentation Analysis Workshop; Operational Process Auditing & KPI Performance Monitoring Protocols; Java & Multi-Language Software Development with Eclipse IDE & Git Plugins
657,Research & Development,Research Scientist,0.2561,LOW,,,,Computer and Information Research Scientists,medium,9.0,HIGH,Strategic Problem Solving & Root Cause Decision Analysis Seminar; Technical & Regulatory Documentation Analysis Workshop; Executive Presentation & Public Speaking Masterclass (Toastmasters / Internal Workshop)
659,Research & Development,Healthcare Representative,0.026,LOW,,,,"Sales Representatives of Services, Except Advertising, Insurance, Financial Services, and Travel",low,0.0,LOW,None - No skill gaps identified
661,Research & Development,Research Director,0.054,LOW,,,,Natural Sciences Managers,low,5.0,MEDIUM,Technical & Regulatory Documentation Analysis Workshop; Empathetic Leadership & Active Listening for Cross-Functional Collaboration; Strategic Problem Solving & Root Cause Decision Analysis Seminar
662,Research & Development,Research Scientist,0.2652,LOW,,,,Computer and Information Research Scientists,medium,6.0,MEDIUM,Strategic Problem Solving & Root Cause Decision Analysis Seminar; Technical & Regulatory Documentation Analysis Workshop; Continuous Professional Learning & Rapid Skill Acquisition Frameworks
663,Research & Development,Laboratory Technician,0.6295,HIGH,,,,Medical and Clinical Laboratory Technicians,medium,1.0,LOW,"Advanced Excel: Dynamic Arrays, Power Query & Business Financial Modeling"
664,Research & Development,Manager,0.2131,LOW,,,,"Managers, All Other",very_low,,N/A - Manager,N/A - Manager (use Department-level analysis)
665,Human Resources,Human Resources,0.5526,HIGH,,,,Human Resources Specialists,medium,8.0,HIGH,Executive Presentation & Public Speaking Masterclass (Toastmasters / Internal Workshop); Technical & Regulatory Documentation Analysis Workshop; Empathetic Leadership & Active Listening for Cross-Functional Collaboration
666,Sales,Sales Representative,0.5046,HIGH,,,,"Sales Representatives of Services, Except Advertising, Insurance, Financial Services, and Travel",medium,0.0,LOW,None - No skill gaps identified
667,Sales,Sales Representative,0.4131,HIGH,,,,"Sales Representatives of Services, Except Advertising, Insurance, Financial Services, and Travel",medium,3.0,LOW,"macOS for Enterprise: Advanced Terminal, Security & Productivity Tooling; Advanced Excel: Dynamic Arrays, Power Query & Business Financial Modeling; Enterprise Microsoft 365 Productivity & Workflow Automation Bootcamp"
669,Sales,Sales Representative,0.8545,HIGH,,,,"Sales Representatives of Services, Except Advertising, Insurance, Financial Services, and Travel",medium,7.0,HIGH,"Empathetic Leadership & Active Listening for Cross-Functional Collaboration; Business & Technical Writing: Structuring Executive Summaries & Proposals; macOS for Enterprise: Advanced Terminal, Security & Productivity Tooling"
671,Research & Development,Manager,0.0501,LOW,,,,"Managers, All Other",very_low,,N/A - Manager,N/A - Manager (use Department-level analysis)
675,Research & Development,Research Scientist,0.2192,LOW,,,,Computer and Information Research Scientists,medium,4.0,MEDIUM,Strategic Problem Solving & Root Cause Decision Analysis Seminar; Empathetic Leadership & Active Listening for Cross-Functional Collaboration; NoSQL Database Architecture with AWS DynamoDB: Modeling & Scalability
677,Sales,Sales Executive,0.1751,LOW,,,,Sales Managers,low,3.0,LOW,Strategic Problem Solving & Root Cause Decision Analysis Seminar; Operational Process Auditing & KPI Performance Monitoring Protocols; Java & Multi-Language Software Development with Eclipse IDE & Git Plugins
679,Research & Development,Research Scientist,0.3952,LOW,,,,Computer and Information Research Scientists,medium,5.0,MEDIUM,Strategic Problem Solving & Root Cause Decision Analysis Seminar; Empathetic Leadership & Active Listening for Cross-Functional Collaboration; Executive Presentation & Public Speaking Masterclass (Toastmasters / Internal Workshop)
680,Research & Development,Research Scientist,0.2323,LOW,,,,Computer and Information Research Scientists,medium,4.0,MEDIUM,Strategic Problem Solving & Root Cause Decision Analysis Seminar; Empathetic Leadership & Active Listening for Cross-Functional Collaboration; NoSQL Database Architecture with AWS DynamoDB: Modeling & Scalability
682,Sales,Sales Executive,0.2069,LOW,,,,Sales Managers,low,1.0,LOW,Java & Multi-Language Software Development with Eclipse IDE & Git Plugins
683,Research & Development,Research Scientist,0.0435,LOW,,,,Computer and Information Research Scientists,medium,0.0,LOW,None - No skill gaps identified
684,Sales,Sales Executive,0.7136,HIGH,,,,Sales Managers,low,6.0,MEDIUM,Empathetic Leadership & Active Listening for Cross-Functional Collaboration; Executive Presentation & Public Speaking Masterclass (Toastmasters / Internal Workshop); Strategic Problem Solving & Root Cause Decision Analysis Seminar
686,Research & Development,Laboratory Technician,0.5278,HIGH,,,,Medical and Clinical Laboratory Technicians,medium,6.0,MEDIUM,Strategic Problem Solving & Root Cause Decision Analysis Seminar; Executive Presentation & Public Speaking Masterclass (Toastmasters / Internal Workshop); Google Workspace Collaboration: Document Co-Authoring & Cloud Governance
689,Research & Development,Manufacturing Director,0.0622,LOW,,,,Industrial Production Managers,low,1.0,LOW,Strategic Problem Solving & Root Cause Decision Analysis Seminar
690,Sales,Sales Executive,0.2758,LOW,,,,Sales Managers,low,0.0,LOW,None - No skill gaps identified
691,Research & Development,Research Scientist,0.3826,LOW,,,,Computer and Information Research Scientists,medium,0.0,LOW,None - No skill gaps identified
692,Research & Development,Healthcare Representative,0.052,LOW,,,,"Sales Representatives of Services, Except Advertising, Insurance, Financial Services, and Travel",low,1.0,LOW,Advanced Statistical Inference & Predictive Modeling using IBM SPSS
698,Human Resources,Human Resources,0.382,LOW,,,,Human Resources Specialists,medium,2.0,LOW,Empathetic Leadership & Active Listening for Cross-Functional Collaboration; Commercial Image Retouching & Asset Production with Adobe Photoshop
699,Research & Development,Manufacturing Director,0.4919,HIGH,,,,Industrial Production Managers,low,2.0,LOW,"Adobe Acrobat Pro: Digital Signatures, Forms & Secure Document Workflows; AutoCAD Essentials: Mechanical/Architectural Drafting & Dimensioning Standards"
700,Research & Development,Research Scientist,0.3595,LOW,,,,Computer and Information Research Scientists,medium,5.0,MEDIUM,Empathetic Leadership & Active Listening for Cross-Functional Collaboration; Executive Presentation & Public Speaking Masterclass (Toastmasters / Internal Workshop); AWS Compute Architecture: Scalable EC2 Fleet Management & Auto-Scaling
701,Research & Development,Research Scientist,0.5552,HIGH,,,,Computer and Information Research Scientists,medium,3.0,LOW,"Executive Presentation & Public Speaking Masterclass (Toastmasters / Internal Workshop); Cloud Data Warehousing & High-Performance SQL Analytics with Amazon Redshift; AWS Solutions Architect: Core Cloud Services, IAM & Architecture Design"
702,Research & Development,Research Scientist,0.921,HIGH,,,,Computer and Information Research Scientists,medium,0.0,LOW,None - No skill gaps identified
704,Research & Development,Laboratory Technician,0.1744,LOW,,,,Medical and Clinical Laboratory Technicians,medium,4.0,MEDIUM,Strategic Problem Solving & Root Cause Decision Analysis Seminar; Executive Presentation & Public Speaking Masterclass (Toastmasters / Internal Workshop); MEDITECH EHR Clinical Data Management & Laboratory Information Systems Track
705,Research & Development,Research Scientist,0.2778,LOW,,,,Computer and Information Research Scientists,medium,3.0,LOW,"Strategic Problem Solving & Root Cause Decision Analysis Seminar; Executive Presentation & Public Speaking Masterclass (Toastmasters / Internal Workshop); AWS Solutions Architect: Core Cloud Services, IAM & Architecture Design"
707,Sales,Sales Executive,0.1289,LOW,,,,Sales Managers,low,5.0,MEDIUM,"Technical & Regulatory Documentation Analysis Workshop; Operational Process Auditing & KPI Performance Monitoring Protocols; Adobe Acrobat Pro: Digital Signatures, Forms & Secure Document Workflows"
709,Sales,Sales Executive,0.2366,LOW,,,,Sales Managers,low,4.0,MEDIUM,"Executive Presentation & Public Speaking Masterclass (Toastmasters / Internal Workshop); Technical & Regulatory Documentation Analysis Workshop; Adobe Acrobat Pro: Digital Signatures, Forms & Secure Document Workflows"
710,Research & Development,Research Scientist,0.043,LOW,,,,Computer and Information Research Scientists,medium,0.0,LOW,None - No skill gaps identified
712,Sales,Sales Executive,0.1502,LOW,,,,Sales Managers,low,3.0,LOW,Technical & Regulatory Documentation Analysis Workshop; Adobe Creative Cloud Bootcamp: Multi-App Visual Design & Asset Management; Bentley MicroStation CAD: 2D/3D Infrastructure Drafting & Asset Modeling
714,Sales,Sales Executive,0.1513,LOW,,,,Sales Managers,low,2.0,LOW,Executive Presentation & Public Speaking Masterclass (Toastmasters / Internal Workshop); Bentley MicroStation CAD: 2D/3D Infrastructure Drafting & Asset Modeling
715,Research & Development,Research Scientist,0.1215,LOW,,,,Computer and Information Research Scientists,medium,5.0,MEDIUM,Empathetic Leadership & Active Listening for Cross-Functional Collaboration; Continuous Professional Learning & Rapid Skill Acquisition Frameworks; NoSQL Database Architecture with AWS DynamoDB: Modeling & Scalability
716,Research & Development,Laboratory Technician,0.0902,LOW,,,,Medical and Clinical Laboratory Technicians,medium,0.0,LOW,None - No skill gaps identified
717,Research & Development,Healthcare Representative,0.1679,LOW,,,,"Sales Representatives of Services, Except Advertising, Insurance, Financial Services, and Travel",low,0.0,LOW,None - No skill gaps identified
720,Sales,Sales Executive,0.8934,HIGH,,,,Sales Managers,low,3.0,LOW,Empathetic Leadership & Active Listening for Cross-Functional Collaboration; Executive Presentation & Public Speaking Masterclass (Toastmasters / Internal Workshop); Technical & Regulatory Documentation Analysis Workshop
721,Research & Development,Healthcare Representative,0.2382,LOW,,,,"Sales Representatives of Services, Except Advertising, Insurance, Financial Services, and Travel",low,2.0,LOW,Empathetic Leadership & Active Listening for Cross-Functional Collaboration; Executive Presentation & Public Speaking Masterclass (Toastmasters / Internal Workshop)
722,Sales,Sales Executive,0.1219,LOW,,,,Sales Managers,low,3.0,LOW,Empathetic Leadership & Active Listening for Cross-Functional Collaboration; Bentley MicroStation CAD: 2D/3D Infrastructure Drafting & Asset Modeling; Java & Multi-Language Software Development with Eclipse IDE & Git Plugins
723,Sales,Sales Executive,0.7689,HIGH,,,,Sales Managers,low,2.0,LOW,"Executive Presentation & Public Speaking Masterclass (Toastmasters / Internal Workshop); B2B Social Media Marketing, Meta Business Suite & Targeted Outreach Campaigns"
724,Research & Development,Healthcare Representative,0.0236,LOW,,,,"Sales Representatives of Services, Except Advertising, Insurance, Financial Services, and Travel",low,0.0,LOW,None - No skill gaps identified
725,Research & Development,Manufacturing Director,0.081,LOW,,,,Industrial Production Managers,low,0.0,LOW,None - No skill gaps identified
727,Research & Development,Research Director,0.0209,LOW,,,,Natural Sciences Managers,low,0.0,LOW,None - No skill gaps identified
728,Sales,Sales Executive,0.1663,LOW,,,,Sales Managers,low,2.0,LOW,Operational Process Auditing & KPI Performance Monitoring Protocols; Adobe Creative Cloud Bootcamp: Multi-App Visual Design & Asset Management
729,Sales,Sales Executive,0.4844,HIGH,,,,Sales Managers,low,0.0,LOW,None - No skill gaps identified
730,Research & Development,Research Director,0.0032,LOW,,,,Natural Sciences Managers,low,5.0,MEDIUM,"Scientific Methodology, Evidence-Based Rigor & Laboratory Standards Training; Technical & Regulatory Documentation Analysis Workshop; Strategic Problem Solving & Root Cause Decision Analysis Seminar"
731,Human Resources,Manager,0.5905,HIGH,,,,"Managers, All Other",very_low,,N/A - Manager,N/A - Manager (use Department-level analysis)
732,Sales,Sales Executive,0.7708,HIGH,,,,Sales Managers,low,6.0,MEDIUM,Technical & Regulatory Documentation Analysis Workshop; Operational Process Auditing & KPI Performance Monitoring Protocols; Adobe Creative Cloud Bootcamp: Multi-App Visual Design & Asset Management
733,Research & Development,Manufacturing Director,0.1481,LOW,,,,Industrial Production Managers,low,0.0,LOW,None - No skill gaps identified
734,Human Resources,Manager,0.0866,LOW,,,,"Managers, All Other",very_low,,N/A - Manager,N/A - Manager (use Department-level analysis)
738,Sales,Sales Representative,0.5593,HIGH,,,,"Sales Representatives of Services, Except Advertising, Insurance, Financial Services, and Travel",medium,4.0,MEDIUM,"Business & Technical Writing: Structuring Executive Summaries & Proposals; macOS for Enterprise: Advanced Terminal, Security & Productivity Tooling; Advanced Statistical Inference & Predictive Modeling using IBM SPSS"
741,Research & Development,Research Scientist,0.8218,HIGH,,,,Computer and Information Research Scientists,medium,2.0,LOW,AWS Compute Architecture: Scalable EC2 Fleet Management & Auto-Scaling; AWS Infrastructure as Code: CloudFormation & CDK Automated Deployments
742,Research & Development,Research Director,0.0929,LOW,,,,Natural Sciences Managers,low,1.0,LOW,Technical & Regulatory Documentation Analysis Workshop
743,Research & Development,Manufacturing Director,0.4536,HIGH,,,,Industrial Production Managers,low,8.0,HIGH,Strategic Problem Solving & Root Cause Decision Analysis Seminar; Operational Process Auditing & KPI Performance Monitoring Protocols; Technical & Regulatory Documentation Analysis Workshop
744,Research & Development,Laboratory Technician,0.6161,HIGH,,,,Medical and Clinical Laboratory Technicians,medium,3.0,LOW,Technical & Regulatory Documentation Analysis Workshop; Google Workspace Collaboration: Document Co-Authoring & Cloud Governance; Enterprise Microsoft 365 Productivity & Workflow Automation Bootcamp
746,Sales,Sales Executive,0.7494,HIGH,,,,Sales Managers,low,0.0,LOW,None - No skill gaps identified
747,Sales,Sales Executive,0.5014,HIGH,,,,Sales Managers,low,1.0,LOW,"B2B Social Media Marketing, Meta Business Suite & Targeted Outreach Campaigns"
749,Sales,Sales Representative,0.5812,HIGH,,,,"Sales Representatives of Services, Except Advertising, Insurance, Financial Services, and Travel",medium,5.0,MEDIUM,Empathetic Leadership & Active Listening for Cross-Functional Collaboration; Technical & Regulatory Documentation Analysis Workshop; Business & Technical Writing: Structuring Executive Summaries & Proposals
752,Research & Development,Research Scientist,0.6118,HIGH,,,,Computer and Information Research Scientists,medium,7.0,HIGH,Technical & Regulatory Documentation Analysis Workshop; Empathetic Leadership & Active Listening for Cross-Functional Collaboration; Executive Presentation & Public Speaking Masterclass (Toastmasters / Internal Workshop)
754,Sales,Sales Executive,0.211,LOW,,,,Sales Managers,low,2.0,LOW,Empathetic Leadership & Active Listening for Cross-Functional Collaboration; Strategic Problem Solving & Root Cause Decision Analysis Seminar
757,Research & Development,Healthcare Representative,0.2277,LOW,,,,"Sales Representatives of Services, Except Advertising, Insurance, Financial Services, and Travel",low,2.0,LOW,"Executive Presentation & Public Speaking Masterclass (Toastmasters / Internal Workshop); macOS for Enterprise: Advanced Terminal, Security & Productivity Tooling"
758,Research & Development,Laboratory Technician,0.4788,HIGH,,,,Medical and Clinical Laboratory Technicians,medium,4.0,MEDIUM,"Technical & Regulatory Documentation Analysis Workshop; Empathetic Leadership & Active Listening for Cross-Functional Collaboration; Scientific Methodology, Evidence-Based Rigor & Laboratory Standards Training"
760,Human Resources,Human Resources,0.5512,HIGH,,,,Human Resources Specialists,medium,1.0,LOW,Strategic Problem Solving & Root Cause Decision Analysis Seminar
762,Research & Development,Healthcare Representative,0.0881,LOW,,,,"Sales Representatives of Services, Except Advertising, Insurance, Financial Services, and Travel",low,0.0,LOW,None - No skill gaps identified
763,Research & Development,Research Scientist,0.2832,LOW,,,,Computer and Information Research Scientists,medium,2.0,LOW,Empathetic Leadership & Active Listening for Cross-Functional Collaboration; AWS Compute Architecture: Scalable EC2 Fleet Management & Auto-Scaling
764,Research & Development,Healthcare Representative,0.5084,HIGH,,,,"Sales Representatives of Services, Except Advertising, Insurance, Financial Services, and Travel",low,2.0,LOW,"Advanced Excel: Dynamic Arrays, Power Query & Business Financial Modeling; Enterprise Microsoft 365 Productivity & Workflow Automation Bootcamp"
766,Sales,Sales Representative,0.2727,LOW,,,,"Sales Representatives of Services, Except Advertising, Insurance, Financial Services, and Travel",medium,6.0,MEDIUM,Empathetic Leadership & Active Listening for Cross-Functional Collaboration; Executive Presentation & Public Speaking Masterclass (Toastmasters / Internal Workshop); Technical & Regulatory Documentation Analysis Workshop
769,Research & Development,Laboratory Technician,0.0767,LOW,,,,Medical and Clinical Laboratory Technicians,medium,4.0,MEDIUM,"Empathetic Leadership & Active Listening for Cross-Functional Collaboration; Scientific Methodology, Evidence-Based Rigor & Laboratory Standards Training; Google Workspace Collaboration: Document Co-Authoring & Cloud Governance"
771,Research & Development,Healthcare Representative,0.0167,LOW,,,,"Sales Representatives of Services, Except Advertising, Insurance, Financial Services, and Travel",low,6.0,MEDIUM,Empathetic Leadership & Active Listening for Cross-Functional Collaboration; Executive Presentation & Public Speaking Masterclass (Toastmasters / Internal Workshop); Continuous Professional Learning & Rapid Skill Acquisition Frameworks
772,Research & Development,Laboratory Technician,0.5213,HIGH,,,,Medical and Clinical Laboratory Technicians,medium,0.0,LOW,None - No skill gaps identified
773,Research & Development,Research Scientist,0.7737,HIGH,,,,Computer and Information Research Scientists,medium,5.0,MEDIUM,Empathetic Leadership & Active Listening for Cross-Functional Collaboration; Executive Presentation & Public Speaking Masterclass (Toastmasters / Internal Workshop); Continuous Professional Learning & Rapid Skill Acquisition Frameworks
775,Research & Development,Manufacturing Director,0.2358,LOW,,,,Industrial Production Managers,low,4.0,MEDIUM,"Strategic Problem Solving & Root Cause Decision Analysis Seminar; Technical & Regulatory Documentation Analysis Workshop; Adobe Acrobat Pro: Digital Signatures, Forms & Secure Document Workflows"
776,Sales,Manager,0.0382,LOW,,,,"Managers, All Other",very_low,,N/A - Manager,N/A - Manager (use Department-level analysis)
780,Research & Development,Research Scientist,0.2172,LOW,,,,Computer and Information Research Scientists,medium,1.0,LOW,"AWS Solutions Architect: Core Cloud Services, IAM & Architecture Design"
781,Sales,Sales Executive,0.3722,LOW,,,,Sales Managers,low,3.0,LOW,"Strategic Problem Solving & Root Cause Decision Analysis Seminar; Adobe Acrobat Pro: Digital Signatures, Forms & Secure Document Workflows; Java & Multi-Language Software Development with Eclipse IDE & Git Plugins"
783,Sales,Sales Representative,0.8667,HIGH,,,,"Sales Representatives of Services, Except Advertising, Insurance, Financial Services, and Travel",medium,1.0,LOW,Business & Technical Writing: Structuring Executive Summaries & Proposals
784,Research & Development,Research Scientist,0.2853,LOW,,,,Computer and Information Research Scientists,medium,6.0,MEDIUM,Technical & Regulatory Documentation Analysis Workshop; Empathetic Leadership & Active Listening for Cross-Functional Collaboration; Executive Presentation & Public Speaking Masterclass (Toastmasters / Internal Workshop)
785,Sales,Sales Executive,0.8694,HIGH,,,,Sales Managers,low,3.0,LOW,Empathetic Leadership & Active Listening for Cross-Functional Collaboration; Strategic Problem Solving & Root Cause Decision Analysis Seminar; Bentley MicroStation CAD: 2D/3D Infrastructure Drafting & Asset Modeling
786,Sales,Sales Executive,0.0651,LOW,,,,Sales Managers,low,1.0,LOW,Bentley MicroStation CAD: 2D/3D Infrastructure Drafting & Asset Modeling
787,Research & Development,Manager,0.2118,LOW,,,,"Managers, All Other",very_low,,N/A - Manager,N/A - Manager (use Department-level analysis)
789,Sales,Sales Executive,0.3189,LOW,,,,Sales Managers,low,0.0,LOW,None - No skill gaps identified
791,Research & Development,Research Scientist,0.0192,LOW,,,,Computer and Information Research Scientists,medium,5.0,MEDIUM,Strategic Problem Solving & Root Cause Decision Analysis Seminar; Executive Presentation & Public Speaking Masterclass (Toastmasters / Internal Workshop); Continuous Professional Learning & Rapid Skill Acquisition Frameworks
792,Research & Development,Laboratory Technician,0.7723,HIGH,,,,Medical and Clinical Laboratory Technicians,medium,5.0,MEDIUM,"Empathetic Leadership & Active Listening for Cross-Functional Collaboration; Strategic Problem Solving & Root Cause Decision Analysis Seminar; Scientific Methodology, Evidence-Based Rigor & Laboratory Standards Training"
793,Research & Development,Healthcare Representative,0.4489,HIGH,,,,"Sales Representatives of Services, Except Advertising, Insurance, Financial Services, and Travel",low,2.0,LOW,"Continuous Professional Learning & Rapid Skill Acquisition Frameworks; Advanced Excel: Dynamic Arrays, Power Query & Business Financial Modeling"
796,Sales,Sales Executive,0.8626,HIGH,,,,Sales Managers,low,2.0,LOW,Strategic Problem Solving & Root Cause Decision Analysis Seminar; Java & Multi-Language Software Development with Eclipse IDE & Git Plugins
797,Research & Development,Research Scientist,0.0835,LOW,,,,Computer and Information Research Scientists,medium,5.0,MEDIUM,Strategic Problem Solving & Root Cause Decision Analysis Seminar; Executive Presentation & Public Speaking Masterclass (Toastmasters / Internal Workshop); NoSQL Database Architecture with AWS DynamoDB: Modeling & Scalability
799,Research & Development,Manufacturing Director,0.5312,HIGH,,,,Industrial Production Managers,low,1.0,LOW,Empathetic Leadership & Active Listening for Cross-Functional Collaboration
800,Sales,Sales Executive,0.3393,LOW,,,,Sales Managers,low,5.0,MEDIUM,Empathetic Leadership & Active Listening for Cross-Functional Collaboration; Technical & Regulatory Documentation Analysis Workshop; Strategic Problem Solving & Root Cause Decision Analysis Seminar
802,Research & Development,Research Scientist,0.3163,LOW,,,,Computer and Information Research Scientists,medium,3.0,LOW,Empathetic Leadership & Active Listening for Cross-Functional Collaboration; Executive Presentation & Public Speaking Masterclass (Toastmasters / Internal Workshop); Cloud Data Warehousing & High-Performance SQL Analytics with Amazon Redshift
803,Research & Development,Manufacturing Director,0.7027,HIGH,,,,Industrial Production Managers,low,1.0,LOW,Technical & Regulatory Documentation Analysis Workshop
804,Research & Development,Research Scientist,0.2952,LOW,,,,Computer and Information Research Scientists,medium,3.0,LOW,Continuous Professional Learning & Rapid Skill Acquisition Frameworks; NoSQL Database Architecture with AWS DynamoDB: Modeling & Scalability; AWS Infrastructure as Code: CloudFormation & CDK Automated Deployments
805,Sales,Sales Representative,0.6011,HIGH,,,,"Sales Representatives of Services, Except Advertising, Insurance, Financial Services, and Travel",medium,5.0,MEDIUM,Empathetic Leadership & Active Listening for Cross-Functional Collaboration; Executive Presentation & Public Speaking Masterclass (Toastmasters / Internal Workshop); Continuous Professional Learning & Rapid Skill Acquisition Frameworks
806,Research & Development,Laboratory Technician,0.3039,LOW,,,,Medical and Clinical Laboratory Technicians,medium,6.0,MEDIUM,Technical & Regulatory Documentation Analysis Workshop; Empathetic Leadership & Active Listening for Cross-Functional Collaboration; Executive Presentation & Public Speaking Masterclass (Toastmasters / Internal Workshop)
807,Research & Development,Healthcare Representative,0.0329,LOW,,,,"Sales Representatives of Services, Except Advertising, Insurance, Financial Services, and Travel",low,1.0,LOW,"macOS for Enterprise: Advanced Terminal, Security & Productivity Tooling"
808,Sales,Sales Executive,0.3972,LOW,,,,Sales Managers,low,4.0,MEDIUM,"Strategic Problem Solving & Root Cause Decision Analysis Seminar; Adobe Acrobat Pro: Digital Signatures, Forms & Secure Document Workflows; Adobe Creative Cloud Bootcamp: Multi-App Visual Design & Asset Management"
809,Research & Development,Manager,0.4225,HIGH,,,,"Managers, All Other",very_low,,N/A - Manager,N/A - Manager (use Department-level analysis)
811,Research & Development,Laboratory Technician,0.7918,HIGH,,,,Medical and Clinical Laboratory Technicians,medium,7.0,HIGH,"Empathetic Leadership & Active Listening for Cross-Functional Collaboration; Scientific Methodology, Evidence-Based Rigor & Laboratory Standards Training; Google Workspace Collaboration: Document Co-Authoring & Cloud Governance"
812,Research & Development,Laboratory Technician,0.217,LOW,,,,Medical and Clinical Laboratory Technicians,medium,5.0,MEDIUM,Empathetic Leadership & Active Listening for Cross-Functional Collaboration; Strategic Problem Solving & Root Cause Decision Analysis Seminar; Executive Presentation & Public Speaking Masterclass (Toastmasters / Internal Workshop)
813,Research & Development,Laboratory Technician,0.2552,LOW,,,,Medical and Clinical Laboratory Technicians,medium,4.0,MEDIUM,Empathetic Leadership & Active Listening for Cross-Functional Collaboration; Strategic Problem Solving & Root Cause Decision Analysis Seminar; Google Workspace Collaboration: Document Co-Authoring & Cloud Governance
815,Research & Development,Research Director,0.0055,LOW,,,,Natural Sciences Managers,low,2.0,LOW,"Scientific Methodology, Evidence-Based Rigor & Laboratory Standards Training; Empathetic Leadership & Active Listening for Cross-Functional Collaboration"
816,Research & Development,Laboratory Technician,0.9141,HIGH,,,,Medical and Clinical Laboratory Technicians,medium,7.0,HIGH,"Strategic Problem Solving & Root Cause Decision Analysis Seminar; Executive Presentation & Public Speaking Masterclass (Toastmasters / Internal Workshop); Scientific Methodology, Evidence-Based Rigor & Laboratory Standards Training"
817,Research & Development,Research Director,0.0156,LOW,,,,Natural Sciences Managers,low,0.0,LOW,None - No skill gaps identified
819,Sales,Sales Executive,0.8964,HIGH,,,,Sales Managers,low,2.0,LOW,Strategic Problem Solving & Root Cause Decision Analysis Seminar; Bentley MicroStation CAD: 2D/3D Infrastructure Drafting & Asset Modeling
820,Research & Development,Manager,0.0743,LOW,,,,"Managers, All Other",very_low,,N/A - Manager,N/A - Manager (use Department-level analysis)
823,Research & Development,Manufacturing Director,0.0274,LOW,,,,Industrial Production Managers,low,2.0,LOW,Commercial Image Retouching & Asset Production with Adobe Photoshop; AutoCAD Essentials: Mechanical/Architectural Drafting & Dimensioning Standards
824,Research & Development,Research Scientist,0.0195,LOW,,,,Computer and Information Research Scientists,medium,0.0,LOW,None - No skill gaps identified
825,Research & Development,Research Director,0.2855,LOW,,,,Natural Sciences Managers,low,0.0,LOW,None - No skill gaps identified
826,Research & Development,Research Scientist,0.076,LOW,,,,Computer and Information Research Scientists,medium,8.0,HIGH,Strategic Problem Solving & Root Cause Decision Analysis Seminar; Empathetic Leadership & Active Listening for Cross-Functional Collaboration; Executive Presentation & Public Speaking Masterclass (Toastmasters / Internal Workshop)
827,Research & Development,Manufacturing Director,0.2747,LOW,,,,Industrial Production Managers,low,2.0,LOW,"Executive Presentation & Public Speaking Masterclass (Toastmasters / Internal Workshop); Corporate Layout Design, Multi-Page Publishing & Pitch Decks with InDesign"
828,Research & Development,Research Scientist,0.3168,LOW,,,,Computer and Information Research Scientists,medium,0.0,LOW,None - No skill gaps identified
829,Human Resources,Human Resources,0.4445,HIGH,,,,Human Resources Specialists,medium,6.0,MEDIUM,Technical & Regulatory Documentation Analysis Workshop; Empathetic Leadership & Active Listening for Cross-Functional Collaboration; Business & Technical Writing: Structuring Executive Summaries & Proposals
830,Research & Development,Manufacturing Director,0.0385,LOW,,,,Industrial Production Managers,low,0.0,LOW,None - No skill gaps identified
832,Research & Development,Laboratory Technician,0.917,HIGH,,,,Medical and Clinical Laboratory Technicians,medium,3.0,LOW,"Strategic Problem Solving & Root Cause Decision Analysis Seminar; Executive Presentation & Public Speaking Masterclass (Toastmasters / Internal Workshop); Advanced Excel: Dynamic Arrays, Power Query & Business Financial Modeling"
833,Research & Development,Manufacturing Director,0.4651,HIGH,,,,Industrial Production Managers,low,4.0,MEDIUM,Executive Presentation & Public Speaking Masterclass (Toastmasters / Internal Workshop); Operational Process Auditing & KPI Performance Monitoring Protocols; Technical & Regulatory Documentation Analysis Workshop
834,Research & Development,Research Scientist,0.2577,LOW,,,,Computer and Information Research Scientists,medium,6.0,MEDIUM,Empathetic Leadership & Active Listening for Cross-Functional Collaboration; Executive Presentation & Public Speaking Masterclass (Toastmasters / Internal Workshop); Continuous Professional Learning & Rapid Skill Acquisition Frameworks
836,Research & Development,Manufacturing Director,0.2179,LOW,,,,Industrial Production Managers,low,3.0,LOW,Executive Presentation & Public Speaking Masterclass (Toastmasters / Internal Workshop); Empathetic Leadership & Active Listening for Cross-Functional Collaboration; AutoCAD Essentials: Mechanical/Architectural Drafting & Dimensioning Standards
837,Research & Development,Healthcare Representative,0.5036,HIGH,,,,"Sales Representatives of Services, Except Advertising, Insurance, Financial Services, and Travel",low,5.0,MEDIUM,Empathetic Leadership & Active Listening for Cross-Functional Collaboration; Technical & Regulatory Documentation Analysis Workshop; Inbound Sales & CRM Pipeline Optimization with HubSpot Sales Hub
838,Research & Development,Research Scientist,0.2561,LOW,,,,Computer and Information Research Scientists,medium,3.0,LOW,Empathetic Leadership & Active Listening for Cross-Functional Collaboration; Executive Presentation & Public Speaking Masterclass (Toastmasters / Internal Workshop); AWS Infrastructure as Code: CloudFormation & CDK Automated Deployments
840,Sales,Sales Executive,0.0763,LOW,,,,Sales Managers,low,1.0,LOW,Strategic Problem Solving & Root Cause Decision Analysis Seminar
842,Sales,Sales Executive,0.3403,LOW,,,,Sales Managers,low,0.0,LOW,None - No skill gaps identified
843,Research & Development,Research Director,0.0869,LOW,,,,Natural Sciences Managers,low,4.0,MEDIUM,"Technical & Regulatory Documentation Analysis Workshop; Empathetic Leadership & Active Listening for Cross-Functional Collaboration; Adobe Acrobat Pro: Digital Signatures, Forms & Secure Document Workflows"
844,Research & Development,Research Director,0.1031,LOW,,,,Natural Sciences Managers,low,1.0,LOW,Technical & Regulatory Documentation Analysis Workshop
845,Research & Development,Manufacturing Director,0.0519,LOW,,,,Industrial Production Managers,low,0.0,LOW,None - No skill gaps identified
846,Sales,Sales Executive,0.8469,HIGH,,,,Sales Managers,low,1.0,LOW,Executive Presentation & Public Speaking Masterclass (Toastmasters / Internal Workshop)
847,Human Resources,Human Resources,0.1868,LOW,,,,Human Resources Specialists,medium,6.0,MEDIUM,Executive Presentation & Public Speaking Masterclass (Toastmasters / Internal Workshop); Technical & Regulatory Documentation Analysis Workshop; Adobe Creative Cloud Bootcamp: Multi-App Visual Design & Asset Management
848,Research & Development,Research Scientist,0.4298,HIGH,,,,Computer and Information Research Scientists,medium,2.0,LOW,Empathetic Leadership & Active Listening for Cross-Functional Collaboration; Cloud Data Warehousing & High-Performance SQL Analytics with Amazon Redshift
850,Research & Development,Research Scientist,0.0425,LOW,,,,Computer and Information Research Scientists,medium,4.0,MEDIUM,Strategic Problem Solving & Root Cause Decision Analysis Seminar; Empathetic Leadership & Active Listening for Cross-Functional Collaboration; Continuous Professional Learning & Rapid Skill Acquisition Frameworks
851,Sales,Manager,0.0735,LOW,,,,"Managers, All Other",very_low,,N/A - Manager,N/A - Manager (use Department-level analysis)
852,Research & Development,Healthcare Representative,0.3963,LOW,,,,"Sales Representatives of Services, Except Advertising, Insurance, Financial Services, and Travel",low,3.0,LOW,"Technical & Regulatory Documentation Analysis Workshop; macOS for Enterprise: Advanced Terminal, Security & Productivity Tooling; Advanced Statistical Inference & Predictive Modeling using IBM SPSS"
854,Research & Development,Research Scientist,0.7776,HIGH,,,,Computer and Information Research Scientists,medium,3.0,LOW,Empathetic Leadership & Active Listening for Cross-Functional Collaboration; Continuous Professional Learning & Rapid Skill Acquisition Frameworks; AWS Infrastructure as Code: CloudFormation & CDK Automated Deployments
855,Sales,Sales Executive,0.122,LOW,,,,Sales Managers,low,0.0,LOW,None - No skill gaps identified
856,Research & Development,Research Scientist,0.4701,HIGH,,,,Computer and Information Research Scientists,medium,2.0,LOW,Technical & Regulatory Documentation Analysis Workshop; Executive Presentation & Public Speaking Masterclass (Toastmasters / Internal Workshop)
857,Sales,Sales Executive,0.1353,LOW,,,,Sales Managers,low,0.0,LOW,None - No skill gaps identified
859,Sales,Sales Executive,0.339,LOW,,,,Sales Managers,low,1.0,LOW,Empathetic Leadership & Active Listening for Cross-Functional Collaboration
861,Research & Development,Research Scientist,0.4376,HIGH,,,,Computer and Information Research Scientists,medium,5.0,MEDIUM,Strategic Problem Solving & Root Cause Decision Analysis Seminar; Empathetic Leadership & Active Listening for Cross-Functional Collaboration; Executive Presentation & Public Speaking Masterclass (Toastmasters / Internal Workshop)
862,Sales,Sales Executive,0.2184,LOW,,,,Sales Managers,low,3.0,LOW,Executive Presentation & Public Speaking Masterclass (Toastmasters / Internal Workshop); Strategic Problem Solving & Root Cause Decision Analysis Seminar; Operational Process Auditing & KPI Performance Monitoring Protocols
864,Sales,Sales Executive,0.521,HIGH,,,,Sales Managers,low,6.0,MEDIUM,Empathetic Leadership & Active Listening for Cross-Functional Collaboration; Executive Presentation & Public Speaking Masterclass (Toastmasters / Internal Workshop); Technical & Regulatory Documentation Analysis Workshop
865,Research & Development,Research Scientist,0.1478,LOW,,,,Computer and Information Research Scientists,medium,3.0,LOW,Technical & Regulatory Documentation Analysis Workshop; Executive Presentation & Public Speaking Masterclass (Toastmasters / Internal Workshop); AWS Infrastructure as Code: CloudFormation & CDK Automated Deployments
867,Research & Development,Manufacturing Director,0.0757,LOW,,,,Industrial Production Managers,low,2.0,LOW,"Adobe Acrobat Pro: Digital Signatures, Forms & Secure Document Workflows; Commercial Image Retouching & Asset Production with Adobe Photoshop"
868,Sales,Sales Executive,0.2378,LOW,,,,Sales Managers,low,7.0,HIGH,Executive Presentation & Public Speaking Masterclass (Toastmasters / Internal Workshop); Technical & Regulatory Documentation Analysis Workshop; Strategic Problem Solving & Root Cause Decision Analysis Seminar
869,Human Resources,Human Resources,0.0855,LOW,,,,Human Resources Specialists,medium,1.0,LOW,"Vector Graphics, Infographics & Brand Asset Design in Adobe Illustrator"
872,Research & Development,Manufacturing Director,0.297,LOW,,,,Industrial Production Managers,low,4.0,MEDIUM,"Executive Presentation & Public Speaking Masterclass (Toastmasters / Internal Workshop); Operational Process Auditing & KPI Performance Monitoring Protocols; Corporate Layout Design, Multi-Page Publishing & Pitch Decks with InDesign"
874,Research & Development,Laboratory Technician,0.5322,HIGH,,,,Medical and Clinical Laboratory Technicians,medium,4.0,MEDIUM,Technical & Regulatory Documentation Analysis Workshop; Strategic Problem Solving & Root Cause Decision Analysis Seminar; Executive Presentation & Public Speaking Masterclass (Toastmasters / Internal Workshop)
875,Research & Development,Research Scientist,0.6518,HIGH,,,,Computer and Information Research Scientists,medium,7.0,HIGH,Strategic Problem Solving & Root Cause Decision Analysis Seminar; Empathetic Leadership & Active Listening for Cross-Functional Collaboration; Continuous Professional Learning & Rapid Skill Acquisition Frameworks
878,Human Resources,Human Resources,0.3825,LOW,,,,Human Resources Specialists,medium,2.0,LOW,"Strategic Problem Solving & Root Cause Decision Analysis Seminar; Vector Graphics, Infographics & Brand Asset Design in Adobe Illustrator"
879,Sales,Sales Executive,0.5603,HIGH,,,,Sales Managers,low,4.0,MEDIUM,Executive Presentation & Public Speaking Masterclass (Toastmasters / Internal Workshop); Technical & Regulatory Documentation Analysis Workshop; Strategic Problem Solving & Root Cause Decision Analysis Seminar
880,Research & Development,Manufacturing Director,0.0983,LOW,,,,Industrial Production Managers,low,0.0,LOW,None - No skill gaps identified
881,Research & Development,Research Scientist,0.6583,HIGH,,,,Computer and Information Research Scientists,medium,0.0,LOW,None - No skill gaps identified
882,Research & Development,Laboratory Technician,0.0705,LOW,,,,Medical and Clinical Laboratory Technicians,medium,5.0,MEDIUM,Empathetic Leadership & Active Listening for Cross-Functional Collaboration; Executive Presentation & Public Speaking Masterclass (Toastmasters / Internal Workshop); MEDITECH EHR Clinical Data Management & Laboratory Information Systems Track
885,Sales,Sales Executive,0.6743,HIGH,,,,Sales Managers,low,3.0,LOW,Empathetic Leadership & Active Listening for Cross-Functional Collaboration; Adobe Creative Cloud Bootcamp: Multi-App Visual Design & Asset Management; Java & Multi-Language Software Development with Eclipse IDE & Git Plugins
887,Research & Development,Research Scientist,0.1012,LOW,,,,Computer and Information Research Scientists,medium,3.0,LOW,Strategic Problem Solving & Root Cause Decision Analysis Seminar; NoSQL Database Architecture with AWS DynamoDB: Modeling & Scalability; Cloud Data Warehousing & High-Performance SQL Analytics with Amazon Redshift
888,Research & Development,Laboratory Technician,0.2143,LOW,,,,Medical and Clinical Laboratory Technicians,medium,4.0,MEDIUM,Empathetic Leadership & Active Listening for Cross-Functional Collaboration; Strategic Problem Solving & Root Cause Decision Analysis Seminar; MEDITECH EHR Clinical Data Management & Laboratory Information Systems Track
889,Sales,Sales Executive,0.452,HIGH,,,,Sales Managers,low,1.0,LOW,Executive Presentation & Public Speaking Masterclass (Toastmasters / Internal Workshop)
893,Sales,Sales Representative,0.5529,HIGH,,,,"Sales Representatives of Services, Except Advertising, Insurance, Financial Services, and Travel",medium,3.0,LOW,"Business & Technical Writing: Structuring Executive Summaries & Proposals; macOS for Enterprise: Advanced Terminal, Security & Productivity Tooling; Inbound Sales & CRM Pipeline Optimization with HubSpot Sales Hub"
894,Research & Development,Laboratory Technician,0.3003,LOW,,,,Medical and Clinical Laboratory Technicians,medium,4.0,MEDIUM,"Executive Presentation & Public Speaking Masterclass (Toastmasters / Internal Workshop); Scientific Methodology, Evidence-Based Rigor & Laboratory Standards Training; Enterprise Microsoft 365 Productivity & Workflow Automation Bootcamp"
895,Research & Development,Research Scientist,0.1973,LOW,,,,Computer and Information Research Scientists,medium,3.0,LOW,"Empathetic Leadership & Active Listening for Cross-Functional Collaboration; AWS Infrastructure as Code: CloudFormation & CDK Automated Deployments; AWS Solutions Architect: Core Cloud Services, IAM & Architecture Design"
896,Sales,Sales Representative,0.8075,HIGH,,,,"Sales Representatives of Services, Except Advertising, Insurance, Financial Services, and Travel",medium,6.0,MEDIUM,"Executive Presentation & Public Speaking Masterclass (Toastmasters / Internal Workshop); Business & Technical Writing: Structuring Executive Summaries & Proposals; macOS for Enterprise: Advanced Terminal, Security & Productivity Tooling"
897,Sales,Sales Executive,0.1327,LOW,,,,Sales Managers,low,5.0,MEDIUM,Empathetic Leadership & Active Listening for Cross-Functional Collaboration; Technical & Regulatory Documentation Analysis Workshop; Strategic Problem Solving & Root Cause Decision Analysis Seminar
899,Research & Development,Manufacturing Director,0.379,LOW,,,,Industrial Production Managers,low,1.0,LOW,Operational Process Auditing & KPI Performance Monitoring Protocols
900,Sales,Sales Representative,0.5793,HIGH,,,,"Sales Representatives of Services, Except Advertising, Insurance, Financial Services, and Travel",medium,1.0,LOW,Advanced Statistical Inference & Predictive Modeling using IBM SPSS
901,Research & Development,Research Director,0.0138,LOW,,,,Natural Sciences Managers,low,1.0,LOW,"Adobe Acrobat Pro: Digital Signatures, Forms & Secure Document Workflows"
902,Research & Development,Healthcare Representative,0.1296,LOW,,,,"Sales Representatives of Services, Except Advertising, Insurance, Financial Services, and Travel",low,4.0,MEDIUM,Empathetic Leadership & Active Listening for Cross-Functional Collaboration; Executive Presentation & Public Speaking Masterclass (Toastmasters / Internal Workshop); Technical & Regulatory Documentation Analysis Workshop
903,Sales,Sales Executive,0.4387,HIGH,,,,Sales Managers,low,3.0,LOW,Executive Presentation & Public Speaking Masterclass (Toastmasters / Internal Workshop); Technical & Regulatory Documentation Analysis Workshop; Adobe Creative Cloud Bootcamp: Multi-App Visual Design & Asset Management
904,Sales,Sales Executive,0.6668,HIGH,,,,Sales Managers,low,0.0,LOW,None - No skill gaps identified
905,Research & Development,Manager,0.0793,LOW,,,,"Managers, All Other",very_low,,N/A - Manager,N/A - Manager (use Department-level analysis)
909,Human Resources,Human Resources,0.1034,LOW,,,,Human Resources Specialists,medium,4.0,MEDIUM,"Strategic Problem Solving & Root Cause Decision Analysis Seminar; Adobe Acrobat Pro: Digital Signatures, Forms & Secure Document Workflows; Corporate Layout Design, Multi-Page Publishing & Pitch Decks with InDesign"
910,Human Resources,Human Resources,0.394,LOW,,,,Human Resources Specialists,medium,4.0,MEDIUM,"Technical & Regulatory Documentation Analysis Workshop; Strategic Problem Solving & Root Cause Decision Analysis Seminar; Corporate Layout Design, Multi-Page Publishing & Pitch Decks with InDesign"
911,Research & Development,Laboratory Technician,0.9736,HIGH,,,,Medical and Clinical Laboratory Technicians,medium,4.0,MEDIUM,Strategic Problem Solving & Root Cause Decision Analysis Seminar; Executive Presentation & Public Speaking Masterclass (Toastmasters / Internal Workshop); Google Workspace Collaboration: Document Co-Authoring & Cloud Governance
912,Research & Development,Laboratory Technician,0.2259,LOW,,,,Medical and Clinical Laboratory Technicians,medium,1.0,LOW,Technical & Regulatory Documentation Analysis Workshop
913,Research & Development,Research Scientist,0.7314,HIGH,,,,Computer and Information Research Scientists,medium,3.0,LOW,Technical & Regulatory Documentation Analysis Workshop; AWS Compute Architecture: Scalable EC2 Fleet Management & Auto-Scaling; AWS Infrastructure as Code: CloudFormation & CDK Automated Deployments
916,Sales,Sales Executive,0.5287,HIGH,,,,Sales Managers,low,4.0,MEDIUM,"Executive Presentation & Public Speaking Masterclass (Toastmasters / Internal Workshop); Adobe Acrobat Pro: Digital Signatures, Forms & Secure Document Workflows; Bentley MicroStation CAD: 2D/3D Infrastructure Drafting & Asset Modeling"
918,Research & Development,Laboratory Technician,0.8343,HIGH,,,,Medical and Clinical Laboratory Technicians,medium,3.0,LOW,"Empathetic Leadership & Active Listening for Cross-Functional Collaboration; Executive Presentation & Public Speaking Masterclass (Toastmasters / Internal Workshop); Time Management, Calendar Optimization & Executive Email Triage in Outlook"
920,Research & Development,Manufacturing Director,0.274,LOW,,,,Industrial Production Managers,low,7.0,HIGH,Strategic Problem Solving & Root Cause Decision Analysis Seminar; Operational Process Auditing & KPI Performance Monitoring Protocols; Technical & Regulatory Documentation Analysis Workshop
922,Sales,Sales Representative,0.7493,HIGH,,,,"Sales Representatives of Services, Except Advertising, Insurance, Financial Services, and Travel",medium,3.0,LOW,"Business & Technical Writing: Structuring Executive Summaries & Proposals; Continuous Professional Learning & Rapid Skill Acquisition Frameworks; macOS for Enterprise: Advanced Terminal, Security & Productivity Tooling"
923,Research & Development,Research Scientist,0.1554,LOW,,,,Computer and Information Research Scientists,medium,5.0,MEDIUM,Technical & Regulatory Documentation Analysis Workshop; Empathetic Leadership & Active Listening for Cross-Functional Collaboration; Cloud Data Warehousing & High-Performance SQL Analytics with Amazon Redshift
924,Research & Development,Healthcare Representative,0.0858,LOW,,,,"Sales Representatives of Services, Except Advertising, Insurance, Financial Services, and Travel",low,0.0,LOW,None - No skill gaps identified
925,Sales,Sales Representative,0.6813,HIGH,,,,"Sales Representatives of Services, Except Advertising, Insurance, Financial Services, and Travel",medium,3.0,LOW,Inbound Sales & CRM Pipeline Optimization with HubSpot Sales Hub; Advanced Statistical Inference & Predictive Modeling using IBM SPSS; Enterprise Microsoft 365 Productivity & Workflow Automation Bootcamp
926,Research & Development,Manufacturing Director,0.3847,LOW,,,,Industrial Production Managers,low,1.0,LOW,"Corporate Layout Design, Multi-Page Publishing & Pitch Decks with InDesign"
927,Research & Development,Laboratory Technician,0.7196,HIGH,,,,Medical and Clinical Laboratory Technicians,medium,1.0,LOW,Executive Presentation & Public Speaking Masterclass (Toastmasters / Internal Workshop)
930,Research & Development,Research Scientist,0.1061,LOW,,,,Computer and Information Research Scientists,medium,4.0,MEDIUM,Strategic Problem Solving & Root Cause Decision Analysis Seminar; Executive Presentation & Public Speaking Masterclass (Toastmasters / Internal Workshop); NoSQL Database Architecture with AWS DynamoDB: Modeling & Scalability
932,Research & Development,Laboratory Technician,0.8771,HIGH,,,,Medical and Clinical Laboratory Technicians,medium,6.0,MEDIUM,Technical & Regulatory Documentation Analysis Workshop; Empathetic Leadership & Active Listening for Cross-Functional Collaboration; Strategic Problem Solving & Root Cause Decision Analysis Seminar
933,Research & Development,Research Scientist,0.2702,LOW,,,,Computer and Information Research Scientists,medium,4.0,MEDIUM,Strategic Problem Solving & Root Cause Decision Analysis Seminar; Empathetic Leadership & Active Listening for Cross-Functional Collaboration; Executive Presentation & Public Speaking Masterclass (Toastmasters / Internal Workshop)
934,Research & Development,Laboratory Technician,0.4558,HIGH,,,,Medical and Clinical Laboratory Technicians,medium,2.0,LOW,"Scientific Methodology, Evidence-Based Rigor & Laboratory Standards Training; Google Workspace Collaboration: Document Co-Authoring & Cloud Governance"
936,Sales,Sales Executive,0.5168,HIGH,,,,Sales Managers,low,1.0,LOW,Bentley MicroStation CAD: 2D/3D Infrastructure Drafting & Asset Modeling
939,Research & Development,Research Scientist,0.7318,HIGH,,,,Computer and Information Research Scientists,medium,8.0,HIGH,Strategic Problem Solving & Root Cause Decision Analysis Seminar; Technical & Regulatory Documentation Analysis Workshop; Empathetic Leadership & Active Listening for Cross-Functional Collaboration
940,Research & Development,Healthcare Representative,0.0935,LOW,,,,"Sales Representatives of Services, Except Advertising, Insurance, Financial Services, and Travel",low,3.0,LOW,Empathetic Leadership & Active Listening for Cross-Functional Collaboration; Continuous Professional Learning & Rapid Skill Acquisition Frameworks; Advanced Statistical Inference & Predictive Modeling using IBM SPSS
941,Sales,Sales Representative,0.7252,HIGH,,,,"Sales Representatives of Services, Except Advertising, Insurance, Financial Services, and Travel",medium,1.0,LOW,"Advanced Excel: Dynamic Arrays, Power Query & Business Financial Modeling"
942,Research & Development,Healthcare Representative,0.0834,LOW,,,,"Sales Representatives of Services, Except Advertising, Insurance, Financial Services, and Travel",low,2.0,LOW,Business & Technical Writing: Structuring Executive Summaries & Proposals; Inbound Sales & CRM Pipeline Optimization with HubSpot Sales Hub
944,Research & Development,Laboratory Technician,0.1276,LOW,,,,Medical and Clinical Laboratory Technicians,medium,0.0,LOW,None - No skill gaps identified
945,Research & Development,Research Scientist,0.0891,LOW,,,,Computer and Information Research Scientists,medium,9.0,HIGH,Strategic Problem Solving & Root Cause Decision Analysis Seminar; Technical & Regulatory Documentation Analysis Workshop; Empathetic Leadership & Active Listening for Cross-Functional Collaboration
947,Sales,Sales Executive,0.0713,LOW,,,,Sales Managers,low,3.0,LOW,"Technical & Regulatory Documentation Analysis Workshop; Operational Process Auditing & KPI Performance Monitoring Protocols; Adobe Acrobat Pro: Digital Signatures, Forms & Secure Document Workflows"
949,Research & Development,Research Scientist,0.0797,LOW,,,,Computer and Information Research Scientists,medium,0.0,LOW,None - No skill gaps identified
950,Research & Development,Research Director,0.0102,LOW,,,,Natural Sciences Managers,low,0.0,LOW,None - No skill gaps identified
951,Research & Development,Laboratory Technician,0.3039,LOW,,,,Medical and Clinical Laboratory Technicians,medium,2.0,LOW,Technical & Regulatory Documentation Analysis Workshop; MEDITECH EHR Clinical Data Management & Laboratory Information Systems Track
952,Sales,Sales Representative,0.9385,HIGH,,,,"Sales Representatives of Services, Except Advertising, Insurance, Financial Services, and Travel",medium,5.0,MEDIUM,Executive Presentation & Public Speaking Masterclass (Toastmasters / Internal Workshop); Technical & Regulatory Documentation Analysis Workshop; Business & Technical Writing: Structuring Executive Summaries & Proposals
954,Sales,Sales Executive,0.7206,HIGH,,,,Sales Managers,low,6.0,MEDIUM,Executive Presentation & Public Speaking Masterclass (Toastmasters / Internal Workshop); Technical & Regulatory Documentation Analysis Workshop; Strategic Problem Solving & Root Cause Decision Analysis Seminar
956,Sales,Sales Executive,0.6081,HIGH,,,,Sales Managers,low,3.0,LOW,"Operational Process Auditing & KPI Performance Monitoring Protocols; Adobe Acrobat Pro: Digital Signatures, Forms & Secure Document Workflows; Java & Multi-Language Software Development with Eclipse IDE & Git Plugins"
957,Research & Development,Laboratory Technician,0.2084,LOW,,,,Medical and Clinical Laboratory Technicians,medium,0.0,LOW,None - No skill gaps identified
958,Research & Development,Laboratory Technician,0.1092,LOW,,,,Medical and Clinical Laboratory Technicians,medium,1.0,LOW,Enterprise Microsoft 365 Productivity & Workflow Automation Bootcamp
959,Sales,Sales Representative,0.9693,HIGH,,,,"Sales Representatives of Services, Except Advertising, Insurance, Financial Services, and Travel",medium,6.0,MEDIUM,"Empathetic Leadership & Active Listening for Cross-Functional Collaboration; Executive Presentation & Public Speaking Masterclass (Toastmasters / Internal Workshop); macOS for Enterprise: Advanced Terminal, Security & Productivity Tooling"
960,Research & Development,Laboratory Technician,0.9449,HIGH,,,,Medical and Clinical Laboratory Technicians,medium,5.0,MEDIUM,"Strategic Problem Solving & Root Cause Decision Analysis Seminar; Executive Presentation & Public Speaking Masterclass (Toastmasters / Internal Workshop); Scientific Methodology, Evidence-Based Rigor & Laboratory Standards Training"
961,Research & Development,Healthcare Representative,0.3536,LOW,,,,"Sales Representatives of Services, Except Advertising, Insurance, Financial Services, and Travel",low,4.0,MEDIUM,"Executive Presentation & Public Speaking Masterclass (Toastmasters / Internal Workshop); Business & Technical Writing: Structuring Executive Summaries & Proposals; macOS for Enterprise: Advanced Terminal, Security & Productivity Tooling"
964,Research & Development,Research Scientist,0.6844,HIGH,,,,Computer and Information Research Scientists,medium,4.0,MEDIUM,Empathetic Leadership & Active Listening for Cross-Functional Collaboration; Cloud Data Warehousing & High-Performance SQL Analytics with Amazon Redshift; AWS Infrastructure as Code: CloudFormation & CDK Automated Deployments
966,Research & Development,Manufacturing Director,0.1397,LOW,,,,Industrial Production Managers,low,2.0,LOW,"Strategic Problem Solving & Root Cause Decision Analysis Seminar; Motion Graphics, Video Storytelling & Product Animation with After Effects"
967,Sales,Sales Executive,0.402,HIGH,,,,Sales Managers,low,0.0,LOW,None - No skill gaps identified
969,Research & Development,Healthcare Representative,0.1616,LOW,,,,"Sales Representatives of Services, Except Advertising, Insurance, Financial Services, and Travel",low,2.0,LOW,Technical & Regulatory Documentation Analysis Workshop; Inbound Sales & CRM Pipeline Optimization with HubSpot Sales Hub
970,Sales,Sales Executive,0.9088,HIGH,,,,Sales Managers,low,1.0,LOW,Executive Presentation & Public Speaking Masterclass (Toastmasters / Internal Workshop)
972,Research & Development,Laboratory Technician,0.082,LOW,,,,Medical and Clinical Laboratory Technicians,medium,0.0,LOW,None - No skill gaps identified
974,Sales,Sales Representative,0.5808,HIGH,,,,"Sales Representatives of Services, Except Advertising, Insurance, Financial Services, and Travel",medium,4.0,MEDIUM,Executive Presentation & Public Speaking Masterclass (Toastmasters / Internal Workshop); Business & Technical Writing: Structuring Executive Summaries & Proposals; Continuous Professional Learning & Rapid Skill Acquisition Frameworks
975,Sales,Sales Executive,0.2729,LOW,,,,Sales Managers,low,2.0,LOW,"Adobe Creative Cloud Bootcamp: Multi-App Visual Design & Asset Management; B2B Social Media Marketing, Meta Business Suite & Targeted Outreach Campaigns"
976,Research & Development,Manager,0.0135,LOW,,,,"Managers, All Other",very_low,,N/A - Manager,N/A - Manager (use Department-level analysis)
977,Research & Development,Research Scientist,0.252,LOW,,,,Computer and Information Research Scientists,medium,3.0,LOW,"Strategic Problem Solving & Root Cause Decision Analysis Seminar; Continuous Professional Learning & Rapid Skill Acquisition Frameworks; AWS Solutions Architect: Core Cloud Services, IAM & Architecture Design"
981,Sales,Manager,0.303,LOW,,,,"Managers, All Other",very_low,,N/A - Manager,N/A - Manager (use Department-level analysis)
982,Sales,Sales Executive,0.3975,LOW,,,,Sales Managers,low,3.0,LOW,"Adobe Acrobat Pro: Digital Signatures, Forms & Secure Document Workflows; Bentley MicroStation CAD: 2D/3D Infrastructure Drafting & Asset Modeling; Java & Multi-Language Software Development with Eclipse IDE & Git Plugins"
983,Sales,Sales Executive,0.6608,HIGH,,,,Sales Managers,low,6.0,MEDIUM,Executive Presentation & Public Speaking Masterclass (Toastmasters / Internal Workshop); Technical & Regulatory Documentation Analysis Workshop; Strategic Problem Solving & Root Cause Decision Analysis Seminar
984,Sales,Sales Executive,0.0598,LOW,,,,Sales Managers,low,1.0,LOW,"Adobe Acrobat Pro: Digital Signatures, Forms & Secure Document Workflows"
985,Sales,Sales Executive,0.1117,LOW,,,,Sales Managers,low,3.0,LOW,Executive Presentation & Public Speaking Masterclass (Toastmasters / Internal Workshop); Technical & Regulatory Documentation Analysis Workshop; Bentley MicroStation CAD: 2D/3D Infrastructure Drafting & Asset Modeling
986,Sales,Sales Executive,0.4585,HIGH,,,,Sales Managers,low,5.0,MEDIUM,Executive Presentation & Public Speaking Masterclass (Toastmasters / Internal Workshop); Technical & Regulatory Documentation Analysis Workshop; Operational Process Auditing & KPI Performance Monitoring Protocols
987,Research & Development,Manufacturing Director,0.0407,LOW,,,,Industrial Production Managers,low,1.0,LOW,AutoCAD Essentials: Mechanical/Architectural Drafting & Dimensioning Standards
990,Sales,Sales Executive,0.0409,LOW,,,,Sales Managers,low,0.0,LOW,None - No skill gaps identified
991,Research & Development,Research Scientist,0.7928,HIGH,,,,Computer and Information Research Scientists,medium,5.0,MEDIUM,Strategic Problem Solving & Root Cause Decision Analysis Seminar; Executive Presentation & Public Speaking Masterclass (Toastmasters / Internal Workshop); NoSQL Database Architecture with AWS DynamoDB: Modeling & Scalability
992,Sales,Manager,0.3737,LOW,,,,"Managers, All Other",very_low,,N/A - Manager,N/A - Manager (use Department-level analysis)
994,Research & Development,Research Scientist,0.8438,HIGH,,,,Computer and Information Research Scientists,medium,5.0,MEDIUM,Strategic Problem Solving & Root Cause Decision Analysis Seminar; Technical & Regulatory Documentation Analysis Workshop; Empathetic Leadership & Active Listening for Cross-Functional Collaboration
995,Research & Development,Research Scientist,0.2689,LOW,,,,Computer and Information Research Scientists,medium,3.0,LOW,Executive Presentation & Public Speaking Masterclass (Toastmasters / Internal Workshop); Continuous Professional Learning & Rapid Skill Acquisition Frameworks; AWS Infrastructure as Code: CloudFormation & CDK Automated Deployments
996,Research & Development,Laboratory Technician,0.0292,LOW,,,,Medical and Clinical Laboratory Technicians,medium,2.0,LOW,Executive Presentation & Public Speaking Masterclass (Toastmasters / Internal Workshop); Enterprise Microsoft 365 Productivity & Workflow Automation Bootcamp
997,Research & Development,Research Director,0.0045,LOW,,,,Natural Sciences Managers,low,4.0,MEDIUM,"Scientific Methodology, Evidence-Based Rigor & Laboratory Standards Training; Technical & Regulatory Documentation Analysis Workshop; Adobe Acrobat Pro: Digital Signatures, Forms & Secure Document Workflows"
998,Research & Development,Healthcare Representative,0.3107,LOW,,,,"Sales Representatives of Services, Except Advertising, Insurance, Financial Services, and Travel",low,2.0,LOW,Continuous Professional Learning & Rapid Skill Acquisition Frameworks; Inbound Sales & CRM Pipeline Optimization with HubSpot Sales Hub
999,Research & Development,Research Director,0.0121,LOW,,,,Natural Sciences Managers,low,0.0,LOW,None - No skill gaps identified
1001,Research & Development,Laboratory Technician,0.84,HIGH,2.0,5.0,5.0,Medical and Clinical Laboratory Technicians,medium,7.0,HIGH,Technical & Regulatory Documentation Analysis Workshop; Empathetic Leadership & Active Listening for Cross-Functional Collaboration; Executive Presentation & Public Speaking Masterclass (Toastmasters / Internal Workshop)
1002,Research & Development,Laboratory Technician,0.3951,LOW,4.0,5.0,3.0,Medical and Clinical Laboratory Technicians,medium,1.0,LOW,Empathetic Leadership & Active Listening for Cross-Functional Collaboration
1003,Sales,Sales Executive,0.2085,LOW,2.0,5.0,2.0,Sales Managers,low,2.0,LOW,"Operational Process Auditing & KPI Performance Monitoring Protocols; Adobe Acrobat Pro: Digital Signatures, Forms & Secure Document Workflows"
1004,Research & Development,Research Scientist,0.8886,HIGH,3.0,5.0,3.0,Computer and Information Research Scientists,medium,2.0,LOW,Technical & Regulatory Documentation Analysis Workshop; NoSQL Database Architecture with AWS DynamoDB: Modeling & Scalability
1005,Research & Development,Manufacturing Director,0.097,LOW,2.0,4.0,5.0,Industrial Production Managers,low,0.0,LOW,None - No skill gaps identified
1006,Research & Development,Research Scientist,0.2266,LOW,5.0,2.0,1.0,Computer and Information Research Scientists,medium,7.0,HIGH,Strategic Problem Solving & Root Cause Decision Analysis Seminar; Empathetic Leadership & Active Listening for Cross-Functional Collaboration; Executive Presentation & Public Speaking Masterclass (Toastmasters / Internal Workshop)
1007,Research & Development,Manufacturing Director,0.0426,LOW,2.0,1.0,5.0,Industrial Production Managers,low,2.0,LOW,"Motion Graphics, Video Storytelling & Product Animation with After Effects; AutoCAD Essentials: Mechanical/Architectural Drafting & Dimensioning Standards"
1009,Research & Development,Manufacturing Director,0.0759,LOW,2.0,5.0,1.0,Industrial Production Managers,low,2.0,LOW,Technical & Regulatory Documentation Analysis Workshop; Empathetic Leadership & Active Listening for Cross-Functional Collaboration
1010,Research & Development,Laboratory Technician,0.7147,HIGH,2.0,4.0,2.0,Medical and Clinical Laboratory Technicians,medium,4.0,MEDIUM,Technical & Regulatory Documentation Analysis Workshop; Strategic Problem Solving & Root Cause Decision Analysis Seminar; Enterprise Microsoft 365 Productivity & Workflow Automation Bootcamp
1011,Research & Development,Manufacturing Director,0.2239,LOW,1.0,2.0,3.0,Industrial Production Managers,low,4.0,MEDIUM,"Operational Process Auditing & KPI Performance Monitoring Protocols; Adobe Acrobat Pro: Digital Signatures, Forms & Secure Document Workflows; Motion Graphics, Video Storytelling & Product Animation with After Effects"
1012,Research & Development,Research Scientist,0.2747,LOW,3.0,5.0,4.0,Computer and Information Research Scientists,medium,7.0,HIGH,Empathetic Leadership & Active Listening for Cross-Functional Collaboration; Executive Presentation & Public Speaking Masterclass (Toastmasters / Internal Workshop); Continuous Professional Learning & Rapid Skill Acquisition Frameworks
1013,Research & Development,Manufacturing Director,0.0538,LOW,5.0,4.0,3.0,Industrial Production Managers,low,1.0,LOW,Commercial Image Retouching & Asset Production with Adobe Photoshop
1014,Research & Development,Healthcare Representative,0.7076,HIGH,4.0,4.0,1.0,"Sales Representatives of Services, Except Advertising, Insurance, Financial Services, and Travel",low,1.0,LOW,Inbound Sales & CRM Pipeline Optimization with HubSpot Sales Hub
1015,Research & Development,Research Director,0.1023,LOW,1.0,1.0,3.0,Natural Sciences Managers,low,1.0,LOW,Advanced Statistical Inference & Predictive Modeling using IBM SPSS
1016,Research & Development,Research Scientist,0.8745,HIGH,2.0,3.0,2.0,Computer and Information Research Scientists,medium,8.0,HIGH,Technical & Regulatory Documentation Analysis Workshop; Empathetic Leadership & Active Listening for Cross-Functional Collaboration; Continuous Professional Learning & Rapid Skill Acquisition Frameworks
1017,Research & Development,Laboratory Technician,0.8143,HIGH,4.0,1.0,3.0,Medical and Clinical Laboratory Technicians,medium,2.0,LOW,Technical & Regulatory Documentation Analysis Workshop; MEDITECH EHR Clinical Data Management & Laboratory Information Systems Track
1018,Research & Development,Manufacturing Director,0.0378,LOW,4.0,1.0,4.0,Industrial Production Managers,low,0.0,LOW,None - No skill gaps identified
1019,Research & Development,Laboratory Technician,0.8921,HIGH,1.0,3.0,5.0,Medical and Clinical Laboratory Technicians,medium,5.0,MEDIUM,"Technical & Regulatory Documentation Analysis Workshop; Executive Presentation & Public Speaking Masterclass (Toastmasters / Internal Workshop); Advanced Excel: Dynamic Arrays, Power Query & Business Financial Modeling"
1022,Research & Development,Healthcare Representative,0.2032,LOW,1.0,4.0,4.0,"Sales Representatives of Services, Except Advertising, Insurance, Financial Services, and Travel",low,7.0,HIGH,Empathetic Leadership & Active Listening for Cross-Functional Collaboration; Executive Presentation & Public Speaking Masterclass (Toastmasters / Internal Workshop); Technical & Regulatory Documentation Analysis Workshop
1024,Research & Development,Healthcare Representative,0.0729,LOW,5.0,3.0,1.0,"Sales Representatives of Services, Except Advertising, Insurance, Financial Services, and Travel",low,1.0,LOW,Enterprise Microsoft 365 Productivity & Workflow Automation Bootcamp
1025,Research & Development,Manufacturing Director,0.1882,LOW,4.0,1.0,4.0,Industrial Production Managers,low,2.0,LOW,Strategic Problem Solving & Root Cause Decision Analysis Seminar; Empathetic Leadership & Active Listening for Cross-Functional Collaboration
1026,Research & Development,Manufacturing Director,0.0729,LOW,5.0,2.0,5.0,Industrial Production Managers,low,0.0,LOW,None - No skill gaps identified
1027,Research & Development,Manufacturing Director,0.1044,LOW,2.0,3.0,5.0,Industrial Production Managers,low,4.0,MEDIUM,Executive Presentation & Public Speaking Masterclass (Toastmasters / Internal Workshop); Operational Process Auditing & KPI Performance Monitoring Protocols; Commercial Image Retouching & Asset Production with Adobe Photoshop
1028,Research & Development,Laboratory Technician,0.2237,LOW,5.0,5.0,4.0,Medical and Clinical Laboratory Technicians,medium,2.0,LOW,"Scientific Methodology, Evidence-Based Rigor & Laboratory Standards Training; Enterprise Microsoft 365 Productivity & Workflow Automation Bootcamp"
1029,Sales,Manager,0.1777,LOW,3.0,5.0,4.0,"Managers, All Other",very_low,,N/A - Manager,N/A - Manager (use Department-level analysis)
1030,Research & Development,Laboratory Technician,0.395,LOW,4.0,4.0,1.0,Medical and Clinical Laboratory Technicians,medium,3.0,LOW,"Technical & Regulatory Documentation Analysis Workshop; Scientific Methodology, Evidence-Based Rigor & Laboratory Standards Training; Google Workspace Collaboration: Document Co-Authoring & Cloud Governance"
1032,Research & Development,Manufacturing Director,0.2171,LOW,5.0,4.0,4.0,Industrial Production Managers,low,4.0,MEDIUM,"Executive Presentation & Public Speaking Masterclass (Toastmasters / Internal Workshop); Operational Process Auditing & KPI Performance Monitoring Protocols; Adobe Acrobat Pro: Digital Signatures, Forms & Secure Document Workflows"
1033,Research & Development,Healthcare Representative,0.6987,HIGH,3.0,1.0,3.0,"Sales Representatives of Services, Except Advertising, Insurance, Financial Services, and Travel",low,4.0,MEDIUM,"Business & Technical Writing: Structuring Executive Summaries & Proposals; Advanced Statistical Inference & Predictive Modeling using IBM SPSS; Advanced Excel: Dynamic Arrays, Power Query & Business Financial Modeling"
1034,Research & Development,Healthcare Representative,0.3847,LOW,2.0,5.0,1.0,"Sales Representatives of Services, Except Advertising, Insurance, Financial Services, and Travel",low,2.0,LOW,Executive Presentation & Public Speaking Masterclass (Toastmasters / Internal Workshop); Advanced Statistical Inference & Predictive Modeling using IBM SPSS
1035,Research & Development,Research Director,0.0081,LOW,1.0,5.0,5.0,Natural Sciences Managers,low,0.0,LOW,None - No skill gaps identified
1036,Sales,Sales Executive,0.7716,HIGH,5.0,2.0,1.0,Sales Managers,low,5.0,MEDIUM,"Technical & Regulatory Documentation Analysis Workshop; Operational Process Auditing & KPI Performance Monitoring Protocols; Adobe Acrobat Pro: Digital Signatures, Forms & Secure Document Workflows"
1037,Sales,Sales Executive,0.8817,HIGH,5.0,1.0,4.0,Sales Managers,low,4.0,MEDIUM,"Empathetic Leadership & Active Listening for Cross-Functional Collaboration; Executive Presentation & Public Speaking Masterclass (Toastmasters / Internal Workshop); Adobe Acrobat Pro: Digital Signatures, Forms & Secure Document Workflows"
1038,Sales,Manager,0.0869,LOW,5.0,1.0,2.0,"Managers, All Other",very_low,,N/A - Manager,N/A - Manager (use Department-level analysis)
1039,Sales,Sales Executive,0.2573,LOW,2.0,4.0,5.0,Sales Managers,low,1.0,LOW,"B2B Social Media Marketing, Meta Business Suite & Targeted Outreach Campaigns"
1040,Sales,Sales Executive,0.0035,LOW,5.0,3.0,1.0,Sales Managers,low,1.0,LOW,Technical & Regulatory Documentation Analysis Workshop
1042,Research & Development,Laboratory Technician,0.4143,HIGH,1.0,3.0,4.0,Medical and Clinical Laboratory Technicians,medium,0.0,LOW,None - No skill gaps identified
1043,Research & Development,Manufacturing Director,0.4983,HIGH,1.0,1.0,3.0,Industrial Production Managers,low,0.0,LOW,None - No skill gaps identified
1044,Sales,Sales Representative,0.2808,LOW,2.0,4.0,5.0,"Sales Representatives of Services, Except Advertising, Insurance, Financial Services, and Travel",medium,6.0,MEDIUM,"Empathetic Leadership & Active Listening for Cross-Functional Collaboration; Continuous Professional Learning & Rapid Skill Acquisition Frameworks; macOS for Enterprise: Advanced Terminal, Security & Productivity Tooling"
1045,Sales,Manager,0.023,LOW,1.0,4.0,1.0,"Managers, All Other",very_low,,N/A - Manager,N/A - Manager (use Department-level analysis)
1046,Research & Development,Laboratory Technician,0.5833,HIGH,3.0,5.0,4.0,Medical and Clinical Laboratory Technicians,medium,1.0,LOW,Strategic Problem Solving & Root Cause Decision Analysis Seminar
1047,Sales,Sales Executive,0.0362,LOW,4.0,2.0,3.0,Sales Managers,low,0.0,LOW,None - No skill gaps identified
1048,Sales,Manager,0.4987,HIGH,3.0,1.0,4.0,"Managers, All Other",very_low,,N/A - Manager,N/A - Manager (use Department-level analysis)
1049,Human Resources,Human Resources,0.5568,HIGH,3.0,5.0,2.0,Human Resources Specialists,medium,4.0,MEDIUM,Technical & Regulatory Documentation Analysis Workshop; Empathetic Leadership & Active Listening for Cross-Functional Collaboration; Business & Technical Writing: Structuring Executive Summaries & Proposals
1050,Sales,Sales Executive,0.2351,LOW,4.0,5.0,1.0,Sales Managers,low,0.0,LOW,None - No skill gaps identified
1052,Research & Development,Laboratory Technician,0.7194,HIGH,1.0,4.0,4.0,Medical and Clinical Laboratory Technicians,medium,4.0,MEDIUM,"Technical & Regulatory Documentation Analysis Workshop; Strategic Problem Solving & Root Cause Decision Analysis Seminar; Scientific Methodology, Evidence-Based Rigor & Laboratory Standards Training"
1053,Research & Development,Research Scientist,0.9502,HIGH,2.0,1.0,4.0,Computer and Information Research Scientists,medium,5.0,MEDIUM,Strategic Problem Solving & Root Cause Decision Analysis Seminar; Empathetic Leadership & Active Listening for Cross-Functional Collaboration; AWS Compute Architecture: Scalable EC2 Fleet Management & Auto-Scaling
1055,Sales,Sales Representative,0.6374,HIGH,3.0,4.0,1.0,"Sales Representatives of Services, Except Advertising, Insurance, Financial Services, and Travel",medium,6.0,MEDIUM,Empathetic Leadership & Active Listening for Cross-Functional Collaboration; Executive Presentation & Public Speaking Masterclass (Toastmasters / Internal Workshop); Technical & Regulatory Documentation Analysis Workshop
1056,Sales,Sales Representative,0.5643,HIGH,4.0,2.0,2.0,"Sales Representatives of Services, Except Advertising, Insurance, Financial Services, and Travel",medium,3.0,LOW,Technical & Regulatory Documentation Analysis Workshop; Advanced Statistical Inference & Predictive Modeling using IBM SPSS; Enterprise Microsoft 365 Productivity & Workflow Automation Bootcamp
1060,Research & Development,Research Scientist,0.1098,LOW,5.0,5.0,4.0,Computer and Information Research Scientists,medium,4.0,MEDIUM,Technical & Regulatory Documentation Analysis Workshop; Continuous Professional Learning & Rapid Skill Acquisition Frameworks; AWS Compute Architecture: Scalable EC2 Fleet Management & Auto-Scaling
1061,Research & Development,Research Director,0.0987,LOW,3.0,3.0,1.0,Natural Sciences Managers,low,3.0,LOW,Technical & Regulatory Documentation Analysis Workshop; Commercial Image Retouching & Asset Production with Adobe Photoshop; Relational Database Design & SQL Querying with Microsoft Access
1062,Research & Development,Healthcare Representative,0.2204,LOW,3.0,2.0,1.0,"Sales Representatives of Services, Except Advertising, Insurance, Financial Services, and Travel",low,2.0,LOW,"Technical & Regulatory Documentation Analysis Workshop; Advanced Excel: Dynamic Arrays, Power Query & Business Financial Modeling"
1066,Sales,Sales Executive,0.6946,HIGH,4.0,3.0,5.0,Sales Managers,low,3.0,LOW,"Executive Presentation & Public Speaking Masterclass (Toastmasters / Internal Workshop); Adobe Acrobat Pro: Digital Signatures, Forms & Secure Document Workflows; Adobe Creative Cloud Bootcamp: Multi-App Visual Design & Asset Management"
1068,Research & Development,Research Scientist,0.1489,LOW,3.0,2.0,2.0,Computer and Information Research Scientists,medium,3.0,LOW,"Strategic Problem Solving & Root Cause Decision Analysis Seminar; Executive Presentation & Public Speaking Masterclass (Toastmasters / Internal Workshop); AWS Solutions Architect: Core Cloud Services, IAM & Architecture Design"
1069,Research & Development,Research Director,0.0087,LOW,3.0,1.0,2.0,Natural Sciences Managers,low,7.0,HIGH,Technical & Regulatory Documentation Analysis Workshop; Empathetic Leadership & Active Listening for Cross-Functional Collaboration; Operational Process Auditing & KPI Performance Monitoring Protocols
1070,Sales,Sales Executive,0.4437,HIGH,3.0,1.0,2.0,Sales Managers,low,0.0,LOW,None - No skill gaps identified
1071,Research & Development,Research Scientist,0.0398,LOW,1.0,2.0,2.0,Computer and Information Research Scientists,medium,4.0,MEDIUM,Strategic Problem Solving & Root Cause Decision Analysis Seminar; Empathetic Leadership & Active Listening for Cross-Functional Collaboration; Executive Presentation & Public Speaking Masterclass (Toastmasters / Internal Workshop)
1073,Research & Development,Manufacturing Director,0.2151,LOW,4.0,4.0,2.0,Industrial Production Managers,low,0.0,LOW,None - No skill gaps identified
1074,Research & Development,Manager,0.1309,LOW,3.0,4.0,1.0,"Managers, All Other",very_low,,N/A - Manager,N/A - Manager (use Department-level analysis)
1076,Sales,Sales Executive,0.2073,LOW,1.0,3.0,1.0,Sales Managers,low,4.0,MEDIUM,Executive Presentation & Public Speaking Masterclass (Toastmasters / Internal Workshop); Strategic Problem Solving & Root Cause Decision Analysis Seminar; Adobe Creative Cloud Bootcamp: Multi-App Visual Design & Asset Management
1077,Sales,Sales Representative,0.9351,HIGH,5.0,2.0,4.0,"Sales Representatives of Services, Except Advertising, Insurance, Financial Services, and Travel",medium,5.0,MEDIUM,"Technical & Regulatory Documentation Analysis Workshop; Business & Technical Writing: Structuring Executive Summaries & Proposals; macOS for Enterprise: Advanced Terminal, Security & Productivity Tooling"
1079,Research & Development,Laboratory Technician,0.8489,HIGH,2.0,2.0,1.0,Medical and Clinical Laboratory Technicians,medium,4.0,MEDIUM,"Scientific Methodology, Evidence-Based Rigor & Laboratory Standards Training; Advanced Excel: Dynamic Arrays, Power Query & Business Financial Modeling; Enterprise Microsoft 365 Productivity & Workflow Automation Bootcamp"
1080,Research & Development,Research Scientist,0.1442,LOW,3.0,1.0,3.0,Computer and Information Research Scientists,medium,0.0,LOW,None - No skill gaps identified
1081,Research & Development,Research Scientist,0.2345,LOW,1.0,3.0,3.0,Computer and Information Research Scientists,medium,2.0,LOW,"AWS Infrastructure as Code: CloudFormation & CDK Automated Deployments; AWS Solutions Architect: Core Cloud Services, IAM & Architecture Design"
1082,Research & Development,Healthcare Representative,0.5338,HIGH,1.0,4.0,1.0,"Sales Representatives of Services, Except Advertising, Insurance, Financial Services, and Travel",low,3.0,LOW,"Empathetic Leadership & Active Listening for Cross-Functional Collaboration; macOS for Enterprise: Advanced Terminal, Security & Productivity Tooling; Advanced Excel: Dynamic Arrays, Power Query & Business Financial Modeling"
1083,Research & Development,Laboratory Technician,0.7304,HIGH,5.0,5.0,3.0,Medical and Clinical Laboratory Technicians,medium,2.0,LOW,"Advanced Excel: Dynamic Arrays, Power Query & Business Financial Modeling; Enterprise Microsoft 365 Productivity & Workflow Automation Bootcamp"
1084,Research & Development,Manufacturing Director,0.1415,LOW,1.0,2.0,4.0,Industrial Production Managers,low,5.0,MEDIUM,"Strategic Problem Solving & Root Cause Decision Analysis Seminar; Executive Presentation & Public Speaking Masterclass (Toastmasters / Internal Workshop); Motion Graphics, Video Storytelling & Product Animation with After Effects"
1085,Research & Development,Research Scientist,0.0376,LOW,5.0,5.0,3.0,Computer and Information Research Scientists,medium,0.0,LOW,None - No skill gaps identified
1088,Research & Development,Healthcare Representative,0.037,LOW,4.0,3.0,1.0,"Sales Representatives of Services, Except Advertising, Insurance, Financial Services, and Travel",low,0.0,LOW,None - No skill gaps identified
1092,Research & Development,Healthcare Representative,0.4026,HIGH,1.0,4.0,1.0,"Sales Representatives of Services, Except Advertising, Insurance, Financial Services, and Travel",low,1.0,LOW,Executive Presentation & Public Speaking Masterclass (Toastmasters / Internal Workshop)
1094,Research & Development,Laboratory Technician,0.1447,LOW,5.0,4.0,5.0,Medical and Clinical Laboratory Technicians,medium,2.0,LOW,"Enterprise Microsoft 365 Productivity & Workflow Automation Bootcamp; Time Management, Calendar Optimization & Executive Email Triage in Outlook"
1096,Research & Development,Manufacturing Director,0.0276,LOW,1.0,3.0,2.0,Industrial Production Managers,low,2.0,LOW,"Strategic Problem Solving & Root Cause Decision Analysis Seminar; Adobe Acrobat Pro: Digital Signatures, Forms & Secure Document Workflows"
1097,Research & Development,Research Scientist,0.0422,LOW,1.0,2.0,5.0,Computer and Information Research Scientists,medium,1.0,LOW,NoSQL Database Architecture with AWS DynamoDB: Modeling & Scalability
1098,Human Resources,Human Resources,0.3588,LOW,2.0,2.0,2.0,Human Resources Specialists,medium,2.0,LOW,"Executive Presentation & Public Speaking Masterclass (Toastmasters / Internal Workshop); Adobe Acrobat Pro: Digital Signatures, Forms & Secure Document Workflows"
1099,Research & Development,Healthcare Representative,0.106,LOW,1.0,5.0,5.0,"Sales Representatives of Services, Except Advertising, Insurance, Financial Services, and Travel",low,3.0,LOW,Business & Technical Writing: Structuring Executive Summaries & Proposals; Advanced Statistical Inference & Predictive Modeling using IBM SPSS; Enterprise Microsoft 365 Productivity & Workflow Automation Bootcamp
1100,Sales,Sales Executive,0.8022,HIGH,1.0,4.0,5.0,Sales Managers,low,2.0,LOW,Executive Presentation & Public Speaking Masterclass (Toastmasters / Internal Workshop); Technical & Regulatory Documentation Analysis Workshop
1101,Research & Development,Research Scientist,0.5371,HIGH,1.0,1.0,3.0,Computer and Information Research Scientists,medium,0.0,LOW,None - No skill gaps identified
1102,Research & Development,Laboratory Technician,0.3981,LOW,5.0,1.0,4.0,Medical and Clinical Laboratory Technicians,medium,4.0,MEDIUM,"Google Workspace Collaboration: Document Co-Authoring & Cloud Governance; MEDITECH EHR Clinical Data Management & Laboratory Information Systems Track; Advanced Excel: Dynamic Arrays, Power Query & Business Financial Modeling"
1103,Research & Development,Healthcare Representative,0.3184,LOW,5.0,3.0,1.0,"Sales Representatives of Services, Except Advertising, Insurance, Financial Services, and Travel",low,3.0,LOW,Empathetic Leadership & Active Listening for Cross-Functional Collaboration; Business & Technical Writing: Structuring Executive Summaries & Proposals; Enterprise Microsoft 365 Productivity & Workflow Automation Bootcamp
1105,Sales,Sales Executive,0.2444,LOW,1.0,4.0,1.0,Sales Managers,low,3.0,LOW,Empathetic Leadership & Active Listening for Cross-Functional Collaboration; Executive Presentation & Public Speaking Masterclass (Toastmasters / Internal Workshop); Strategic Problem Solving & Root Cause Decision Analysis Seminar
1106,Research & Development,Laboratory Technician,0.4203,HIGH,2.0,3.0,3.0,Medical and Clinical Laboratory Technicians,medium,2.0,LOW,"Strategic Problem Solving & Root Cause Decision Analysis Seminar; Advanced Excel: Dynamic Arrays, Power Query & Business Financial Modeling"
1107,Research & Development,Laboratory Technician,0.7537,HIGH,4.0,5.0,1.0,Medical and Clinical Laboratory Technicians,medium,5.0,MEDIUM,Technical & Regulatory Documentation Analysis Workshop; Strategic Problem Solving & Root Cause Decision Analysis Seminar; Executive Presentation & Public Speaking Masterclass (Toastmasters / Internal Workshop)
1108,Research & Development,Research Scientist,0.966,HIGH,4.0,5.0,3.0,Computer and Information Research Scientists,medium,6.0,MEDIUM,Technical & Regulatory Documentation Analysis Workshop; Empathetic Leadership & Active Listening for Cross-Functional Collaboration; Executive Presentation & Public Speaking Masterclass (Toastmasters / Internal Workshop)
1109,Research & Development,Manager,0.1281,LOW,4.0,5.0,4.0,"Managers, All Other",very_low,,N/A - Manager,N/A - Manager (use Department-level analysis)
1111,Research & Development,Laboratory Technician,0.8132,HIGH,4.0,1.0,1.0,Medical and Clinical Laboratory Technicians,medium,4.0,MEDIUM,"Executive Presentation & Public Speaking Masterclass (Toastmasters / Internal Workshop); Scientific Methodology, Evidence-Based Rigor & Laboratory Standards Training; Google Workspace Collaboration: Document Co-Authoring & Cloud Governance"
1113,Sales,Sales Executive,0.5068,HIGH,3.0,3.0,5.0,Sales Managers,low,3.0,LOW,"Executive Presentation & Public Speaking Masterclass (Toastmasters / Internal Workshop); Java & Multi-Language Software Development with Eclipse IDE & Git Plugins; B2B Social Media Marketing, Meta Business Suite & Targeted Outreach Campaigns"
1114,Sales,Sales Executive,0.2118,LOW,1.0,3.0,3.0,Sales Managers,low,1.0,LOW,"Adobe Acrobat Pro: Digital Signatures, Forms & Secure Document Workflows"
1115,Research & Development,Research Scientist,0.0284,LOW,4.0,1.0,3.0,Computer and Information Research Scientists,medium,5.0,MEDIUM,Strategic Problem Solving & Root Cause Decision Analysis Seminar; Executive Presentation & Public Speaking Masterclass (Toastmasters / Internal Workshop); NoSQL Database Architecture with AWS DynamoDB: Modeling & Scalability
1116,Research & Development,Manager,0.0192,LOW,3.0,4.0,4.0,"Managers, All Other",very_low,,N/A - Manager,N/A - Manager (use Department-level analysis)
1117,Sales,Sales Executive,0.0189,LOW,4.0,5.0,1.0,Sales Managers,low,1.0,LOW,"Adobe Acrobat Pro: Digital Signatures, Forms & Secure Document Workflows"
1118,Research & Development,Healthcare Representative,0.2213,LOW,1.0,5.0,3.0,"Sales Representatives of Services, Except Advertising, Insurance, Financial Services, and Travel",low,1.0,LOW,Technical & Regulatory Documentation Analysis Workshop
1119,Sales,Sales Executive,0.4785,HIGH,4.0,4.0,5.0,Sales Managers,low,3.0,LOW,Empathetic Leadership & Active Listening for Cross-Functional Collaboration; Technical & Regulatory Documentation Analysis Workshop; Java & Multi-Language Software Development with Eclipse IDE & Git Plugins
1120,Research & Development,Research Scientist,0.0717,LOW,3.0,3.0,4.0,Computer and Information Research Scientists,medium,2.0,LOW,"Cloud Data Warehousing & High-Performance SQL Analytics with Amazon Redshift; AWS Solutions Architect: Core Cloud Services, IAM & Architecture Design"
1121,Research & Development,Manufacturing Director,0.0171,LOW,1.0,1.0,4.0,Industrial Production Managers,low,0.0,LOW,None - No skill gaps identified
1124,Sales,Manager,0.139,LOW,3.0,2.0,3.0,"Managers, All Other",very_low,,N/A - Manager,N/A - Manager (use Department-level analysis)
1125,Sales,Sales Executive,0.7267,HIGH,4.0,3.0,4.0,Sales Managers,low,6.0,MEDIUM,Empathetic Leadership & Active Listening for Cross-Functional Collaboration; Executive Presentation & Public Speaking Masterclass (Toastmasters / Internal Workshop); Operational Process Auditing & KPI Performance Monitoring Protocols
1126,Research & Development,Manufacturing Director,0.4938,HIGH,3.0,3.0,2.0,Industrial Production Managers,low,4.0,MEDIUM,"Strategic Problem Solving & Root Cause Decision Analysis Seminar; Executive Presentation & Public Speaking Masterclass (Toastmasters / Internal Workshop); Adobe Acrobat Pro: Digital Signatures, Forms & Secure Document Workflows"
1127,Research & Development,Healthcare Representative,0.4136,HIGH,5.0,1.0,3.0,"Sales Representatives of Services, Except Advertising, Insurance, Financial Services, and Travel",low,0.0,LOW,None - No skill gaps identified
1128,Research & Development,Research Director,0.0728,LOW,4.0,2.0,4.0,Natural Sciences Managers,low,0.0,LOW,None - No skill gaps identified
1131,Research & Development,Research Scientist,0.5827,HIGH,4.0,4.0,4.0,Computer and Information Research Scientists,medium,4.0,MEDIUM,Executive Presentation & Public Speaking Masterclass (Toastmasters / Internal Workshop); AWS Compute Architecture: Scalable EC2 Fleet Management & Auto-Scaling; AWS Infrastructure as Code: CloudFormation & CDK Automated Deployments
1132,Research & Development,Laboratory Technician,0.6698,HIGH,1.0,5.0,5.0,Medical and Clinical Laboratory Technicians,medium,3.0,LOW,"Technical & Regulatory Documentation Analysis Workshop; Strategic Problem Solving & Root Cause Decision Analysis Seminar; Time Management, Calendar Optimization & Executive Email Triage in Outlook"
1133,Research & Development,Manufacturing Director,0.0799,LOW,1.0,2.0,4.0,Industrial Production Managers,low,2.0,LOW,"Adobe Acrobat Pro: Digital Signatures, Forms & Secure Document Workflows; Motion Graphics, Video Storytelling & Product Animation with After Effects"
1135,Sales,Sales Representative,0.5659,HIGH,5.0,4.0,4.0,"Sales Representatives of Services, Except Advertising, Insurance, Financial Services, and Travel",medium,4.0,MEDIUM,"Business & Technical Writing: Structuring Executive Summaries & Proposals; Advanced Statistical Inference & Predictive Modeling using IBM SPSS; Advanced Excel: Dynamic Arrays, Power Query & Business Financial Modeling"
1136,Research & Development,Research Scientist,0.3575,LOW,2.0,5.0,2.0,Computer and Information Research Scientists,medium,3.0,LOW,Strategic Problem Solving & Root Cause Decision Analysis Seminar; NoSQL Database Architecture with AWS DynamoDB: Modeling & Scalability; Cloud Data Warehousing & High-Performance SQL Analytics with Amazon Redshift
1137,Sales,Sales Executive,0.1571,LOW,3.0,3.0,5.0,Sales Managers,low,5.0,MEDIUM,Executive Presentation & Public Speaking Masterclass (Toastmasters / Internal Workshop); Technical & Regulatory Documentation Analysis Workshop; Strategic Problem Solving & Root Cause Decision Analysis Seminar
1138,Sales,Sales Executive,0.429,HIGH,4.0,5.0,1.0,Sales Managers,low,1.0,LOW,Strategic Problem Solving & Root Cause Decision Analysis Seminar
1140,Research & Development,Manufacturing Director,0.2711,LOW,5.0,3.0,2.0,Industrial Production Managers,low,3.0,LOW,"Operational Process Auditing & KPI Performance Monitoring Protocols; Corporate Layout Design, Multi-Page Publishing & Pitch Decks with InDesign; Commercial Image Retouching & Asset Production with Adobe Photoshop"
1143,Research & Development,Research Scientist,0.0844,LOW,2.0,4.0,2.0,Computer and Information Research Scientists,medium,4.0,MEDIUM,Strategic Problem Solving & Root Cause Decision Analysis Seminar; AWS Compute Architecture: Scalable EC2 Fleet Management & Auto-Scaling; AWS Infrastructure as Code: CloudFormation & CDK Automated Deployments
1148,Research & Development,Laboratory Technician,0.8864,HIGH,4.0,1.0,3.0,Medical and Clinical Laboratory Technicians,medium,4.0,MEDIUM,"Empathetic Leadership & Active Listening for Cross-Functional Collaboration; Executive Presentation & Public Speaking Masterclass (Toastmasters / Internal Workshop); Scientific Methodology, Evidence-Based Rigor & Laboratory Standards Training"
1150,Research & Development,Manufacturing Director,0.4692,HIGH,3.0,4.0,4.0,Industrial Production Managers,low,0.0,LOW,None - No skill gaps identified
1152,Human Resources,Human Resources,0.1431,LOW,1.0,1.0,5.0,Human Resources Specialists,medium,3.0,LOW,"Business & Technical Writing: Structuring Executive Summaries & Proposals; Strategic Problem Solving & Root Cause Decision Analysis Seminar; Adobe Acrobat Pro: Digital Signatures, Forms & Secure Document Workflows"
1154,Research & Development,Research Scientist,0.5658,HIGH,1.0,3.0,2.0,Computer and Information Research Scientists,medium,5.0,MEDIUM,Technical & Regulatory Documentation Analysis Workshop; Empathetic Leadership & Active Listening for Cross-Functional Collaboration; AWS Compute Architecture: Scalable EC2 Fleet Management & Auto-Scaling
1156,Research & Development,Laboratory Technician,0.6582,HIGH,1.0,5.0,2.0,Medical and Clinical Laboratory Technicians,medium,8.0,HIGH,Technical & Regulatory Documentation Analysis Workshop; Empathetic Leadership & Active Listening for Cross-Functional Collaboration; Strategic Problem Solving & Root Cause Decision Analysis Seminar
1157,Sales,Sales Executive,0.9144,HIGH,1.0,4.0,2.0,Sales Managers,low,4.0,MEDIUM,"Empathetic Leadership & Active Listening for Cross-Functional Collaboration; Adobe Acrobat Pro: Digital Signatures, Forms & Secure Document Workflows; Adobe Creative Cloud Bootcamp: Multi-App Visual Design & Asset Management"
1158,Research & Development,Laboratory Technician,0.8677,HIGH,2.0,4.0,4.0,Medical and Clinical Laboratory Technicians,medium,5.0,MEDIUM,"Empathetic Leadership & Active Listening for Cross-Functional Collaboration; Executive Presentation & Public Speaking Masterclass (Toastmasters / Internal Workshop); Scientific Methodology, Evidence-Based Rigor & Laboratory Standards Training"
1160,Research & Development,Laboratory Technician,0.5519,HIGH,4.0,2.0,3.0,Medical and Clinical Laboratory Technicians,medium,4.0,MEDIUM,"Technical & Regulatory Documentation Analysis Workshop; Empathetic Leadership & Active Listening for Cross-Functional Collaboration; Advanced Excel: Dynamic Arrays, Power Query & Business Financial Modeling"
1161,Research & Development,Healthcare Representative,0.2082,LOW,3.0,4.0,4.0,"Sales Representatives of Services, Except Advertising, Insurance, Financial Services, and Travel",low,3.0,LOW,"macOS for Enterprise: Advanced Terminal, Security & Productivity Tooling; Advanced Statistical Inference & Predictive Modeling using IBM SPSS; Enterprise Microsoft 365 Productivity & Workflow Automation Bootcamp"
1162,Research & Development,Research Scientist,0.2104,LOW,3.0,3.0,2.0,Computer and Information Research Scientists,medium,6.0,MEDIUM,Strategic Problem Solving & Root Cause Decision Analysis Seminar; Technical & Regulatory Documentation Analysis Workshop; Executive Presentation & Public Speaking Masterclass (Toastmasters / Internal Workshop)
1163,Sales,Sales Executive,0.2647,LOW,1.0,2.0,3.0,Sales Managers,low,2.0,LOW,Strategic Problem Solving & Root Cause Decision Analysis Seminar; Adobe Creative Cloud Bootcamp: Multi-App Visual Design & Asset Management
1164,Human Resources,Human Resources,0.536,HIGH,5.0,5.0,5.0,Human Resources Specialists,medium,3.0,LOW,"Empathetic Leadership & Active Listening for Cross-Functional Collaboration; Vector Graphics, Infographics & Brand Asset Design in Adobe Illustrator; Commercial Image Retouching & Asset Production with Adobe Photoshop"
1165,Sales,Sales Executive,0.5781,HIGH,3.0,3.0,1.0,Sales Managers,low,0.0,LOW,None - No skill gaps identified
1166,Research & Development,Research Director,0.0838,LOW,2.0,1.0,4.0,Natural Sciences Managers,low,0.0,LOW,None - No skill gaps identified
1167,Sales,Sales Executive,0.9655,HIGH,2.0,3.0,4.0,Sales Managers,low,0.0,LOW,None - No skill gaps identified
1171,Sales,Sales Executive,0.5967,HIGH,4.0,1.0,4.0,Sales Managers,low,3.0,LOW,Technical & Regulatory Documentation Analysis Workshop; Operational Process Auditing & KPI Performance Monitoring Protocols; Bentley MicroStation CAD: 2D/3D Infrastructure Drafting & Asset Modeling
1172,Research & Development,Laboratory Technician,0.3109,LOW,1.0,3.0,2.0,Medical and Clinical Laboratory Technicians,medium,1.0,LOW,MEDITECH EHR Clinical Data Management & Laboratory Information Systems Track
1173,Research & Development,Laboratory Technician,0.839,HIGH,5.0,5.0,2.0,Medical and Clinical Laboratory Technicians,medium,3.0,LOW,"Strategic Problem Solving & Root Cause Decision Analysis Seminar; MEDITECH EHR Clinical Data Management & Laboratory Information Systems Track; Advanced Excel: Dynamic Arrays, Power Query & Business Financial Modeling"
1175,Research & Development,Laboratory Technician,0.6692,HIGH,2.0,1.0,2.0,Medical and Clinical Laboratory Technicians,medium,3.0,LOW,"Advanced Excel: Dynamic Arrays, Power Query & Business Financial Modeling; Enterprise Microsoft 365 Productivity & Workflow Automation Bootcamp; Time Management, Calendar Optimization & Executive Email Triage in Outlook"
1177,Research & Development,Laboratory Technician,0.081,LOW,2.0,2.0,5.0,Medical and Clinical Laboratory Technicians,medium,2.0,LOW,Google Workspace Collaboration: Document Co-Authoring & Cloud Governance; MEDITECH EHR Clinical Data Management & Laboratory Information Systems Track
1179,Sales,Sales Executive,0.2696,LOW,3.0,5.0,1.0,Sales Managers,low,0.0,LOW,None - No skill gaps identified
1180,Research & Development,Research Scientist,0.7014,HIGH,4.0,3.0,1.0,Computer and Information Research Scientists,medium,4.0,MEDIUM,Strategic Problem Solving & Root Cause Decision Analysis Seminar; Continuous Professional Learning & Rapid Skill Acquisition Frameworks; NoSQL Database Architecture with AWS DynamoDB: Modeling & Scalability
1182,Research & Development,Manufacturing Director,0.1007,LOW,2.0,4.0,5.0,Industrial Production Managers,low,1.0,LOW,Operational Process Auditing & KPI Performance Monitoring Protocols
1184,Research & Development,Healthcare Representative,0.1536,LOW,1.0,3.0,1.0,"Sales Representatives of Services, Except Advertising, Insurance, Financial Services, and Travel",low,1.0,LOW,"macOS for Enterprise: Advanced Terminal, Security & Productivity Tooling"
1185,Research & Development,Laboratory Technician,0.2508,LOW,1.0,2.0,4.0,Medical and Clinical Laboratory Technicians,medium,7.0,HIGH,Technical & Regulatory Documentation Analysis Workshop; Strategic Problem Solving & Root Cause Decision Analysis Seminar; Executive Presentation & Public Speaking Masterclass (Toastmasters / Internal Workshop)
1188,Sales,Sales Executive,0.8884,HIGH,4.0,1.0,1.0,Sales Managers,low,2.0,LOW,"Strategic Problem Solving & Root Cause Decision Analysis Seminar; Adobe Acrobat Pro: Digital Signatures, Forms & Secure Document Workflows"
1190,Sales,Sales Representative,0.164,LOW,2.0,5.0,3.0,"Sales Representatives of Services, Except Advertising, Insurance, Financial Services, and Travel",medium,5.0,MEDIUM,"Executive Presentation & Public Speaking Masterclass (Toastmasters / Internal Workshop); Technical & Regulatory Documentation Analysis Workshop; macOS for Enterprise: Advanced Terminal, Security & Productivity Tooling"
1191,Research & Development,Manager,0.0451,LOW,4.0,4.0,4.0,"Managers, All Other",very_low,,N/A - Manager,N/A - Manager (use Department-level analysis)
1192,Research & Development,Laboratory Technician,0.0564,LOW,3.0,1.0,1.0,Medical and Clinical Laboratory Technicians,medium,1.0,LOW,Google Workspace Collaboration: Document Co-Authoring & Cloud Governance
1193,Research & Development,Research Scientist,0.4426,HIGH,5.0,2.0,3.0,Computer and Information Research Scientists,medium,2.0,LOW,Strategic Problem Solving & Root Cause Decision Analysis Seminar; AWS Compute Architecture: Scalable EC2 Fleet Management & Auto-Scaling
1195,Research & Development,Research Scientist,0.3734,LOW,,,,Computer and Information Research Scientists,medium,6.0,MEDIUM,Strategic Problem Solving & Root Cause Decision Analysis Seminar; Technical & Regulatory Documentation Analysis Workshop; Continuous Professional Learning & Rapid Skill Acquisition Frameworks
1196,Research & Development,Manufacturing Director,0.0156,LOW,4.0,5.0,4.0,Industrial Production Managers,low,0.0,LOW,None - No skill gaps identified
1198,Research & Development,Laboratory Technician,0.8903,HIGH,3.0,2.0,2.0,Medical and Clinical Laboratory Technicians,medium,5.0,MEDIUM,Empathetic Leadership & Active Listening for Cross-Functional Collaboration; Strategic Problem Solving & Root Cause Decision Analysis Seminar; MEDITECH EHR Clinical Data Management & Laboratory Information Systems Track
1200,Research & Development,Research Scientist,0.3416,LOW,4.0,5.0,1.0,Computer and Information Research Scientists,medium,3.0,LOW,Strategic Problem Solving & Root Cause Decision Analysis Seminar; Continuous Professional Learning & Rapid Skill Acquisition Frameworks; Cloud Data Warehousing & High-Performance SQL Analytics with Amazon Redshift
1201,Research & Development,Manager,0.0059,LOW,2.0,4.0,4.0,"Managers, All Other",very_low,,N/A - Manager,N/A - Manager (use Department-level analysis)
1202,Research & Development,Research Scientist,0.6036,HIGH,1.0,3.0,2.0,Computer and Information Research Scientists,medium,2.0,LOW,"Strategic Problem Solving & Root Cause Decision Analysis Seminar; AWS Solutions Architect: Core Cloud Services, IAM & Architecture Design"
1203,Research & Development,Research Scientist,0.6517,HIGH,3.0,5.0,3.0,Computer and Information Research Scientists,medium,7.0,HIGH,Strategic Problem Solving & Root Cause Decision Analysis Seminar; Technical & Regulatory Documentation Analysis Workshop; Executive Presentation & Public Speaking Masterclass (Toastmasters / Internal Workshop)
1204,Sales,Manager,0.5853,HIGH,1.0,4.0,3.0,"Managers, All Other",very_low,,N/A - Manager,N/A - Manager (use Department-level analysis)
1206,Research & Development,Research Scientist,0.2063,LOW,3.0,4.0,2.0,Computer and Information Research Scientists,medium,6.0,MEDIUM,Empathetic Leadership & Active Listening for Cross-Functional Collaboration; NoSQL Database Architecture with AWS DynamoDB: Modeling & Scalability; AWS Compute Architecture: Scalable EC2 Fleet Management & Auto-Scaling
1207,Human Resources,Human Resources,0.2292,LOW,2.0,1.0,2.0,Human Resources Specialists,medium,2.0,LOW,"Executive Presentation & Public Speaking Masterclass (Toastmasters / Internal Workshop); Corporate Layout Design, Multi-Page Publishing & Pitch Decks with InDesign"
1210,Research & Development,Research Scientist,0.5384,HIGH,4.0,5.0,1.0,Computer and Information Research Scientists,medium,6.0,MEDIUM,Strategic Problem Solving & Root Cause Decision Analysis Seminar; Technical & Regulatory Documentation Analysis Workshop; Executive Presentation & Public Speaking Masterclass (Toastmasters / Internal Workshop)
1211,Sales,Sales Executive,0.4267,HIGH,3.0,3.0,1.0,Sales Managers,low,4.0,MEDIUM,"Empathetic Leadership & Active Listening for Cross-Functional Collaboration; Operational Process Auditing & KPI Performance Monitoring Protocols; Adobe Acrobat Pro: Digital Signatures, Forms & Secure Document Workflows"
1212,Sales,Sales Executive,0.4666,HIGH,4.0,5.0,4.0,Sales Managers,low,8.0,HIGH,Empathetic Leadership & Active Listening for Cross-Functional Collaboration; Executive Presentation & Public Speaking Masterclass (Toastmasters / Internal Workshop); Technical & Regulatory Documentation Analysis Workshop
1215,Research & Development,Manager,0.0087,LOW,2.0,1.0,5.0,"Managers, All Other",very_low,,N/A - Manager,N/A - Manager (use Department-level analysis)
1216,Research & Development,Laboratory Technician,0.3983,LOW,4.0,1.0,1.0,Medical and Clinical Laboratory Technicians,medium,3.0,LOW,"Scientific Methodology, Evidence-Based Rigor & Laboratory Standards Training; Advanced Excel: Dynamic Arrays, Power Query & Business Financial Modeling; Time Management, Calendar Optimization & Executive Email Triage in Outlook"
1217,Research & Development,Research Director,0.0356,LOW,5.0,5.0,1.0,Natural Sciences Managers,low,4.0,MEDIUM,"Scientific Methodology, Evidence-Based Rigor & Laboratory Standards Training; Strategic Problem Solving & Root Cause Decision Analysis Seminar; Commercial Image Retouching & Asset Production with Adobe Photoshop"
1218,Sales,Sales Executive,0.2687,LOW,2.0,3.0,1.0,Sales Managers,low,2.0,LOW,Technical & Regulatory Documentation Analysis Workshop; Operational Process Auditing & KPI Performance Monitoring Protocols
1219,Research & Development,Laboratory Technician,0.6717,HIGH,2.0,2.0,2.0,Medical and Clinical Laboratory Technicians,medium,4.0,MEDIUM,"Technical & Regulatory Documentation Analysis Workshop; Strategic Problem Solving & Root Cause Decision Analysis Seminar; Scientific Methodology, Evidence-Based Rigor & Laboratory Standards Training"
1220,Sales,Sales Executive,0.5493,HIGH,5.0,2.0,4.0,Sales Managers,low,0.0,LOW,None - No skill gaps identified
1221,Research & Development,Laboratory Technician,0.1234,LOW,5.0,5.0,3.0,Medical and Clinical Laboratory Technicians,medium,2.0,LOW,"MEDITECH EHR Clinical Data Management & Laboratory Information Systems Track; Time Management, Calendar Optimization & Executive Email Triage in Outlook"
1224,Research & Development,Laboratory Technician,0.26,LOW,4.0,2.0,3.0,Medical and Clinical Laboratory Technicians,medium,1.0,LOW,Executive Presentation & Public Speaking Masterclass (Toastmasters / Internal Workshop)
1225,Research & Development,Research Scientist,0.0747,LOW,1.0,2.0,4.0,Computer and Information Research Scientists,medium,1.0,LOW,Technical & Regulatory Documentation Analysis Workshop
1226,Sales,Sales Representative,0.6378,HIGH,4.0,5.0,4.0,"Sales Representatives of Services, Except Advertising, Insurance, Financial Services, and Travel",medium,4.0,MEDIUM,Technical & Regulatory Documentation Analysis Workshop; Business & Technical Writing: Structuring Executive Summaries & Proposals; Inbound Sales & CRM Pipeline Optimization with HubSpot Sales Hub
1228,Research & Development,Manufacturing Director,0.0515,LOW,2.0,5.0,3.0,Industrial Production Managers,low,2.0,LOW,"Corporate Layout Design, Multi-Page Publishing & Pitch Decks with InDesign; Commercial Image Retouching & Asset Production with Adobe Photoshop"
1231,Human Resources,Human Resources,0.135,LOW,2.0,2.0,1.0,Human Resources Specialists,medium,4.0,MEDIUM,Executive Presentation & Public Speaking Masterclass (Toastmasters / Internal Workshop); Empathetic Leadership & Active Listening for Cross-Functional Collaboration; Strategic Problem Solving & Root Cause Decision Analysis Seminar
1233,Sales,Sales Executive,0.0695,LOW,5.0,5.0,3.0,Sales Managers,low,1.0,LOW,Operational Process Auditing & KPI Performance Monitoring Protocols
1234,Research & Development,Laboratory Technician,0.5591,HIGH,4.0,1.0,5.0,Medical and Clinical Laboratory Technicians,medium,6.0,MEDIUM,Technical & Regulatory Documentation Analysis Workshop; Empathetic Leadership & Active Listening for Cross-Functional Collaboration; Executive Presentation & Public Speaking Masterclass (Toastmasters / Internal Workshop)
1235,Research & Development,Research Scientist,0.3088,LOW,5.0,5.0,3.0,Computer and Information Research Scientists,medium,1.0,LOW,Strategic Problem Solving & Root Cause Decision Analysis Seminar
1237,Research & Development,Manufacturing Director,0.6102,HIGH,4.0,3.0,1.0,Industrial Production Managers,low,2.0,LOW,Strategic Problem Solving & Root Cause Decision Analysis Seminar; Executive Presentation & Public Speaking Masterclass (Toastmasters / Internal Workshop)
1238,Research & Development,Research Scientist,0.0446,LOW,1.0,3.0,3.0,Computer and Information Research Scientists,medium,1.0,LOW,Executive Presentation & Public Speaking Masterclass (Toastmasters / Internal Workshop)
1239,Sales,Sales Executive,0.7091,HIGH,4.0,5.0,5.0,Sales Managers,low,2.0,LOW,Empathetic Leadership & Active Listening for Cross-Functional Collaboration; Adobe Creative Cloud Bootcamp: Multi-App Visual Design & Asset Management
1240,Sales,Sales Executive,0.3084,LOW,1.0,4.0,3.0,Sales Managers,low,1.0,LOW,Technical & Regulatory Documentation Analysis Workshop
1241,Research & Development,Research Scientist,0.1509,LOW,4.0,4.0,3.0,Computer and Information Research Scientists,medium,0.0,LOW,None - No skill gaps identified
1242,Research & Development,Research Director,0.4209,HIGH,4.0,4.0,1.0,Natural Sciences Managers,low,2.0,LOW,"Scientific Methodology, Evidence-Based Rigor & Laboratory Standards Training; Strategic Problem Solving & Root Cause Decision Analysis Seminar"
1243,Sales,Sales Executive,0.2772,LOW,5.0,2.0,3.0,Sales Managers,low,0.0,LOW,None - No skill gaps identified
1244,Research & Development,Research Scientist,0.6017,HIGH,2.0,3.0,5.0,Computer and Information Research Scientists,medium,1.0,LOW,AWS Infrastructure as Code: CloudFormation & CDK Automated Deployments
1245,Research & Development,Manufacturing Director,0.0285,LOW,3.0,5.0,5.0,Industrial Production Managers,low,5.0,MEDIUM,"Strategic Problem Solving & Root Cause Decision Analysis Seminar; Executive Presentation & Public Speaking Masterclass (Toastmasters / Internal Workshop); Adobe Acrobat Pro: Digital Signatures, Forms & Secure Document Workflows"
1246,Research & Development,Research Scientist,0.0189,LOW,4.0,3.0,2.0,Computer and Information Research Scientists,medium,0.0,LOW,None - No skill gaps identified
1248,Research & Development,Research Scientist,0.7892,HIGH,5.0,3.0,2.0,Computer and Information Research Scientists,medium,4.0,MEDIUM,Executive Presentation & Public Speaking Masterclass (Toastmasters / Internal Workshop); Continuous Professional Learning & Rapid Skill Acquisition Frameworks; NoSQL Database Architecture with AWS DynamoDB: Modeling & Scalability
1249,Research & Development,Research Scientist,0.0358,LOW,2.0,4.0,2.0,Computer and Information Research Scientists,medium,3.0,LOW,Technical & Regulatory Documentation Analysis Workshop; Empathetic Leadership & Active Listening for Cross-Functional Collaboration; NoSQL Database Architecture with AWS DynamoDB: Modeling & Scalability
1250,Research & Development,Research Director,0.0012,LOW,4.0,5.0,1.0,Natural Sciences Managers,low,1.0,LOW,"Scientific Methodology, Evidence-Based Rigor & Laboratory Standards Training"
1251,Research & Development,Healthcare Representative,0.5515,HIGH,5.0,5.0,3.0,"Sales Representatives of Services, Except Advertising, Insurance, Financial Services, and Travel",low,2.0,LOW,Empathetic Leadership & Active Listening for Cross-Functional Collaboration; Technical & Regulatory Documentation Analysis Workshop
1252,Research & Development,Healthcare Representative,0.1747,LOW,2.0,3.0,2.0,"Sales Representatives of Services, Except Advertising, Insurance, Financial Services, and Travel",low,0.0,LOW,None - No skill gaps identified
1254,Sales,Sales Executive,0.1323,LOW,3.0,1.0,5.0,Sales Managers,low,3.0,LOW,"Adobe Acrobat Pro: Digital Signatures, Forms & Secure Document Workflows; Bentley MicroStation CAD: 2D/3D Infrastructure Drafting & Asset Modeling; Java & Multi-Language Software Development with Eclipse IDE & Git Plugins"
1255,Research & Development,Research Director,0.0145,LOW,3.0,1.0,1.0,Natural Sciences Managers,low,2.0,LOW,Empathetic Leadership & Active Listening for Cross-Functional Collaboration; Commercial Image Retouching & Asset Production with Adobe Photoshop
1256,Research & Development,Manager,0.0475,LOW,4.0,4.0,2.0,"Managers, All Other",very_low,,N/A - Manager,N/A - Manager (use Department-level analysis)
1257,Research & Development,Research Scientist,0.169,LOW,2.0,1.0,1.0,Computer and Information Research Scientists,medium,1.0,LOW,Continuous Professional Learning & Rapid Skill Acquisition Frameworks
1258,Research & Development,Laboratory Technician,0.5844,HIGH,3.0,5.0,4.0,Medical and Clinical Laboratory Technicians,medium,2.0,LOW,Technical & Regulatory Documentation Analysis Workshop; Strategic Problem Solving & Root Cause Decision Analysis Seminar
1259,Research & Development,Research Scientist,0.0806,LOW,1.0,3.0,4.0,Computer and Information Research Scientists,medium,3.0,LOW,Strategic Problem Solving & Root Cause Decision Analysis Seminar; NoSQL Database Architecture with AWS DynamoDB: Modeling & Scalability; Cloud Data Warehousing & High-Performance SQL Analytics with Amazon Redshift
1260,Research & Development,Healthcare Representative,0.2386,LOW,5.0,2.0,5.0,"Sales Representatives of Services, Except Advertising, Insurance, Financial Services, and Travel",low,1.0,LOW,Business & Technical Writing: Structuring Executive Summaries & Proposals
1263,Research & Development,Research Director,0.0155,LOW,4.0,5.0,3.0,Natural Sciences Managers,low,5.0,MEDIUM,"Scientific Methodology, Evidence-Based Rigor & Laboratory Standards Training; Empathetic Leadership & Active Listening for Cross-Functional Collaboration; Strategic Problem Solving & Root Cause Decision Analysis Seminar"
1264,Research & Development,Research Director,0.0139,LOW,3.0,5.0,4.0,Natural Sciences Managers,low,4.0,MEDIUM,Empathetic Leadership & Active Listening for Cross-Functional Collaboration; Operational Process Auditing & KPI Performance Monitoring Protocols; Advanced Statistical Inference & Predictive Modeling using IBM SPSS
1265,Research & Development,Research Scientist,0.1197,LOW,4.0,2.0,5.0,Computer and Information Research Scientists,medium,1.0,LOW,Technical & Regulatory Documentation Analysis Workshop
1267,Sales,Manager,0.1959,LOW,4.0,1.0,5.0,"Managers, All Other",very_low,,N/A - Manager,N/A - Manager (use Department-level analysis)
1268,Sales,Sales Executive,0.1137,LOW,2.0,1.0,2.0,Sales Managers,low,1.0,LOW,Executive Presentation & Public Speaking Masterclass (Toastmasters / Internal Workshop)
1269,Research & Development,Research Scientist,0.787,HIGH,1.0,2.0,4.0,Computer and Information Research Scientists,medium,2.0,LOW,Strategic Problem Solving & Root Cause Decision Analysis Seminar; Cloud Data Warehousing & High-Performance SQL Analytics with Amazon Redshift
1270,Research & Development,Research Scientist,0.1136,LOW,5.0,5.0,1.0,Computer and Information Research Scientists,medium,5.0,MEDIUM,Technical & Regulatory Documentation Analysis Workshop; Executive Presentation & Public Speaking Masterclass (Toastmasters / Internal Workshop); Continuous Professional Learning & Rapid Skill Acquisition Frameworks
1273,Sales,Sales Representative,0.9844,HIGH,1.0,4.0,2.0,"Sales Representatives of Services, Except Advertising, Insurance, Financial Services, and Travel",medium,5.0,MEDIUM,"Technical & Regulatory Documentation Analysis Workshop; macOS for Enterprise: Advanced Terminal, Security & Productivity Tooling; Inbound Sales & CRM Pipeline Optimization with HubSpot Sales Hub"
1275,Research & Development,Research Scientist,0.5825,HIGH,2.0,5.0,3.0,Computer and Information Research Scientists,medium,2.0,LOW,Continuous Professional Learning & Rapid Skill Acquisition Frameworks; AWS Infrastructure as Code: CloudFormation & CDK Automated Deployments
1277,Sales,Manager,0.6511,HIGH,4.0,3.0,3.0,"Managers, All Other",very_low,,N/A - Manager,N/A - Manager (use Department-level analysis)
1278,Research & Development,Healthcare Representative,0.3447,LOW,2.0,4.0,5.0,"Sales Representatives of Services, Except Advertising, Insurance, Financial Services, and Travel",low,2.0,LOW,Empathetic Leadership & Active Listening for Cross-Functional Collaboration; Continuous Professional Learning & Rapid Skill Acquisition Frameworks
1279,Research & Development,Laboratory Technician,0.9491,HIGH,3.0,3.0,5.0,Medical and Clinical Laboratory Technicians,medium,5.0,MEDIUM,"Scientific Methodology, Evidence-Based Rigor & Laboratory Standards Training; Google Workspace Collaboration: Document Co-Authoring & Cloud Governance; Advanced Excel: Dynamic Arrays, Power Query & Business Financial Modeling"
1280,Sales,Manager,0.0923,LOW,3.0,2.0,2.0,"Managers, All Other",very_low,,N/A - Manager,N/A - Manager (use Department-level analysis)
1281,Sales,Sales Executive,0.8233,HIGH,4.0,2.0,1.0,Sales Managers,low,4.0,MEDIUM,Technical & Regulatory Documentation Analysis Workshop; Strategic Problem Solving & Root Cause Decision Analysis Seminar; Operational Process Auditing & KPI Performance Monitoring Protocols
1282,Sales,Manager,0.7232,HIGH,3.0,3.0,1.0,"Managers, All Other",very_low,,N/A - Manager,N/A - Manager (use Department-level analysis)
1283,Research & Development,Manufacturing Director,0.0499,LOW,2.0,1.0,2.0,Industrial Production Managers,low,2.0,LOW,"Adobe Acrobat Pro: Digital Signatures, Forms & Secure Document Workflows; Motion Graphics, Video Storytelling & Product Animation with After Effects"
1285,Research & Development,Laboratory Technician,0.3868,LOW,3.0,2.0,2.0,Medical and Clinical Laboratory Technicians,medium,1.0,LOW,Executive Presentation & Public Speaking Masterclass (Toastmasters / Internal Workshop)
1286,Research & Development,Laboratory Technician,0.8893,HIGH,1.0,5.0,1.0,Medical and Clinical Laboratory Technicians,medium,6.0,MEDIUM,Empathetic Leadership & Active Listening for Cross-Functional Collaboration; Strategic Problem Solving & Root Cause Decision Analysis Seminar; Executive Presentation & Public Speaking Masterclass (Toastmasters / Internal Workshop)
1288,Research & Development,Manager,0.0505,LOW,2.0,4.0,5.0,"Managers, All Other",very_low,,N/A - Manager,N/A - Manager (use Department-level analysis)
1289,Human Resources,Human Resources,0.1913,LOW,5.0,3.0,1.0,Human Resources Specialists,medium,0.0,LOW,None - No skill gaps identified
1291,Research & Development,Research Scientist,0.2782,LOW,5.0,4.0,5.0,Computer and Information Research Scientists,medium,4.0,MEDIUM,Strategic Problem Solving & Root Cause Decision Analysis Seminar; Executive Presentation & Public Speaking Masterclass (Toastmasters / Internal Workshop); Cloud Data Warehousing & High-Performance SQL Analytics with Amazon Redshift
1292,Research & Development,Research Scientist,0.466,HIGH,1.0,4.0,3.0,Computer and Information Research Scientists,medium,6.0,MEDIUM,Strategic Problem Solving & Root Cause Decision Analysis Seminar; Technical & Regulatory Documentation Analysis Workshop; Empathetic Leadership & Active Listening for Cross-Functional Collaboration
1293,Sales,Sales Executive,0.1831,LOW,2.0,3.0,2.0,Sales Managers,low,0.0,LOW,None - No skill gaps identified
1294,Research & Development,Manufacturing Director,0.4245,HIGH,5.0,4.0,2.0,Industrial Production Managers,low,0.0,LOW,None - No skill gaps identified
1295,Research & Development,Healthcare Representative,0.0636,LOW,3.0,3.0,3.0,"Sales Representatives of Services, Except Advertising, Insurance, Financial Services, and Travel",low,0.0,LOW,None - No skill gaps identified
1296,Research & Development,Laboratory Technician,0.8406,HIGH,1.0,1.0,5.0,Medical and Clinical Laboratory Technicians,medium,6.0,MEDIUM,Empathetic Leadership & Active Listening for Cross-Functional Collaboration; Strategic Problem Solving & Root Cause Decision Analysis Seminar; MEDITECH EHR Clinical Data Management & Laboratory Information Systems Track
1297,Research & Development,Laboratory Technician,0.6065,HIGH,2.0,4.0,4.0,Medical and Clinical Laboratory Technicians,medium,0.0,LOW,None - No skill gaps identified
1298,Research & Development,Manufacturing Director,0.2742,LOW,1.0,2.0,1.0,Industrial Production Managers,low,2.0,LOW,Operational Process Auditing & KPI Performance Monitoring Protocols; AutoCAD Essentials: Mechanical/Architectural Drafting & Dimensioning Standards
1299,Research & Development,Laboratory Technician,0.792,HIGH,1.0,2.0,2.0,Medical and Clinical Laboratory Technicians,medium,4.0,MEDIUM,Empathetic Leadership & Active Listening for Cross-Functional Collaboration; Strategic Problem Solving & Root Cause Decision Analysis Seminar; Google Workspace Collaboration: Document Co-Authoring & Cloud Governance
1301,Research & Development,Research Scientist,0.587,HIGH,1.0,4.0,2.0,Computer and Information Research Scientists,medium,5.0,MEDIUM,Strategic Problem Solving & Root Cause Decision Analysis Seminar; Executive Presentation & Public Speaking Masterclass (Toastmasters / Internal Workshop); NoSQL Database Architecture with AWS DynamoDB: Modeling & Scalability
1303,Research & Development,Research Scientist,0.1979,LOW,5.0,3.0,5.0,Computer and Information Research Scientists,medium,5.0,MEDIUM,Strategic Problem Solving & Root Cause Decision Analysis Seminar; NoSQL Database Architecture with AWS DynamoDB: Modeling & Scalability; AWS Compute Architecture: Scalable EC2 Fleet Management & Auto-Scaling
1304,Sales,Sales Executive,0.0162,LOW,3.0,5.0,1.0,Sales Managers,low,0.0,LOW,None - No skill gaps identified
1306,Research & Development,Manager,0.1172,LOW,1.0,3.0,5.0,"Managers, All Other",very_low,,N/A - Manager,N/A - Manager (use Department-level analysis)
1307,Research & Development,Manager,0.846,HIGH,1.0,5.0,1.0,"Managers, All Other",very_low,,N/A - Manager,N/A - Manager (use Department-level analysis)
1308,Research & Development,Research Scientist,0.0852,LOW,4.0,5.0,2.0,Computer and Information Research Scientists,medium,2.0,LOW,"Executive Presentation & Public Speaking Masterclass (Toastmasters / Internal Workshop); AWS Solutions Architect: Core Cloud Services, IAM & Architecture Design"
1309,Research & Development,Laboratory Technician,0.1928,LOW,1.0,1.0,3.0,Medical and Clinical Laboratory Technicians,medium,0.0,LOW,None - No skill gaps identified
1310,Research & Development,Research Scientist,0.4993,HIGH,3.0,4.0,3.0,Computer and Information Research Scientists,medium,2.0,LOW,Strategic Problem Solving & Root Cause Decision Analysis Seminar; Cloud Data Warehousing & High-Performance SQL Analytics with Amazon Redshift
1311,Research & Development,Laboratory Technician,0.5606,HIGH,5.0,2.0,3.0,Medical and Clinical Laboratory Technicians,medium,0.0,LOW,None - No skill gaps identified
1312,Research & Development,Healthcare Representative,0.2199,LOW,2.0,5.0,2.0,"Sales Representatives of Services, Except Advertising, Insurance, Financial Services, and Travel",low,2.0,LOW,Executive Presentation & Public Speaking Masterclass (Toastmasters / Internal Workshop); Inbound Sales & CRM Pipeline Optimization with HubSpot Sales Hub
1314,Human Resources,Human Resources,0.1923,LOW,5.0,5.0,3.0,Human Resources Specialists,medium,2.0,LOW,Executive Presentation & Public Speaking Masterclass (Toastmasters / Internal Workshop); Technical & Regulatory Documentation Analysis Workshop
1315,Research & Development,Laboratory Technician,0.0779,LOW,5.0,1.0,1.0,Medical and Clinical Laboratory Technicians,medium,0.0,LOW,None - No skill gaps identified
1317,Research & Development,Research Director,0.1683,LOW,4.0,2.0,2.0,Natural Sciences Managers,low,3.0,LOW,"Technical & Regulatory Documentation Analysis Workshop; Operational Process Auditing & KPI Performance Monitoring Protocols; Adobe Acrobat Pro: Digital Signatures, Forms & Secure Document Workflows"
1318,Sales,Sales Executive,0.9607,HIGH,5.0,4.0,2.0,Sales Managers,low,2.0,LOW,"Executive Presentation & Public Speaking Masterclass (Toastmasters / Internal Workshop); Adobe Acrobat Pro: Digital Signatures, Forms & Secure Document Workflows"
1319,Sales,Sales Executive,0.9306,HIGH,4.0,2.0,5.0,Sales Managers,low,0.0,LOW,None - No skill gaps identified
1321,Research & Development,Manager,0.3309,LOW,1.0,5.0,5.0,"Managers, All Other",very_low,,N/A - Manager,N/A - Manager (use Department-level analysis)
1322,Research & Development,Manufacturing Director,0.253,LOW,1.0,5.0,2.0,Industrial Production Managers,low,1.0,LOW,Empathetic Leadership & Active Listening for Cross-Functional Collaboration
1324,Sales,Sales Executive,0.2677,LOW,5.0,3.0,3.0,Sales Managers,low,0.0,LOW,None - No skill gaps identified
1329,Sales,Sales Executive,0.6232,HIGH,3.0,2.0,5.0,Sales Managers,low,1.0,LOW,Adobe Creative Cloud Bootcamp: Multi-App Visual Design & Asset Management
1331,Sales,Sales Representative,0.9162,HIGH,3.0,2.0,5.0,"Sales Representatives of Services, Except Advertising, Insurance, Financial Services, and Travel",medium,5.0,MEDIUM,Executive Presentation & Public Speaking Masterclass (Toastmasters / Internal Workshop); Business & Technical Writing: Structuring Executive Summaries & Proposals; Continuous Professional Learning & Rapid Skill Acquisition Frameworks
1333,Research & Development,Laboratory Technician,0.4657,HIGH,3.0,4.0,5.0,Medical and Clinical Laboratory Technicians,medium,2.0,LOW,Technical & Regulatory Documentation Analysis Workshop; Executive Presentation & Public Speaking Masterclass (Toastmasters / Internal Workshop)
1334,Research & Development,Manager,0.0421,LOW,1.0,3.0,1.0,"Managers, All Other",very_low,,N/A - Manager,N/A - Manager (use Department-level analysis)
1336,Research & Development,Manager,0.0598,LOW,5.0,1.0,4.0,"Managers, All Other",very_low,,N/A - Manager,N/A - Manager (use Department-level analysis)
1338,Human Resources,Manager,0.161,LOW,1.0,1.0,1.0,"Managers, All Other",very_low,,N/A - Manager,N/A - Manager (use Department-level analysis)
1340,Research & Development,Research Scientist,0.1953,LOW,5.0,4.0,4.0,Computer and Information Research Scientists,medium,5.0,MEDIUM,Strategic Problem Solving & Root Cause Decision Analysis Seminar; Executive Presentation & Public Speaking Masterclass (Toastmasters / Internal Workshop); Continuous Professional Learning & Rapid Skill Acquisition Frameworks
1344,Research & Development,Healthcare Representative,0.0247,LOW,1.0,4.0,5.0,"Sales Representatives of Services, Except Advertising, Insurance, Financial Services, and Travel",low,1.0,LOW,Technical & Regulatory Documentation Analysis Workshop
1346,Research & Development,Research Scientist,0.1068,LOW,4.0,2.0,3.0,Computer and Information Research Scientists,medium,1.0,LOW,Technical & Regulatory Documentation Analysis Workshop
1349,Sales,Sales Executive,0.0897,LOW,1.0,2.0,3.0,Sales Managers,low,2.0,LOW,Operational Process Auditing & KPI Performance Monitoring Protocols; Java & Multi-Language Software Development with Eclipse IDE & Git Plugins
1350,Research & Development,Research Scientist,0.758,HIGH,3.0,4.0,5.0,Computer and Information Research Scientists,medium,1.0,LOW,AWS Compute Architecture: Scalable EC2 Fleet Management & Auto-Scaling
1352,Human Resources,Manager,0.041,LOW,4.0,2.0,1.0,"Managers, All Other",very_low,,N/A - Manager,N/A - Manager (use Department-level analysis)
1355,Sales,Sales Executive,0.075,LOW,2.0,2.0,3.0,Sales Managers,low,1.0,LOW,Empathetic Leadership & Active Listening for Cross-Functional Collaboration
1356,Sales,Sales Executive,0.4046,HIGH,1.0,1.0,1.0,Sales Managers,low,0.0,LOW,None - No skill gaps identified
1358,Research & Development,Laboratory Technician,0.21,LOW,1.0,2.0,5.0,Medical and Clinical Laboratory Technicians,medium,2.0,LOW,"Technical & Regulatory Documentation Analysis Workshop; Scientific Methodology, Evidence-Based Rigor & Laboratory Standards Training"
1360,Research & Development,Manufacturing Director,0.3526,LOW,5.0,2.0,1.0,Industrial Production Managers,low,1.0,LOW,Empathetic Leadership & Active Listening for Cross-Functional Collaboration
1361,Research & Development,Laboratory Technician,0.3289,LOW,,,,Medical and Clinical Laboratory Technicians,medium,3.0,LOW,"Empathetic Leadership & Active Listening for Cross-Functional Collaboration; Strategic Problem Solving & Root Cause Decision Analysis Seminar; Time Management, Calendar Optimization & Executive Email Triage in Outlook"
1362,Sales,Sales Executive,0.2991,LOW,5.0,2.0,5.0,Sales Managers,low,1.0,LOW,"B2B Social Media Marketing, Meta Business Suite & Targeted Outreach Campaigns"
1363,Research & Development,Manufacturing Director,0.028,LOW,5.0,2.0,2.0,Industrial Production Managers,low,0.0,LOW,None - No skill gaps identified
1364,Sales,Sales Representative,0.5096,HIGH,2.0,2.0,4.0,"Sales Representatives of Services, Except Advertising, Insurance, Financial Services, and Travel",medium,5.0,MEDIUM,"Technical & Regulatory Documentation Analysis Workshop; Business & Technical Writing: Structuring Executive Summaries & Proposals; macOS for Enterprise: Advanced Terminal, Security & Productivity Tooling"
1367,Research & Development,Manufacturing Director,0.1432,LOW,1.0,4.0,3.0,Industrial Production Managers,low,4.0,MEDIUM,"Technical & Regulatory Documentation Analysis Workshop; Empathetic Leadership & Active Listening for Cross-Functional Collaboration; Adobe Acrobat Pro: Digital Signatures, Forms & Secure Document Workflows"
1368,Research & Development,Laboratory Technician,0.1153,LOW,2.0,2.0,2.0,Medical and Clinical Laboratory Technicians,medium,6.0,MEDIUM,Strategic Problem Solving & Root Cause Decision Analysis Seminar; Executive Presentation & Public Speaking Masterclass (Toastmasters / Internal Workshop); Google Workspace Collaboration: Document Co-Authoring & Cloud Governance
1369,Research & Development,Laboratory Technician,0.1679,LOW,2.0,4.0,3.0,Medical and Clinical Laboratory Technicians,medium,3.0,LOW,"Empathetic Leadership & Active Listening for Cross-Functional Collaboration; Advanced Excel: Dynamic Arrays, Power Query & Business Financial Modeling; Time Management, Calendar Optimization & Executive Email Triage in Outlook"
1371,Sales,Sales Executive,0.6899,HIGH,1.0,1.0,2.0,Sales Managers,low,0.0,LOW,None - No skill gaps identified
1372,Sales,Sales Executive,0.8181,HIGH,3.0,1.0,4.0,Sales Managers,low,0.0,LOW,None - No skill gaps identified
1373,Research & Development,Manufacturing Director,0.5737,HIGH,1.0,2.0,5.0,Industrial Production Managers,low,0.0,LOW,None - No skill gaps identified
1374,Research & Development,Research Scientist,0.1152,LOW,5.0,5.0,4.0,Computer and Information Research Scientists,medium,2.0,LOW,"Cloud Data Warehousing & High-Performance SQL Analytics with Amazon Redshift; AWS Solutions Architect: Core Cloud Services, IAM & Architecture Design"
1375,Research & Development,Healthcare Representative,0.0418,LOW,1.0,3.0,2.0,"Sales Representatives of Services, Except Advertising, Insurance, Financial Services, and Travel",low,1.0,LOW,Empathetic Leadership & Active Listening for Cross-Functional Collaboration
1377,Research & Development,Laboratory Technician,0.8147,HIGH,5.0,5.0,4.0,Medical and Clinical Laboratory Technicians,medium,1.0,LOW,"Advanced Excel: Dynamic Arrays, Power Query & Business Financial Modeling"
1379,Sales,Sales Representative,0.8458,HIGH,5.0,2.0,5.0,"Sales Representatives of Services, Except Advertising, Insurance, Financial Services, and Travel",medium,4.0,MEDIUM,Executive Presentation & Public Speaking Masterclass (Toastmasters / Internal Workshop); Continuous Professional Learning & Rapid Skill Acquisition Frameworks; Inbound Sales & CRM Pipeline Optimization with HubSpot Sales Hub
1380,Sales,Sales Executive,0.8168,HIGH,1.0,1.0,2.0,Sales Managers,low,5.0,MEDIUM,"Executive Presentation & Public Speaking Masterclass (Toastmasters / Internal Workshop); Strategic Problem Solving & Root Cause Decision Analysis Seminar; Adobe Acrobat Pro: Digital Signatures, Forms & Secure Document Workflows"
1382,Research & Development,Research Scientist,0.0311,LOW,2.0,1.0,1.0,Computer and Information Research Scientists,medium,2.0,LOW,Empathetic Leadership & Active Listening for Cross-Functional Collaboration; AWS Infrastructure as Code: CloudFormation & CDK Automated Deployments
1383,Research & Development,Healthcare Representative,0.0273,LOW,4.0,1.0,5.0,"Sales Representatives of Services, Except Advertising, Insurance, Financial Services, and Travel",low,1.0,LOW,"macOS for Enterprise: Advanced Terminal, Security & Productivity Tooling"
1387,Sales,Sales Executive,0.712,HIGH,5.0,1.0,2.0,Sales Managers,low,3.0,LOW,Empathetic Leadership & Active Listening for Cross-Functional Collaboration; Executive Presentation & Public Speaking Masterclass (Toastmasters / Internal Workshop); Technical & Regulatory Documentation Analysis Workshop
1389,Research & Development,Manufacturing Director,0.4072,HIGH,4.0,4.0,3.0,Industrial Production Managers,low,0.0,LOW,None - No skill gaps identified
1390,Sales,Sales Executive,0.5935,HIGH,2.0,3.0,4.0,Sales Managers,low,2.0,LOW,Strategic Problem Solving & Root Cause Decision Analysis Seminar; Bentley MicroStation CAD: 2D/3D Infrastructure Drafting & Asset Modeling
1391,Sales,Sales Executive,0.5511,HIGH,4.0,1.0,1.0,Sales Managers,low,2.0,LOW,"Adobe Acrobat Pro: Digital Signatures, Forms & Secure Document Workflows; Java & Multi-Language Software Development with Eclipse IDE & Git Plugins"
1392,Research & Development,Research Scientist,0.3952,LOW,4.0,4.0,3.0,Computer and Information Research Scientists,medium,1.0,LOW,Cloud Data Warehousing & High-Performance SQL Analytics with Amazon Redshift
1394,Research & Development,Research Scientist,0.3435,LOW,1.0,2.0,2.0,Computer and Information Research Scientists,medium,4.0,MEDIUM,Strategic Problem Solving & Root Cause Decision Analysis Seminar; Cloud Data Warehousing & High-Performance SQL Analytics with Amazon Redshift; AWS Infrastructure as Code: CloudFormation & CDK Automated Deployments
1395,Sales,Sales Executive,0.52,HIGH,4.0,1.0,2.0,Sales Managers,low,6.0,MEDIUM,Empathetic Leadership & Active Listening for Cross-Functional Collaboration; Technical & Regulatory Documentation Analysis Workshop; Strategic Problem Solving & Root Cause Decision Analysis Seminar
1396,Sales,Sales Executive,0.768,HIGH,2.0,1.0,3.0,Sales Managers,low,4.0,MEDIUM,Executive Presentation & Public Speaking Masterclass (Toastmasters / Internal Workshop); Operational Process Auditing & KPI Performance Monitoring Protocols; Adobe Creative Cloud Bootcamp: Multi-App Visual Design & Asset Management
1397,Research & Development,Healthcare Representative,0.0367,LOW,3.0,2.0,3.0,"Sales Representatives of Services, Except Advertising, Insurance, Financial Services, and Travel",low,2.0,LOW,Technical & Regulatory Documentation Analysis Workshop; Continuous Professional Learning & Rapid Skill Acquisition Frameworks
1399,Sales,Sales Executive,0.5711,HIGH,1.0,4.0,4.0,Sales Managers,low,3.0,LOW,Adobe Creative Cloud Bootcamp: Multi-App Visual Design & Asset Management; Bentley MicroStation CAD: 2D/3D Infrastructure Drafting & Asset Modeling; Java & Multi-Language Software Development with Eclipse IDE & Git Plugins
1401,Research & Development,Manufacturing Director,0.4246,HIGH,2.0,5.0,3.0,Industrial Production Managers,low,5.0,MEDIUM,Strategic Problem Solving & Root Cause Decision Analysis Seminar; Operational Process Auditing & KPI Performance Monitoring Protocols; Empathetic Leadership & Active Listening for Cross-Functional Collaboration
1402,Research & Development,Research Scientist,0.5323,HIGH,2.0,4.0,4.0,Computer and Information Research Scientists,medium,0.0,LOW,None - No skill gaps identified
1403,Sales,Sales Executive,0.6632,HIGH,1.0,3.0,2.0,Sales Managers,low,2.0,LOW,"Java & Multi-Language Software Development with Eclipse IDE & Git Plugins; B2B Social Media Marketing, Meta Business Suite & Targeted Outreach Campaigns"
1405,Research & Development,Research Scientist,0.6077,HIGH,3.0,3.0,3.0,Computer and Information Research Scientists,medium,5.0,MEDIUM,Strategic Problem Solving & Root Cause Decision Analysis Seminar; Empathetic Leadership & Active Listening for Cross-Functional Collaboration; Executive Presentation & Public Speaking Masterclass (Toastmasters / Internal Workshop)
1407,Research & Development,Research Scientist,0.3289,LOW,3.0,3.0,1.0,Computer and Information Research Scientists,medium,4.0,MEDIUM,Strategic Problem Solving & Root Cause Decision Analysis Seminar; Continuous Professional Learning & Rapid Skill Acquisition Frameworks; Cloud Data Warehousing & High-Performance SQL Analytics with Amazon Redshift
1408,Human Resources,Manager,0.0301,LOW,3.0,3.0,3.0,"Managers, All Other",very_low,,N/A - Manager,N/A - Manager (use Department-level analysis)
1409,Research & Development,Laboratory Technician,0.5372,HIGH,2.0,2.0,1.0,Medical and Clinical Laboratory Technicians,medium,4.0,MEDIUM,"Technical & Regulatory Documentation Analysis Workshop; Empathetic Leadership & Active Listening for Cross-Functional Collaboration; Advanced Excel: Dynamic Arrays, Power Query & Business Financial Modeling"
1411,Research & Development,Laboratory Technician,0.4825,HIGH,5.0,4.0,5.0,Medical and Clinical Laboratory Technicians,medium,3.0,LOW,"Scientific Methodology, Evidence-Based Rigor & Laboratory Standards Training; Google Workspace Collaboration: Document Co-Authoring & Cloud Governance; Advanced Excel: Dynamic Arrays, Power Query & Business Financial Modeling"
1412,Research & Development,Manufacturing Director,0.4928,HIGH,4.0,3.0,5.0,Industrial Production Managers,low,3.0,LOW,Operational Process Auditing & KPI Performance Monitoring Protocols; Empathetic Leadership & Active Listening for Cross-Functional Collaboration; AutoCAD Essentials: Mechanical/Architectural Drafting & Dimensioning Standards
1415,Research & Development,Laboratory Technician,0.7227,HIGH,2.0,2.0,1.0,Medical and Clinical Laboratory Technicians,medium,4.0,MEDIUM,Empathetic Leadership & Active Listening for Cross-Functional Collaboration; Strategic Problem Solving & Root Cause Decision Analysis Seminar; Executive Presentation & Public Speaking Masterclass (Toastmasters / Internal Workshop)
1417,Research & Development,Laboratory Technician,0.1499,LOW,3.0,5.0,2.0,Medical and Clinical Laboratory Technicians,medium,2.0,LOW,"Scientific Methodology, Evidence-Based Rigor & Laboratory Standards Training; Enterprise Microsoft 365 Productivity & Workflow Automation Bootcamp"
1419,Human Resources,Human Resources,0.7092,HIGH,4.0,2.0,1.0,Human Resources Specialists,medium,0.0,LOW,None - No skill gaps identified
1420,Research & Development,Laboratory Technician,0.9053,HIGH,1.0,2.0,4.0,Medical and Clinical Laboratory Technicians,medium,2.0,LOW,"Strategic Problem Solving & Root Cause Decision Analysis Seminar; Scientific Methodology, Evidence-Based Rigor & Laboratory Standards Training"
1421,Research & Development,Healthcare Representative,0.741,HIGH,3.0,5.0,5.0,"Sales Representatives of Services, Except Advertising, Insurance, Financial Services, and Travel",low,3.0,LOW,Executive Presentation & Public Speaking Masterclass (Toastmasters / Internal Workshop); Continuous Professional Learning & Rapid Skill Acquisition Frameworks; Advanced Statistical Inference & Predictive Modeling using IBM SPSS
1422,Research & Development,Research Director,0.0241,LOW,,,,Natural Sciences Managers,low,0.0,LOW,None - No skill gaps identified
1423,Research & Development,Research Director,0.0143,LOW,2.0,5.0,5.0,Natural Sciences Managers,low,0.0,LOW,None - No skill gaps identified
1424,Research & Development,Research Director,0.0006,LOW,,,,Natural Sciences Managers,low,0.0,LOW,None - No skill gaps identified
1425,Sales,Sales Executive,0.6729,HIGH,2.0,3.0,1.0,Sales Managers,low,4.0,MEDIUM,"Executive Presentation & Public Speaking Masterclass (Toastmasters / Internal Workshop); Adobe Acrobat Pro: Digital Signatures, Forms & Secure Document Workflows; Adobe Creative Cloud Bootcamp: Multi-App Visual Design & Asset Management"
1427,Sales,Sales Representative,0.9418,HIGH,1.0,2.0,3.0,"Sales Representatives of Services, Except Advertising, Insurance, Financial Services, and Travel",medium,5.0,MEDIUM,Empathetic Leadership & Active Listening for Cross-Functional Collaboration; Executive Presentation & Public Speaking Masterclass (Toastmasters / Internal Workshop); Business & Technical Writing: Structuring Executive Summaries & Proposals
1428,Sales,Sales Executive,0.3638,LOW,3.0,5.0,2.0,Sales Managers,low,8.0,HIGH,Empathetic Leadership & Active Listening for Cross-Functional Collaboration; Technical & Regulatory Documentation Analysis Workshop; Strategic Problem Solving & Root Cause Decision Analysis Seminar
1430,Research & Development,Research Director,0.2852,LOW,2.0,2.0,2.0,Natural Sciences Managers,low,5.0,MEDIUM,"Empathetic Leadership & Active Listening for Cross-Functional Collaboration; Adobe Acrobat Pro: Digital Signatures, Forms & Secure Document Workflows; Commercial Image Retouching & Asset Production with Adobe Photoshop"
1431,Research & Development,Research Scientist,0.0926,LOW,2.0,1.0,1.0,Computer and Information Research Scientists,medium,3.0,LOW,Technical & Regulatory Documentation Analysis Workshop; Cloud Data Warehousing & High-Performance SQL Analytics with Amazon Redshift; AWS Infrastructure as Code: CloudFormation & CDK Automated Deployments
1433,Research & Development,Research Scientist,0.667,HIGH,5.0,1.0,3.0,Computer and Information Research Scientists,medium,4.0,MEDIUM,Strategic Problem Solving & Root Cause Decision Analysis Seminar; Executive Presentation & Public Speaking Masterclass (Toastmasters / Internal Workshop); AWS Compute Architecture: Scalable EC2 Fleet Management & Auto-Scaling
1434,Research & Development,Laboratory Technician,0.4172,HIGH,1.0,2.0,3.0,Medical and Clinical Laboratory Technicians,medium,2.0,LOW,Google Workspace Collaboration: Document Co-Authoring & Cloud Governance; MEDITECH EHR Clinical Data Management & Laboratory Information Systems Track
1435,Research & Development,Laboratory Technician,0.5814,HIGH,4.0,2.0,3.0,Medical and Clinical Laboratory Technicians,medium,2.0,LOW,Technical & Regulatory Documentation Analysis Workshop; Empathetic Leadership & Active Listening for Cross-Functional Collaboration
1436,Sales,Sales Executive,0.696,HIGH,1.0,2.0,2.0,Sales Managers,low,1.0,LOW,Empathetic Leadership & Active Listening for Cross-Functional Collaboration
1438,Research & Development,Research Scientist,0.2277,LOW,1.0,4.0,1.0,Computer and Information Research Scientists,medium,1.0,LOW,Empathetic Leadership & Active Listening for Cross-Functional Collaboration
1439,Sales,Sales Representative,0.9512,HIGH,3.0,1.0,3.0,"Sales Representatives of Services, Except Advertising, Insurance, Financial Services, and Travel",medium,6.0,MEDIUM,Empathetic Leadership & Active Listening for Cross-Functional Collaboration; Technical & Regulatory Documentation Analysis Workshop; Continuous Professional Learning & Rapid Skill Acquisition Frameworks
1440,Research & Development,Laboratory Technician,0.2625,LOW,3.0,1.0,4.0,Medical and Clinical Laboratory Technicians,medium,4.0,MEDIUM,Technical & Regulatory Documentation Analysis Workshop; Strategic Problem Solving & Root Cause Decision Analysis Seminar; MEDITECH EHR Clinical Data Management & Laboratory Information Systems Track
1441,Research & Development,Research Scientist,0.0607,LOW,1.0,1.0,5.0,Computer and Information Research Scientists,medium,2.0,LOW,AWS Compute Architecture: Scalable EC2 Fleet Management & Auto-Scaling; Cloud Data Warehousing & High-Performance SQL Analytics with Amazon Redshift
1443,Research & Development,Research Director,0.008,LOW,5.0,2.0,3.0,Natural Sciences Managers,low,0.0,LOW,None - No skill gaps identified
1445,Sales,Sales Executive,0.2683,LOW,,,,Sales Managers,low,5.0,MEDIUM,"Technical & Regulatory Documentation Analysis Workshop; Operational Process Auditing & KPI Performance Monitoring Protocols; Adobe Acrobat Pro: Digital Signatures, Forms & Secure Document Workflows"
1446,Sales,Sales Executive,0.2243,LOW,,,,Sales Managers,low,6.0,MEDIUM,Executive Presentation & Public Speaking Masterclass (Toastmasters / Internal Workshop); Technical & Regulatory Documentation Analysis Workshop; Operational Process Auditing & KPI Performance Monitoring Protocols
1447,Research & Development,Laboratory Technician,0.4642,HIGH,,,,Medical and Clinical Laboratory Technicians,medium,2.0,LOW,"Executive Presentation & Public Speaking Masterclass (Toastmasters / Internal Workshop); Scientific Methodology, Evidence-Based Rigor & Laboratory Standards Training"
1448,Research & Development,Research Scientist,0.3849,LOW,1.0,1.0,3.0,Computer and Information Research Scientists,medium,1.0,LOW,AWS Infrastructure as Code: CloudFormation & CDK Automated Deployments
1449,Research & Development,Laboratory Technician,0.0217,LOW,4.0,2.0,2.0,Medical and Clinical Laboratory Technicians,medium,1.0,LOW,Executive Presentation & Public Speaking Masterclass (Toastmasters / Internal Workshop)
1453,Sales,Sales Executive,0.3028,LOW,1.0,5.0,1.0,Sales Managers,low,0.0,LOW,None - No skill gaps identified
1457,Sales,Sales Executive,0.2143,LOW,2.0,1.0,1.0,Sales Managers,low,4.0,MEDIUM,Technical & Regulatory Documentation Analysis Workshop; Adobe Creative Cloud Bootcamp: Multi-App Visual Design & Asset Management; Java & Multi-Language Software Development with Eclipse IDE & Git Plugins
1458,Research & Development,Laboratory Technician,0.8217,HIGH,2.0,2.0,4.0,Medical and Clinical Laboratory Technicians,medium,5.0,MEDIUM,Empathetic Leadership & Active Listening for Cross-Functional Collaboration; Executive Presentation & Public Speaking Masterclass (Toastmasters / Internal Workshop); MEDITECH EHR Clinical Data Management & Laboratory Information Systems Track
1459,Research & Development,Manufacturing Director,0.2225,LOW,5.0,2.0,5.0,Industrial Production Managers,low,1.0,LOW,AutoCAD Essentials: Mechanical/Architectural Drafting & Dimensioning Standards
1460,Research & Development,Healthcare Representative,0.3079,LOW,2.0,3.0,1.0,"Sales Representatives of Services, Except Advertising, Insurance, Financial Services, and Travel",low,2.0,LOW,"Executive Presentation & Public Speaking Masterclass (Toastmasters / Internal Workshop); macOS for Enterprise: Advanced Terminal, Security & Productivity Tooling"
1461,Human Resources,Human Resources,0.2567,LOW,1.0,1.0,2.0,Human Resources Specialists,medium,5.0,MEDIUM,Executive Presentation & Public Speaking Masterclass (Toastmasters / Internal Workshop); Empathetic Leadership & Active Listening for Cross-Functional Collaboration; Adobe Creative Cloud Bootcamp: Multi-App Visual Design & Asset Management
1464,Research & Development,Laboratory Technician,0.9356,HIGH,2.0,5.0,1.0,Medical and Clinical Laboratory Technicians,medium,2.0,LOW,"MEDITECH EHR Clinical Data Management & Laboratory Information Systems Track; Advanced Excel: Dynamic Arrays, Power Query & Business Financial Modeling"
1465,Research & Development,Manufacturing Director,0.3984,LOW,1.0,1.0,3.0,Industrial Production Managers,low,3.0,LOW,"Empathetic Leadership & Active Listening for Cross-Functional Collaboration; Adobe Acrobat Pro: Digital Signatures, Forms & Secure Document Workflows; AutoCAD Essentials: Mechanical/Architectural Drafting & Dimensioning Standards"
1466,Sales,Sales Executive,0.1546,LOW,1.0,4.0,5.0,Sales Managers,low,1.0,LOW,Technical & Regulatory Documentation Analysis Workshop
1467,Human Resources,Human Resources,0.4239,HIGH,3.0,4.0,2.0,Human Resources Specialists,medium,6.0,MEDIUM,"Technical & Regulatory Documentation Analysis Workshop; Strategic Problem Solving & Root Cause Decision Analysis Seminar; Adobe Acrobat Pro: Digital Signatures, Forms & Secure Document Workflows"
1468,Research & Development,Research Director,0.0069,LOW,3.0,1.0,3.0,Natural Sciences Managers,low,1.0,LOW,Operational Process Auditing & KPI Performance Monitoring Protocols
1469,Sales,Sales Executive,0.1993,LOW,4.0,2.0,4.0,Sales Managers,low,1.0,LOW,Bentley MicroStation CAD: 2D/3D Infrastructure Drafting & Asset Modeling
1471,Research & Development,Laboratory Technician,0.1327,LOW,3.0,4.0,2.0,Medical and Clinical Laboratory Technicians,medium,1.0,LOW,MEDITECH EHR Clinical Data Management & Laboratory Information Systems Track
1472,Research & Development,Research Director,0.0222,LOW,2.0,4.0,1.0,Natural Sciences Managers,low,0.0,LOW,None - No skill gaps identified
1473,Research & Development,Healthcare Representative,0.1131,LOW,5.0,2.0,1.0,"Sales Representatives of Services, Except Advertising, Insurance, Financial Services, and Travel",low,5.0,MEDIUM,"Continuous Professional Learning & Rapid Skill Acquisition Frameworks; macOS for Enterprise: Advanced Terminal, Security & Productivity Tooling; Inbound Sales & CRM Pipeline Optimization with HubSpot Sales Hub"
1474,Research & Development,Research Scientist,0.0344,LOW,2.0,1.0,3.0,Computer and Information Research Scientists,medium,3.0,LOW,"NoSQL Database Architecture with AWS DynamoDB: Modeling & Scalability; AWS Infrastructure as Code: CloudFormation & CDK Automated Deployments; AWS Solutions Architect: Core Cloud Services, IAM & Architecture Design"
1475,Research & Development,Research Scientist,0.1787,LOW,2.0,3.0,3.0,Computer and Information Research Scientists,medium,1.0,LOW,AWS Compute Architecture: Scalable EC2 Fleet Management & Auto-Scaling
1477,Sales,Sales Executive,0.4759,HIGH,5.0,5.0,3.0,Sales Managers,low,2.0,LOW,"Strategic Problem Solving & Root Cause Decision Analysis Seminar; B2B Social Media Marketing, Meta Business Suite & Targeted Outreach Campaigns"
1478,Sales,Sales Executive,0.0898,LOW,1.0,1.0,3.0,Sales Managers,low,1.0,LOW,Empathetic Leadership & Active Listening for Cross-Functional Collaboration
1479,Sales,Sales Executive,0.3939,LOW,3.0,4.0,2.0,Sales Managers,low,4.0,MEDIUM,Empathetic Leadership & Active Listening for Cross-Functional Collaboration; Technical & Regulatory Documentation Analysis Workshop; Strategic Problem Solving & Root Cause Decision Analysis Seminar
1480,Research & Development,Laboratory Technician,0.3729,LOW,5.0,1.0,4.0,Medical and Clinical Laboratory Technicians,medium,0.0,LOW,None - No skill gaps identified
1481,Sales,Sales Executive,0.7169,HIGH,3.0,5.0,3.0,Sales Managers,low,5.0,MEDIUM,Empathetic Leadership & Active Listening for Cross-Functional Collaboration; Technical & Regulatory Documentation Analysis Workshop; Strategic Problem Solving & Root Cause Decision Analysis Seminar
1482,Research & Development,Research Scientist,0.1328,LOW,1.0,1.0,1.0,Computer and Information Research Scientists,medium,7.0,HIGH,Technical & Regulatory Documentation Analysis Workshop; Empathetic Leadership & Active Listening for Cross-Functional Collaboration; Executive Presentation & Public Speaking Masterclass (Toastmasters / Internal Workshop)
1483,Research & Development,Research Scientist,0.0213,LOW,3.0,5.0,4.0,Computer and Information Research Scientists,medium,0.0,LOW,None - No skill gaps identified
1484,Research & Development,Healthcare Representative,0.006,LOW,5.0,2.0,1.0,"Sales Representatives of Services, Except Advertising, Insurance, Financial Services, and Travel",low,1.0,LOW,Advanced Statistical Inference & Predictive Modeling using IBM SPSS
1485,Research & Development,Research Director,0.241,LOW,1.0,2.0,1.0,Natural Sciences Managers,low,2.0,LOW,Empathetic Leadership & Active Listening for Cross-Functional Collaboration; Advanced Statistical Inference & Predictive Modeling using IBM SPSS
1486,Sales,Sales Representative,0.6513,HIGH,5.0,5.0,2.0,"Sales Representatives of Services, Except Advertising, Insurance, Financial Services, and Travel",medium,4.0,MEDIUM,Empathetic Leadership & Active Listening for Cross-Functional Collaboration; Continuous Professional Learning & Rapid Skill Acquisition Frameworks; Advanced Statistical Inference & Predictive Modeling using IBM SPSS
1487,Sales,Sales Executive,0.9842,HIGH,4.0,4.0,2.0,Sales Managers,low,2.0,LOW,"Strategic Problem Solving & Root Cause Decision Analysis Seminar; Adobe Acrobat Pro: Digital Signatures, Forms & Secure Document Workflows"
1489,Sales,Sales Executive,0.8856,HIGH,3.0,5.0,2.0,Sales Managers,low,0.0,LOW,None - No skill gaps identified
1492,Sales,Sales Representative,0.5097,HIGH,4.0,5.0,2.0,"Sales Representatives of Services, Except Advertising, Insurance, Financial Services, and Travel",medium,8.0,HIGH,Empathetic Leadership & Active Listening for Cross-Functional Collaboration; Business & Technical Writing: Structuring Executive Summaries & Proposals; Continuous Professional Learning & Rapid Skill Acquisition Frameworks
1494,Research & Development,Laboratory Technician,0.9914,HIGH,5.0,5.0,5.0,Medical and Clinical Laboratory Technicians,medium,6.0,MEDIUM,"Empathetic Leadership & Active Listening for Cross-Functional Collaboration; Executive Presentation & Public Speaking Masterclass (Toastmasters / Internal Workshop); Scientific Methodology, Evidence-Based Rigor & Laboratory Standards Training"
1495,Sales,Sales Representative,0.3379,LOW,3.0,3.0,4.0,"Sales Representatives of Services, Except Advertising, Insurance, Financial Services, and Travel",medium,9.0,HIGH,Empathetic Leadership & Active Listening for Cross-Functional Collaboration; Executive Presentation & Public Speaking Masterclass (Toastmasters / Internal Workshop); Technical & Regulatory Documentation Analysis Workshop
1496,Research & Development,Manufacturing Director,0.7148,HIGH,2.0,3.0,3.0,Industrial Production Managers,low,5.0,MEDIUM,"Executive Presentation & Public Speaking Masterclass (Toastmasters / Internal Workshop); Technical & Regulatory Documentation Analysis Workshop; Motion Graphics, Video Storytelling & Product Animation with After Effects"
1497,Sales,Sales Executive,0.0893,LOW,5.0,4.0,5.0,Sales Managers,low,1.0,LOW,Executive Presentation & Public Speaking Masterclass (Toastmasters / Internal Workshop)
1499,Human Resources,Human Resources,0.1079,LOW,4.0,2.0,3.0,Human Resources Specialists,medium,2.0,LOW,Technical & Regulatory Documentation Analysis Workshop; Strategic Problem Solving & Root Cause Decision Analysis Seminar
1501,Research & Development,Healthcare Representative,0.1726,LOW,5.0,4.0,4.0,"Sales Representatives of Services, Except Advertising, Insurance, Financial Services, and Travel",low,5.0,MEDIUM,Empathetic Leadership & Active Listening for Cross-Functional Collaboration; Technical & Regulatory Documentation Analysis Workshop; Business & Technical Writing: Structuring Executive Summaries & Proposals
1502,Research & Development,Laboratory Technician,0.6412,HIGH,5.0,3.0,5.0,Medical and Clinical Laboratory Technicians,medium,0.0,LOW,None - No skill gaps identified
1503,Sales,Sales Executive,0.4868,HIGH,2.0,2.0,4.0,Sales Managers,low,3.0,LOW,Strategic Problem Solving & Root Cause Decision Analysis Seminar; Adobe Creative Cloud Bootcamp: Multi-App Visual Design & Asset Management; Bentley MicroStation CAD: 2D/3D Infrastructure Drafting & Asset Modeling
1504,Research & Development,Laboratory Technician,0.9708,HIGH,5.0,3.0,2.0,Medical and Clinical Laboratory Technicians,medium,7.0,HIGH,Technical & Regulatory Documentation Analysis Workshop; Strategic Problem Solving & Root Cause Decision Analysis Seminar; Executive Presentation & Public Speaking Masterclass (Toastmasters / Internal Workshop)
1506,Research & Development,Research Scientist,0.318,LOW,2.0,3.0,2.0,Computer and Information Research Scientists,medium,3.0,LOW,Executive Presentation & Public Speaking Masterclass (Toastmasters / Internal Workshop); Continuous Professional Learning & Rapid Skill Acquisition Frameworks; AWS Compute Architecture: Scalable EC2 Fleet Management & Auto-Scaling
1507,Sales,Sales Executive,0.6082,HIGH,1.0,2.0,1.0,Sales Managers,low,2.0,LOW,"Executive Presentation & Public Speaking Masterclass (Toastmasters / Internal Workshop); Adobe Acrobat Pro: Digital Signatures, Forms & Secure Document Workflows"
1509,Research & Development,Laboratory Technician,0.5454,HIGH,5.0,1.0,3.0,Medical and Clinical Laboratory Technicians,medium,6.0,MEDIUM,Empathetic Leadership & Active Listening for Cross-Functional Collaboration; Strategic Problem Solving & Root Cause Decision Analysis Seminar; Executive Presentation & Public Speaking Masterclass (Toastmasters / Internal Workshop)
1513,Research & Development,Laboratory Technician,0.196,LOW,5.0,3.0,5.0,Medical and Clinical Laboratory Technicians,medium,4.0,MEDIUM,"Technical & Regulatory Documentation Analysis Workshop; Advanced Excel: Dynamic Arrays, Power Query & Business Financial Modeling; Enterprise Microsoft 365 Productivity & Workflow Automation Bootcamp"
1514,Research & Development,Manufacturing Director,0.2868,LOW,1.0,3.0,2.0,Industrial Production Managers,low,1.0,LOW,Strategic Problem Solving & Root Cause Decision Analysis Seminar
1515,Research & Development,Healthcare Representative,0.2733,LOW,2.0,3.0,1.0,"Sales Representatives of Services, Except Advertising, Insurance, Financial Services, and Travel",low,4.0,MEDIUM,Executive Presentation & Public Speaking Masterclass (Toastmasters / Internal Workshop); Inbound Sales & CRM Pipeline Optimization with HubSpot Sales Hub; Advanced Statistical Inference & Predictive Modeling using IBM SPSS
1516,Research & Development,Manager,0.1282,LOW,1.0,5.0,3.0,"Managers, All Other",very_low,,N/A - Manager,N/A - Manager (use Department-level analysis)
1520,Research & Development,Manager,0.0151,LOW,2.0,2.0,5.0,"Managers, All Other",very_low,,N/A - Manager,N/A - Manager (use Department-level analysis)
1522,Research & Development,Research Scientist,0.791,HIGH,3.0,4.0,5.0,Computer and Information Research Scientists,medium,0.0,LOW,None - No skill gaps identified
1523,Research & Development,Research Director,0.1316,LOW,4.0,4.0,3.0,Natural Sciences Managers,low,3.0,LOW,Technical & Regulatory Documentation Analysis Workshop; Empathetic Leadership & Active Listening for Cross-Functional Collaboration; Advanced Statistical Inference & Predictive Modeling using IBM SPSS
1525,Research & Development,Manufacturing Director,0.2299,LOW,2.0,4.0,1.0,Industrial Production Managers,low,5.0,MEDIUM,Executive Presentation & Public Speaking Masterclass (Toastmasters / Internal Workshop); Technical & Regulatory Documentation Analysis Workshop; Empathetic Leadership & Active Listening for Cross-Functional Collaboration
1527,Sales,Manager,0.2388,LOW,1.0,1.0,3.0,"Managers, All Other",very_low,,N/A - Manager,N/A - Manager (use Department-level analysis)
1529,Research & Development,Healthcare Representative,0.2032,LOW,3.0,1.0,3.0,"Sales Representatives of Services, Except Advertising, Insurance, Financial Services, and Travel",low,0.0,LOW,None - No skill gaps identified
1533,Research & Development,Laboratory Technician,0.876,HIGH,,,,Medical and Clinical Laboratory Technicians,medium,5.0,MEDIUM,"Executive Presentation & Public Speaking Masterclass (Toastmasters / Internal Workshop); Google Workspace Collaboration: Document Co-Authoring & Cloud Governance; Advanced Excel: Dynamic Arrays, Power Query & Business Financial Modeling"
1534,Research & Development,Laboratory Technician,0.6507,HIGH,1.0,1.0,5.0,Medical and Clinical Laboratory Technicians,medium,3.0,LOW,Technical & Regulatory Documentation Analysis Workshop; Empathetic Leadership & Active Listening for Cross-Functional Collaboration; Strategic Problem Solving & Root Cause Decision Analysis Seminar
1535,Sales,Sales Executive,0.7034,HIGH,4.0,2.0,1.0,Sales Managers,low,0.0,LOW,None - No skill gaps identified
1537,Research & Development,Research Scientist,0.4794,HIGH,5.0,2.0,4.0,Computer and Information Research Scientists,medium,4.0,MEDIUM,Technical & Regulatory Documentation Analysis Workshop; Empathetic Leadership & Active Listening for Cross-Functional Collaboration; Executive Presentation & Public Speaking Masterclass (Toastmasters / Internal Workshop)
1539,Research & Development,Research Director,0.6945,HIGH,4.0,4.0,5.0,Natural Sciences Managers,low,1.0,LOW,Relational Database Design & SQL Querying with Microsoft Access
1541,Sales,Sales Representative,0.5773,HIGH,1.0,4.0,1.0,"Sales Representatives of Services, Except Advertising, Insurance, Financial Services, and Travel",medium,0.0,LOW,None - No skill gaps identified
1542,Research & Development,Laboratory Technician,0.5031,HIGH,5.0,4.0,4.0,Medical and Clinical Laboratory Technicians,medium,6.0,MEDIUM,Strategic Problem Solving & Root Cause Decision Analysis Seminar; Google Workspace Collaboration: Document Co-Authoring & Cloud Governance; MEDITECH EHR Clinical Data Management & Laboratory Information Systems Track
1543,Research & Development,Research Scientist,0.1784,LOW,4.0,1.0,1.0,Computer and Information Research Scientists,medium,3.0,LOW,"Strategic Problem Solving & Root Cause Decision Analysis Seminar; Continuous Professional Learning & Rapid Skill Acquisition Frameworks; AWS Solutions Architect: Core Cloud Services, IAM & Architecture Design"
1544,Research & Development,Healthcare Representative,0.098,LOW,5.0,1.0,5.0,"Sales Representatives of Services, Except Advertising, Insurance, Financial Services, and Travel",low,0.0,LOW,None - No skill gaps identified
1545,Research & Development,Manufacturing Director,0.4317,HIGH,2.0,4.0,2.0,Industrial Production Managers,low,3.0,LOW,"Technical & Regulatory Documentation Analysis Workshop; Empathetic Leadership & Active Listening for Cross-Functional Collaboration; Corporate Layout Design, Multi-Page Publishing & Pitch Decks with InDesign"
1546,Research & Development,Research Scientist,0.0848,LOW,3.0,1.0,5.0,Computer and Information Research Scientists,medium,3.0,LOW,Strategic Problem Solving & Root Cause Decision Analysis Seminar; Empathetic Leadership & Active Listening for Cross-Functional Collaboration; Continuous Professional Learning & Rapid Skill Acquisition Frameworks
1547,Research & Development,Healthcare Representative,0.5532,HIGH,4.0,4.0,4.0,"Sales Representatives of Services, Except Advertising, Insurance, Financial Services, and Travel",low,0.0,LOW,None - No skill gaps identified
1548,Sales,Sales Executive,0.4346,HIGH,1.0,4.0,4.0,Sales Managers,low,0.0,LOW,None - No skill gaps identified
1549,Research & Development,Laboratory Technician,0.7919,HIGH,2.0,3.0,1.0,Medical and Clinical Laboratory Technicians,medium,1.0,LOW,Technical & Regulatory Documentation Analysis Workshop
1550,Human Resources,Manager,0.4109,HIGH,2.0,3.0,3.0,"Managers, All Other",very_low,,N/A - Manager,N/A - Manager (use Department-level analysis)
1551,Research & Development,Laboratory Technician,0.7953,HIGH,,,,Medical and Clinical Laboratory Technicians,medium,6.0,MEDIUM,"Strategic Problem Solving & Root Cause Decision Analysis Seminar; Scientific Methodology, Evidence-Based Rigor & Laboratory Standards Training; Google Workspace Collaboration: Document Co-Authoring & Cloud Governance"
1552,Research & Development,Healthcare Representative,0.0572,LOW,,,,"Sales Representatives of Services, Except Advertising, Insurance, Financial Services, and Travel",low,4.0,MEDIUM,"Empathetic Leadership & Active Listening for Cross-Functional Collaboration; Continuous Professional Learning & Rapid Skill Acquisition Frameworks; Advanced Excel: Dynamic Arrays, Power Query & Business Financial Modeling"
1553,Research & Development,Healthcare Representative,0.2087,LOW,3.0,1.0,5.0,"Sales Representatives of Services, Except Advertising, Insurance, Financial Services, and Travel",low,0.0,LOW,None - No skill gaps identified
1554,Sales,Sales Representative,0.5062,HIGH,,,,"Sales Representatives of Services, Except Advertising, Insurance, Financial Services, and Travel",medium,0.0,LOW,None - No skill gaps identified
1555,Research & Development,Research Scientist,0.1826,LOW,5.0,1.0,2.0,Computer and Information Research Scientists,medium,2.0,LOW,AWS Compute Architecture: Scalable EC2 Fleet Management & Auto-Scaling; Cloud Data Warehousing & High-Performance SQL Analytics with Amazon Redshift
1556,Sales,Sales Representative,0.7796,HIGH,4.0,5.0,2.0,"Sales Representatives of Services, Except Advertising, Insurance, Financial Services, and Travel",medium,5.0,MEDIUM,"Empathetic Leadership & Active Listening for Cross-Functional Collaboration; Business & Technical Writing: Structuring Executive Summaries & Proposals; macOS for Enterprise: Advanced Terminal, Security & Productivity Tooling"
1557,Sales,Sales Executive,0.1729,LOW,4.0,1.0,2.0,Sales Managers,low,0.0,LOW,None - No skill gaps identified
1558,Research & Development,Research Scientist,0.3033,LOW,3.0,5.0,2.0,Computer and Information Research Scientists,medium,6.0,MEDIUM,Strategic Problem Solving & Root Cause Decision Analysis Seminar; Executive Presentation & Public Speaking Masterclass (Toastmasters / Internal Workshop); Continuous Professional Learning & Rapid Skill Acquisition Frameworks
1560,Sales,Sales Executive,0.4652,HIGH,1.0,2.0,4.0,Sales Managers,low,4.0,MEDIUM,Executive Presentation & Public Speaking Masterclass (Toastmasters / Internal Workshop); Technical & Regulatory Documentation Analysis Workshop; Adobe Creative Cloud Bootcamp: Multi-App Visual Design & Asset Management
1562,Sales,Sales Executive,0.3077,LOW,3.0,2.0,1.0,Sales Managers,low,0.0,LOW,None - No skill gaps identified
1563,Human Resources,Human Resources,0.5967,HIGH,1.0,4.0,3.0,Human Resources Specialists,medium,3.0,LOW,"Adobe Acrobat Pro: Digital Signatures, Forms & Secure Document Workflows; Vector Graphics, Infographics & Brand Asset Design in Adobe Illustrator; Corporate Layout Design, Multi-Page Publishing & Pitch Decks with InDesign"
1564,Research & Development,Laboratory Technician,0.5387,HIGH,4.0,1.0,4.0,Medical and Clinical Laboratory Technicians,medium,3.0,LOW,"Technical & Regulatory Documentation Analysis Workshop; Scientific Methodology, Evidence-Based Rigor & Laboratory Standards Training; Enterprise Microsoft 365 Productivity & Workflow Automation Bootcamp"
1568,Sales,Sales Executive,0.7398,HIGH,1.0,2.0,3.0,Sales Managers,low,5.0,MEDIUM,Empathetic Leadership & Active Listening for Cross-Functional Collaboration; Executive Presentation & Public Speaking Masterclass (Toastmasters / Internal Workshop); Technical & Regulatory Documentation Analysis Workshop
1569,Research & Development,Laboratory Technician,0.8876,HIGH,1.0,3.0,1.0,Medical and Clinical Laboratory Technicians,medium,5.0,MEDIUM,"Strategic Problem Solving & Root Cause Decision Analysis Seminar; Scientific Methodology, Evidence-Based Rigor & Laboratory Standards Training; Google Workspace Collaboration: Document Co-Authoring & Cloud Governance"
1572,Research & Development,Manufacturing Director,0.0042,LOW,2.0,4.0,3.0,Industrial Production Managers,low,0.0,LOW,None - No skill gaps identified
1573,Research & Development,Manufacturing Director,0.1789,LOW,1.0,1.0,3.0,Industrial Production Managers,low,4.0,MEDIUM,"Technical & Regulatory Documentation Analysis Workshop; Adobe Acrobat Pro: Digital Signatures, Forms & Secure Document Workflows; Motion Graphics, Video Storytelling & Product Animation with After Effects"
1574,Research & Development,Research Scientist,0.1648,LOW,,,,Computer and Information Research Scientists,medium,5.0,MEDIUM,Strategic Problem Solving & Root Cause Decision Analysis Seminar; Technical & Regulatory Documentation Analysis Workshop; Executive Presentation & Public Speaking Masterclass (Toastmasters / Internal Workshop)
1576,Research & Development,Research Scientist,0.2158,LOW,5.0,2.0,3.0,Computer and Information Research Scientists,medium,2.0,LOW,Strategic Problem Solving & Root Cause Decision Analysis Seminar; Empathetic Leadership & Active Listening for Cross-Functional Collaboration
1577,Research & Development,Research Scientist,0.5838,HIGH,5.0,2.0,1.0,Computer and Information Research Scientists,medium,3.0,LOW,"Strategic Problem Solving & Root Cause Decision Analysis Seminar; Empathetic Leadership & Active Listening for Cross-Functional Collaboration; AWS Solutions Architect: Core Cloud Services, IAM & Architecture Design"
1578,Sales,Manager,0.0351,LOW,5.0,5.0,1.0,"Managers, All Other",very_low,,N/A - Manager,N/A - Manager (use Department-level analysis)
1580,Research & Development,Research Scientist,0.2752,LOW,1.0,1.0,5.0,Computer and Information Research Scientists,medium,5.0,MEDIUM,Strategic Problem Solving & Root Cause Decision Analysis Seminar; Technical & Regulatory Documentation Analysis Workshop; Executive Presentation & Public Speaking Masterclass (Toastmasters / Internal Workshop)
1581,Research & Development,Research Scientist,0.2569,LOW,1.0,3.0,5.0,Computer and Information Research Scientists,medium,3.0,LOW,Executive Presentation & Public Speaking Masterclass (Toastmasters / Internal Workshop); Continuous Professional Learning & Rapid Skill Acquisition Frameworks; Cloud Data Warehousing & High-Performance SQL Analytics with Amazon Redshift
1582,Sales,Sales Executive,0.1299,LOW,2.0,1.0,5.0,Sales Managers,low,0.0,LOW,None - No skill gaps identified
1583,Sales,Sales Executive,0.5097,HIGH,3.0,3.0,3.0,Sales Managers,low,5.0,MEDIUM,Empathetic Leadership & Active Listening for Cross-Functional Collaboration; Executive Presentation & Public Speaking Masterclass (Toastmasters / Internal Workshop); Technical & Regulatory Documentation Analysis Workshop
1585,Sales,Sales Executive,0.3966,LOW,5.0,4.0,4.0,Sales Managers,low,4.0,MEDIUM,Executive Presentation & Public Speaking Masterclass (Toastmasters / Internal Workshop); Operational Process Auditing & KPI Performance Monitoring Protocols; Java & Multi-Language Software Development with Eclipse IDE & Git Plugins
1586,Research & Development,Laboratory Technician,0.5798,HIGH,3.0,3.0,4.0,Medical and Clinical Laboratory Technicians,medium,1.0,LOW,"Advanced Excel: Dynamic Arrays, Power Query & Business Financial Modeling"
1587,Research & Development,Healthcare Representative,0.5691,HIGH,4.0,5.0,3.0,"Sales Representatives of Services, Except Advertising, Insurance, Financial Services, and Travel",low,1.0,LOW,Empathetic Leadership & Active Listening for Cross-Functional Collaboration
1588,Sales,Sales Executive,0.1558,LOW,1.0,5.0,5.0,Sales Managers,low,1.0,LOW,Operational Process Auditing & KPI Performance Monitoring Protocols
1590,Research & Development,Healthcare Representative,0.0607,LOW,5.0,1.0,3.0,"Sales Representatives of Services, Except Advertising, Insurance, Financial Services, and Travel",low,5.0,MEDIUM,Empathetic Leadership & Active Listening for Cross-Functional Collaboration; Executive Presentation & Public Speaking Masterclass (Toastmasters / Internal Workshop); Continuous Professional Learning & Rapid Skill Acquisition Frameworks
1591,Sales,Manager,0.3417,LOW,4.0,3.0,1.0,"Managers, All Other",very_low,,N/A - Manager,N/A - Manager (use Department-level analysis)
1592,Research & Development,Research Scientist,0.1016,LOW,1.0,1.0,4.0,Computer and Information Research Scientists,medium,5.0,MEDIUM,Empathetic Leadership & Active Listening for Cross-Functional Collaboration; Continuous Professional Learning & Rapid Skill Acquisition Frameworks; NoSQL Database Architecture with AWS DynamoDB: Modeling & Scalability
1594,Research & Development,Laboratory Technician,0.8893,HIGH,1.0,1.0,4.0,Medical and Clinical Laboratory Technicians,medium,2.0,LOW,"Strategic Problem Solving & Root Cause Decision Analysis Seminar; Scientific Methodology, Evidence-Based Rigor & Laboratory Standards Training"
1595,Research & Development,Manager,0.0394,LOW,3.0,4.0,3.0,"Managers, All Other",very_low,,N/A - Manager,N/A - Manager (use Department-level analysis)
1596,Research & Development,Laboratory Technician,0.3042,LOW,,,,Medical and Clinical Laboratory Technicians,medium,2.0,LOW,"Executive Presentation & Public Speaking Masterclass (Toastmasters / Internal Workshop); Time Management, Calendar Optimization & Executive Email Triage in Outlook"
1597,Research & Development,Healthcare Representative,0.4445,HIGH,,,,"Sales Representatives of Services, Except Advertising, Insurance, Financial Services, and Travel",low,2.0,LOW,Executive Presentation & Public Speaking Masterclass (Toastmasters / Internal Workshop); Business & Technical Writing: Structuring Executive Summaries & Proposals
1598,Sales,Sales Executive,0.2525,LOW,,,,Sales Managers,low,3.0,LOW,Technical & Regulatory Documentation Analysis Workshop; Strategic Problem Solving & Root Cause Decision Analysis Seminar; Java & Multi-Language Software Development with Eclipse IDE & Git Plugins
1599,Research & Development,Laboratory Technician,0.4088,HIGH,4.0,5.0,2.0,Medical and Clinical Laboratory Technicians,medium,3.0,LOW,"Empathetic Leadership & Active Listening for Cross-Functional Collaboration; Strategic Problem Solving & Root Cause Decision Analysis Seminar; Scientific Methodology, Evidence-Based Rigor & Laboratory Standards Training"
1601,Research & Development,Laboratory Technician,0.1965,LOW,4.0,2.0,5.0,Medical and Clinical Laboratory Technicians,medium,5.0,MEDIUM,Empathetic Leadership & Active Listening for Cross-Functional Collaboration; Strategic Problem Solving & Root Cause Decision Analysis Seminar; Google Workspace Collaboration: Document Co-Authoring & Cloud Governance
1602,Sales,Manager,0.057,LOW,2.0,1.0,3.0,"Managers, All Other",very_low,,N/A - Manager,N/A - Manager (use Department-level analysis)
1604,Research & Development,Laboratory Technician,0.8604,HIGH,1.0,5.0,1.0,Medical and Clinical Laboratory Technicians,medium,3.0,LOW,"Scientific Methodology, Evidence-Based Rigor & Laboratory Standards Training; MEDITECH EHR Clinical Data Management & Laboratory Information Systems Track; Advanced Excel: Dynamic Arrays, Power Query & Business Financial Modeling"
1605,Research & Development,Research Scientist,0.5872,HIGH,2.0,3.0,3.0,Computer and Information Research Scientists,medium,3.0,LOW,Empathetic Leadership & Active Listening for Cross-Functional Collaboration; Continuous Professional Learning & Rapid Skill Acquisition Frameworks; AWS Infrastructure as Code: CloudFormation & CDK Automated Deployments
1606,Research & Development,Healthcare Representative,0.5072,HIGH,5.0,4.0,3.0,"Sales Representatives of Services, Except Advertising, Insurance, Financial Services, and Travel",low,0.0,LOW,None - No skill gaps identified
1607,Research & Development,Research Scientist,0.0212,LOW,3.0,5.0,5.0,Computer and Information Research Scientists,medium,4.0,MEDIUM,Technical & Regulatory Documentation Analysis Workshop; Empathetic Leadership & Active Listening for Cross-Functional Collaboration; NoSQL Database Architecture with AWS DynamoDB: Modeling & Scalability
1608,Research & Development,Research Director,0.0123,LOW,2.0,4.0,3.0,Natural Sciences Managers,low,1.0,LOW,Empathetic Leadership & Active Listening for Cross-Functional Collaboration
1609,Research & Development,Research Scientist,0.4677,HIGH,5.0,5.0,4.0,Computer and Information Research Scientists,medium,4.0,MEDIUM,Executive Presentation & Public Speaking Masterclass (Toastmasters / Internal Workshop); Continuous Professional Learning & Rapid Skill Acquisition Frameworks; AWS Compute Architecture: Scalable EC2 Fleet Management & Auto-Scaling
1611,Research & Development,Laboratory Technician,0.8887,HIGH,1.0,2.0,2.0,Medical and Clinical Laboratory Technicians,medium,1.0,LOW,"Time Management, Calendar Optimization & Executive Email Triage in Outlook"
1612,Sales,Sales Executive,0.654,HIGH,5.0,5.0,3.0,Sales Managers,low,2.0,LOW,Executive Presentation & Public Speaking Masterclass (Toastmasters / Internal Workshop); Java & Multi-Language Software Development with Eclipse IDE & Git Plugins
1613,Sales,Sales Executive,0.5688,HIGH,4.0,2.0,1.0,Sales Managers,low,6.0,MEDIUM,"Executive Presentation & Public Speaking Masterclass (Toastmasters / Internal Workshop); Operational Process Auditing & KPI Performance Monitoring Protocols; Adobe Acrobat Pro: Digital Signatures, Forms & Secure Document Workflows"
1614,Research & Development,Manufacturing Director,0.727,HIGH,1.0,4.0,2.0,Industrial Production Managers,low,4.0,MEDIUM,"Executive Presentation & Public Speaking Masterclass (Toastmasters / Internal Workshop); Technical & Regulatory Documentation Analysis Workshop; Corporate Layout Design, Multi-Page Publishing & Pitch Decks with InDesign"
1615,Research & Development,Manufacturing Director,0.2093,LOW,1.0,1.0,3.0,Industrial Production Managers,low,0.0,LOW,None - No skill gaps identified
1617,Research & Development,Laboratory Technician,0.2299,LOW,5.0,1.0,2.0,Medical and Clinical Laboratory Technicians,medium,1.0,LOW,Executive Presentation & Public Speaking Masterclass (Toastmasters / Internal Workshop)
1618,Research & Development,Manufacturing Director,0.0884,LOW,2.0,5.0,4.0,Industrial Production Managers,low,2.0,LOW,"Motion Graphics, Video Storytelling & Product Animation with After Effects; Corporate Layout Design, Multi-Page Publishing & Pitch Decks with InDesign"
1619,Research & Development,Laboratory Technician,0.152,LOW,,,,Medical and Clinical Laboratory Technicians,medium,3.0,LOW,"Executive Presentation & Public Speaking Masterclass (Toastmasters / Internal Workshop); Scientific Methodology, Evidence-Based Rigor & Laboratory Standards Training; MEDITECH EHR Clinical Data Management & Laboratory Information Systems Track"
1621,Research & Development,Research Scientist,0.0529,LOW,4.0,1.0,3.0,Computer and Information Research Scientists,medium,1.0,LOW,NoSQL Database Architecture with AWS DynamoDB: Modeling & Scalability
1622,Research & Development,Manufacturing Director,0.5961,HIGH,1.0,5.0,5.0,Industrial Production Managers,low,5.0,MEDIUM,"Executive Presentation & Public Speaking Masterclass (Toastmasters / Internal Workshop); Technical & Regulatory Documentation Analysis Workshop; Motion Graphics, Video Storytelling & Product Animation with After Effects"
1623,Research & Development,Research Scientist,0.1701,LOW,1.0,2.0,2.0,Computer and Information Research Scientists,medium,7.0,HIGH,Strategic Problem Solving & Root Cause Decision Analysis Seminar; Technical & Regulatory Documentation Analysis Workshop; Empathetic Leadership & Active Listening for Cross-Functional Collaboration
1624,Sales,Sales Representative,0.9722,HIGH,5.0,1.0,3.0,"Sales Representatives of Services, Except Advertising, Insurance, Financial Services, and Travel",medium,5.0,MEDIUM,Empathetic Leadership & Active Listening for Cross-Functional Collaboration; Technical & Regulatory Documentation Analysis Workshop; Business & Technical Writing: Structuring Executive Summaries & Proposals
1625,Human Resources,Manager,0.0756,LOW,5.0,2.0,2.0,"Managers, All Other",very_low,,N/A - Manager,N/A - Manager (use Department-level analysis)
1627,Research & Development,Laboratory Technician,0.0768,LOW,4.0,4.0,1.0,Medical and Clinical Laboratory Technicians,medium,0.0,LOW,None - No skill gaps identified
1628,Research & Development,Manufacturing Director,0.1719,LOW,4.0,4.0,2.0,Industrial Production Managers,low,1.0,LOW,Executive Presentation & Public Speaking Masterclass (Toastmasters / Internal Workshop)
1630,Research & Development,Healthcare Representative,0.0052,LOW,4.0,3.0,2.0,"Sales Representatives of Services, Except Advertising, Insurance, Financial Services, and Travel",low,2.0,LOW,Technical & Regulatory Documentation Analysis Workshop; Inbound Sales & CRM Pipeline Optimization with HubSpot Sales Hub
1631,Research & Development,Manufacturing Director,0.1698,LOW,2.0,4.0,1.0,Industrial Production Managers,low,3.0,LOW,"Technical & Regulatory Documentation Analysis Workshop; Motion Graphics, Video Storytelling & Product Animation with After Effects; Commercial Image Retouching & Asset Production with Adobe Photoshop"
1633,Research & Development,Manufacturing Director,0.3313,LOW,4.0,3.0,2.0,Industrial Production Managers,low,2.0,LOW,Operational Process Auditing & KPI Performance Monitoring Protocols; Empathetic Leadership & Active Listening for Cross-Functional Collaboration
1635,Research & Development,Manufacturing Director,0.0031,LOW,4.0,4.0,2.0,Industrial Production Managers,low,0.0,LOW,None - No skill gaps identified
1638,Research & Development,Manufacturing Director,0.1365,LOW,2.0,4.0,5.0,Industrial Production Managers,low,1.0,LOW,Executive Presentation & Public Speaking Masterclass (Toastmasters / Internal Workshop)
1639,Sales,Sales Executive,0.7623,HIGH,1.0,2.0,1.0,Sales Managers,low,0.0,LOW,None - No skill gaps identified
1640,Research & Development,Research Scientist,0.2759,LOW,2.0,4.0,1.0,Computer and Information Research Scientists,medium,0.0,LOW,None - No skill gaps identified
1641,Research & Development,Manufacturing Director,0.6042,HIGH,5.0,4.0,4.0,Industrial Production Managers,low,3.0,LOW,"Operational Process Auditing & KPI Performance Monitoring Protocols; Empathetic Leadership & Active Listening for Cross-Functional Collaboration; Adobe Acrobat Pro: Digital Signatures, Forms & Secure Document Workflows"
1642,Human Resources,Human Resources,0.825,HIGH,3.0,2.0,2.0,Human Resources Specialists,medium,0.0,LOW,None - No skill gaps identified
1644,Research & Development,Manager,0.0446,LOW,3.0,1.0,1.0,"Managers, All Other",very_low,,N/A - Manager,N/A - Manager (use Department-level analysis)
1645,Sales,Sales Executive,0.8939,HIGH,5.0,5.0,5.0,Sales Managers,low,6.0,MEDIUM,Empathetic Leadership & Active Listening for Cross-Functional Collaboration; Executive Presentation & Public Speaking Masterclass (Toastmasters / Internal Workshop); Technical & Regulatory Documentation Analysis Workshop
1646,Research & Development,Research Scientist,0.8364,HIGH,2.0,2.0,1.0,Computer and Information Research Scientists,medium,3.0,LOW,Strategic Problem Solving & Root Cause Decision Analysis Seminar; Empathetic Leadership & Active Listening for Cross-Functional Collaboration; AWS Infrastructure as Code: CloudFormation & CDK Automated Deployments
1647,Research & Development,Research Scientist,0.4022,HIGH,4.0,2.0,5.0,Computer and Information Research Scientists,medium,5.0,MEDIUM,Technical & Regulatory Documentation Analysis Workshop; Executive Presentation & Public Speaking Masterclass (Toastmasters / Internal Workshop); Continuous Professional Learning & Rapid Skill Acquisition Frameworks
1648,Research & Development,Research Scientist,0.3597,LOW,4.0,4.0,5.0,Computer and Information Research Scientists,medium,7.0,HIGH,Strategic Problem Solving & Root Cause Decision Analysis Seminar; Technical & Regulatory Documentation Analysis Workshop; Executive Presentation & Public Speaking Masterclass (Toastmasters / Internal Workshop)
1649,Research & Development,Laboratory Technician,0.9517,HIGH,3.0,1.0,2.0,Medical and Clinical Laboratory Technicians,medium,4.0,MEDIUM,"Strategic Problem Solving & Root Cause Decision Analysis Seminar; Scientific Methodology, Evidence-Based Rigor & Laboratory Standards Training; Advanced Excel: Dynamic Arrays, Power Query & Business Financial Modeling"
1650,Sales,Sales Executive,0.8476,HIGH,5.0,1.0,3.0,Sales Managers,low,3.0,LOW,"Adobe Acrobat Pro: Digital Signatures, Forms & Secure Document Workflows; Bentley MicroStation CAD: 2D/3D Infrastructure Drafting & Asset Modeling; Java & Multi-Language Software Development with Eclipse IDE & Git Plugins"
1651,Research & Development,Healthcare Representative,0.1851,LOW,4.0,4.0,4.0,"Sales Representatives of Services, Except Advertising, Insurance, Financial Services, and Travel",low,5.0,MEDIUM,"Empathetic Leadership & Active Listening for Cross-Functional Collaboration; Technical & Regulatory Documentation Analysis Workshop; macOS for Enterprise: Advanced Terminal, Security & Productivity Tooling"
1653,Research & Development,Manufacturing Director,0.0103,LOW,2.0,4.0,5.0,Industrial Production Managers,low,0.0,LOW,None - No skill gaps identified
1654,Research & Development,Manufacturing Director,0.2161,LOW,2.0,3.0,3.0,Industrial Production Managers,low,3.0,LOW,"Strategic Problem Solving & Root Cause Decision Analysis Seminar; Adobe Acrobat Pro: Digital Signatures, Forms & Secure Document Workflows; Corporate Layout Design, Multi-Page Publishing & Pitch Decks with InDesign"
1655,Research & Development,Research Director,0.0239,LOW,3.0,1.0,2.0,Natural Sciences Managers,low,3.0,LOW,Technical & Regulatory Documentation Analysis Workshop; Operational Process Auditing & KPI Performance Monitoring Protocols; Relational Database Design & SQL Querying with Microsoft Access
1656,Research & Development,Research Director,0.0043,LOW,1.0,4.0,5.0,Natural Sciences Managers,low,0.0,LOW,None - No skill gaps identified
1657,Sales,Sales Representative,0.5504,HIGH,1.0,5.0,1.0,"Sales Representatives of Services, Except Advertising, Insurance, Financial Services, and Travel",medium,3.0,LOW,Empathetic Leadership & Active Listening for Cross-Functional Collaboration; Technical & Regulatory Documentation Analysis Workshop; Continuous Professional Learning & Rapid Skill Acquisition Frameworks
1658,Research & Development,Research Scientist,0.034,LOW,2.0,1.0,2.0,Computer and Information Research Scientists,medium,0.0,LOW,None - No skill gaps identified
1659,Research & Development,Laboratory Technician,0.5927,HIGH,4.0,5.0,5.0,Medical and Clinical Laboratory Technicians,medium,2.0,LOW,"Executive Presentation & Public Speaking Masterclass (Toastmasters / Internal Workshop); Scientific Methodology, Evidence-Based Rigor & Laboratory Standards Training"
1661,Research & Development,Healthcare Representative,0.0376,LOW,5.0,4.0,4.0,"Sales Representatives of Services, Except Advertising, Insurance, Financial Services, and Travel",low,0.0,LOW,None - No skill gaps identified
1662,Research & Development,Manufacturing Director,0.0215,LOW,2.0,4.0,5.0,Industrial Production Managers,low,3.0,LOW,"Strategic Problem Solving & Root Cause Decision Analysis Seminar; Technical & Regulatory Documentation Analysis Workshop; Motion Graphics, Video Storytelling & Product Animation with After Effects"
1664,Research & Development,Healthcare Representative,0.0551,LOW,2.0,1.0,1.0,"Sales Representatives of Services, Except Advertising, Insurance, Financial Services, and Travel",low,2.0,LOW,Advanced Statistical Inference & Predictive Modeling using IBM SPSS; Enterprise Microsoft 365 Productivity & Workflow Automation Bootcamp
1665,Research & Development,Manager,0.0098,LOW,4.0,2.0,3.0,"Managers, All Other",very_low,,N/A - Manager,N/A - Manager (use Department-level analysis)
1666,Research & Development,Research Director,0.024,LOW,3.0,3.0,4.0,Natural Sciences Managers,low,0.0,LOW,None - No skill gaps identified
1667,Sales,Sales Executive,0.5921,HIGH,1.0,3.0,5.0,Sales Managers,low,0.0,LOW,None - No skill gaps identified
1668,Research & Development,Research Scientist,0.0095,LOW,2.0,1.0,3.0,Computer and Information Research Scientists,medium,0.0,LOW,None - No skill gaps identified
1669,Sales,Sales Executive,0.725,HIGH,3.0,1.0,2.0,Sales Managers,low,0.0,LOW,None - No skill gaps identified
1670,Sales,Sales Executive,0.0334,LOW,2.0,2.0,2.0,Sales Managers,low,2.0,LOW,Operational Process Auditing & KPI Performance Monitoring Protocols; Adobe Creative Cloud Bootcamp: Multi-App Visual Design & Asset Management
1671,Research & Development,Research Scientist,0.0278,LOW,5.0,3.0,5.0,Computer and Information Research Scientists,medium,0.0,LOW,None - No skill gaps identified
1673,Sales,Sales Executive,0.2155,LOW,3.0,5.0,5.0,Sales Managers,low,4.0,MEDIUM,"Technical & Regulatory Documentation Analysis Workshop; Adobe Acrobat Pro: Digital Signatures, Forms & Secure Document Workflows; Bentley MicroStation CAD: 2D/3D Infrastructure Drafting & Asset Modeling"
1674,Research & Development,Laboratory Technician,0.5999,HIGH,1.0,5.0,5.0,Medical and Clinical Laboratory Technicians,medium,4.0,MEDIUM,Technical & Regulatory Documentation Analysis Workshop; Strategic Problem Solving & Root Cause Decision Analysis Seminar; Google Workspace Collaboration: Document Co-Authoring & Cloud Governance
1675,Research & Development,Laboratory Technician,0.6698,HIGH,4.0,1.0,4.0,Medical and Clinical Laboratory Technicians,medium,5.0,MEDIUM,"Executive Presentation & Public Speaking Masterclass (Toastmasters / Internal Workshop); Scientific Methodology, Evidence-Based Rigor & Laboratory Standards Training; Google Workspace Collaboration: Document Co-Authoring & Cloud Governance"
1676,Sales,Manager,0.0244,LOW,2.0,5.0,1.0,"Managers, All Other",very_low,,N/A - Manager,N/A - Manager (use Department-level analysis)
1677,Research & Development,Manager,0.1292,LOW,5.0,4.0,5.0,"Managers, All Other",very_low,,N/A - Manager,N/A - Manager (use Department-level analysis)
1678,Sales,Sales Executive,0.5214,HIGH,2.0,1.0,1.0,Sales Managers,low,5.0,MEDIUM,Empathetic Leadership & Active Listening for Cross-Functional Collaboration; Executive Presentation & Public Speaking Masterclass (Toastmasters / Internal Workshop); Technical & Regulatory Documentation Analysis Workshop
1680,Sales,Sales Representative,0.8517,HIGH,5.0,4.0,5.0,"Sales Representatives of Services, Except Advertising, Insurance, Financial Services, and Travel",medium,6.0,MEDIUM,Technical & Regulatory Documentation Analysis Workshop; Business & Technical Writing: Structuring Executive Summaries & Proposals; Continuous Professional Learning & Rapid Skill Acquisition Frameworks
1681,Sales,Sales Executive,0.175,LOW,2.0,3.0,4.0,Sales Managers,low,3.0,LOW,Empathetic Leadership & Active Listening for Cross-Functional Collaboration; Technical & Regulatory Documentation Analysis Workshop; Strategic Problem Solving & Root Cause Decision Analysis Seminar
1682,Research & Development,Healthcare Representative,0.4232,HIGH,5.0,3.0,4.0,"Sales Representatives of Services, Except Advertising, Insurance, Financial Services, and Travel",low,2.0,LOW,Executive Presentation & Public Speaking Masterclass (Toastmasters / Internal Workshop); Enterprise Microsoft 365 Productivity & Workflow Automation Bootcamp
1683,Human Resources,Human Resources,0.2121,LOW,2.0,4.0,4.0,Human Resources Specialists,medium,6.0,MEDIUM,Executive Presentation & Public Speaking Masterclass (Toastmasters / Internal Workshop); Business & Technical Writing: Structuring Executive Summaries & Proposals; Strategic Problem Solving & Root Cause Decision Analysis Seminar
1684,Research & Development,Laboratory Technician,0.8701,HIGH,2.0,4.0,3.0,Medical and Clinical Laboratory Technicians,medium,6.0,MEDIUM,Technical & Regulatory Documentation Analysis Workshop; Empathetic Leadership & Active Listening for Cross-Functional Collaboration; MEDITECH EHR Clinical Data Management & Laboratory Information Systems Track
1687,Research & Development,Laboratory Technician,0.1316,LOW,3.0,4.0,5.0,Medical and Clinical Laboratory Technicians,medium,5.0,MEDIUM,"Empathetic Leadership & Active Listening for Cross-Functional Collaboration; Strategic Problem Solving & Root Cause Decision Analysis Seminar; Scientific Methodology, Evidence-Based Rigor & Laboratory Standards Training"
1689,Research & Development,Healthcare Representative,0.1014,LOW,5.0,3.0,5.0,"Sales Representatives of Services, Except Advertising, Insurance, Financial Services, and Travel",low,4.0,MEDIUM,"Empathetic Leadership & Active Listening for Cross-Functional Collaboration; macOS for Enterprise: Advanced Terminal, Security & Productivity Tooling; Inbound Sales & CRM Pipeline Optimization with HubSpot Sales Hub"
1691,Sales,Sales Representative,0.4513,HIGH,3.0,1.0,2.0,"Sales Representatives of Services, Except Advertising, Insurance, Financial Services, and Travel",medium,0.0,LOW,None - No skill gaps identified
1692,Research & Development,Laboratory Technician,0.6326,HIGH,2.0,2.0,1.0,Medical and Clinical Laboratory Technicians,medium,6.0,MEDIUM,"Technical & Regulatory Documentation Analysis Workshop; Executive Presentation & Public Speaking Masterclass (Toastmasters / Internal Workshop); Scientific Methodology, Evidence-Based Rigor & Laboratory Standards Training"
1693,Research & Development,Laboratory Technician,0.0788,LOW,3.0,5.0,1.0,Medical and Clinical Laboratory Technicians,medium,1.0,LOW,Empathetic Leadership & Active Listening for Cross-Functional Collaboration
1694,Research & Development,Research Scientist,0.399,LOW,3.0,5.0,3.0,Computer and Information Research Scientists,medium,5.0,MEDIUM,Technical & Regulatory Documentation Analysis Workshop; Continuous Professional Learning & Rapid Skill Acquisition Frameworks; AWS Compute Architecture: Scalable EC2 Fleet Management & Auto-Scaling
1696,Research & Development,Laboratory Technician,0.0653,LOW,4.0,4.0,1.0,Medical and Clinical Laboratory Technicians,medium,0.0,LOW,None - No skill gaps identified
1697,Research & Development,Healthcare Representative,0.0228,LOW,1.0,5.0,2.0,"Sales Representatives of Services, Except Advertising, Insurance, Financial Services, and Travel",low,9.0,HIGH,Empathetic Leadership & Active Listening for Cross-Functional Collaboration; Executive Presentation & Public Speaking Masterclass (Toastmasters / Internal Workshop); Technical & Regulatory Documentation Analysis Workshop
1698,Research & Development,Laboratory Technician,0.0294,LOW,3.0,5.0,4.0,Medical and Clinical Laboratory Technicians,medium,1.0,LOW,Google Workspace Collaboration: Document Co-Authoring & Cloud Governance
1700,Sales,Sales Executive,0.2284,LOW,5.0,2.0,4.0,Sales Managers,low,2.0,LOW,"Adobe Creative Cloud Bootcamp: Multi-App Visual Design & Asset Management; B2B Social Media Marketing, Meta Business Suite & Targeted Outreach Campaigns"
1701,Research & Development,Research Scientist,0.2268,LOW,5.0,3.0,2.0,Computer and Information Research Scientists,medium,0.0,LOW,None - No skill gaps identified
1702,Sales,Sales Representative,0.7462,HIGH,4.0,1.0,2.0,"Sales Representatives of Services, Except Advertising, Insurance, Financial Services, and Travel",medium,4.0,MEDIUM,Executive Presentation & Public Speaking Masterclass (Toastmasters / Internal Workshop); Technical & Regulatory Documentation Analysis Workshop; Continuous Professional Learning & Rapid Skill Acquisition Frameworks
1703,Research & Development,Healthcare Representative,0.0838,LOW,1.0,1.0,4.0,"Sales Representatives of Services, Except Advertising, Insurance, Financial Services, and Travel",low,2.0,LOW,Business & Technical Writing: Structuring Executive Summaries & Proposals; Advanced Statistical Inference & Predictive Modeling using IBM SPSS
1704,Research & Development,Research Scientist,0.7131,HIGH,4.0,4.0,3.0,Computer and Information Research Scientists,medium,2.0,LOW,Strategic Problem Solving & Root Cause Decision Analysis Seminar; Cloud Data Warehousing & High-Performance SQL Analytics with Amazon Redshift
1706,Sales,Sales Executive,0.2131,LOW,3.0,2.0,5.0,Sales Managers,low,0.0,LOW,None - No skill gaps identified
1707,Research & Development,Research Scientist,0.0567,LOW,5.0,4.0,3.0,Computer and Information Research Scientists,medium,5.0,MEDIUM,Technical & Regulatory Documentation Analysis Workshop; Empathetic Leadership & Active Listening for Cross-Functional Collaboration; Executive Presentation & Public Speaking Masterclass (Toastmasters / Internal Workshop)
1708,Sales,Sales Executive,0.4086,HIGH,4.0,5.0,4.0,Sales Managers,low,0.0,LOW,None - No skill gaps identified
1709,Research & Development,Laboratory Technician,0.3608,LOW,5.0,4.0,2.0,Medical and Clinical Laboratory Technicians,medium,2.0,LOW,"Enterprise Microsoft 365 Productivity & Workflow Automation Bootcamp; Time Management, Calendar Optimization & Executive Email Triage in Outlook"
1710,Sales,Sales Representative,0.4416,HIGH,1.0,2.0,3.0,"Sales Representatives of Services, Except Advertising, Insurance, Financial Services, and Travel",medium,1.0,LOW,Technical & Regulatory Documentation Analysis Workshop
1712,Research & Development,Healthcare Representative,0.0461,LOW,3.0,2.0,3.0,"Sales Representatives of Services, Except Advertising, Insurance, Financial Services, and Travel",low,0.0,LOW,None - No skill gaps identified
1714,Human Resources,Human Resources,0.8018,HIGH,1.0,2.0,3.0,Human Resources Specialists,medium,3.0,LOW,"Empathetic Leadership & Active Listening for Cross-Functional Collaboration; Adobe Creative Cloud Bootcamp: Multi-App Visual Design & Asset Management; Corporate Layout Design, Multi-Page Publishing & Pitch Decks with InDesign"
1716,Sales,Sales Executive,0.932,HIGH,2.0,1.0,1.0,Sales Managers,low,1.0,LOW,Strategic Problem Solving & Root Cause Decision Analysis Seminar
1718,Research & Development,Laboratory Technician,0.3455,LOW,5.0,4.0,5.0,Medical and Clinical Laboratory Technicians,medium,3.0,LOW,"Technical & Regulatory Documentation Analysis Workshop; Scientific Methodology, Evidence-Based Rigor & Laboratory Standards Training; Enterprise Microsoft 365 Productivity & Workflow Automation Bootcamp"
1719,Research & Development,Research Director,0.2593,LOW,2.0,3.0,1.0,Natural Sciences Managers,low,0.0,LOW,None - No skill gaps identified
1720,Research & Development,Research Scientist,0.6751,HIGH,4.0,3.0,2.0,Computer and Information Research Scientists,medium,4.0,MEDIUM,Executive Presentation & Public Speaking Masterclass (Toastmasters / Internal Workshop); NoSQL Database Architecture with AWS DynamoDB: Modeling & Scalability; AWS Compute Architecture: Scalable EC2 Fleet Management & Auto-Scaling
1721,Research & Development,Laboratory Technician,0.1704,LOW,5.0,4.0,4.0,Medical and Clinical Laboratory Technicians,medium,3.0,LOW,"Scientific Methodology, Evidence-Based Rigor & Laboratory Standards Training; Advanced Excel: Dynamic Arrays, Power Query & Business Financial Modeling; Enterprise Microsoft 365 Productivity & Workflow Automation Bootcamp"
1722,Human Resources,Human Resources,0.3892,LOW,2.0,2.0,4.0,Human Resources Specialists,medium,5.0,MEDIUM,"Executive Presentation & Public Speaking Masterclass (Toastmasters / Internal Workshop); Empathetic Leadership & Active Listening for Cross-Functional Collaboration; Adobe Acrobat Pro: Digital Signatures, Forms & Secure Document Workflows"
1724,Research & Development,Manufacturing Director,0.376,LOW,4.0,2.0,2.0,Industrial Production Managers,low,4.0,MEDIUM,Strategic Problem Solving & Root Cause Decision Analysis Seminar; Operational Process Auditing & KPI Performance Monitoring Protocols; Empathetic Leadership & Active Listening for Cross-Functional Collaboration
1725,Research & Development,Laboratory Technician,0.558,HIGH,2.0,4.0,5.0,Medical and Clinical Laboratory Technicians,medium,3.0,LOW,"Empathetic Leadership & Active Listening for Cross-Functional Collaboration; Advanced Excel: Dynamic Arrays, Power Query & Business Financial Modeling; Enterprise Microsoft 365 Productivity & Workflow Automation Bootcamp"
1727,Research & Development,Healthcare Representative,0.0643,LOW,4.0,2.0,4.0,"Sales Representatives of Services, Except Advertising, Insurance, Financial Services, and Travel",low,0.0,LOW,None - No skill gaps identified
1728,Research & Development,Manufacturing Director,0.0264,LOW,1.0,4.0,2.0,Industrial Production Managers,low,2.0,LOW,Operational Process Auditing & KPI Performance Monitoring Protocols; Empathetic Leadership & Active Listening for Cross-Functional Collaboration
1729,Research & Development,Research Scientist,0.1082,LOW,1.0,1.0,2.0,Computer and Information Research Scientists,medium,1.0,LOW,AWS Compute Architecture: Scalable EC2 Fleet Management & Auto-Scaling
1731,Sales,Sales Executive,0.4501,HIGH,1.0,4.0,1.0,Sales Managers,low,5.0,MEDIUM,Empathetic Leadership & Active Listening for Cross-Functional Collaboration; Technical & Regulatory Documentation Analysis Workshop; Strategic Problem Solving & Root Cause Decision Analysis Seminar
1732,Sales,Sales Executive,0.2604,LOW,1.0,5.0,4.0,Sales Managers,low,1.0,LOW,Technical & Regulatory Documentation Analysis Workshop
1733,Sales,Sales Executive,0.7044,HIGH,4.0,5.0,3.0,Sales Managers,low,3.0,LOW,"Adobe Acrobat Pro: Digital Signatures, Forms & Secure Document Workflows; Adobe Creative Cloud Bootcamp: Multi-App Visual Design & Asset Management; B2B Social Media Marketing, Meta Business Suite & Targeted Outreach Campaigns"
1734,Sales,Sales Executive,0.8206,HIGH,4.0,1.0,4.0,Sales Managers,low,5.0,MEDIUM,Executive Presentation & Public Speaking Masterclass (Toastmasters / Internal Workshop); Operational Process Auditing & KPI Performance Monitoring Protocols; Adobe Creative Cloud Bootcamp: Multi-App Visual Design & Asset Management
1735,Research & Development,Laboratory Technician,0.7391,HIGH,4.0,4.0,5.0,Medical and Clinical Laboratory Technicians,medium,4.0,MEDIUM,"Strategic Problem Solving & Root Cause Decision Analysis Seminar; Scientific Methodology, Evidence-Based Rigor & Laboratory Standards Training; Advanced Excel: Dynamic Arrays, Power Query & Business Financial Modeling"
1736,Research & Development,Manufacturing Director,0.4375,HIGH,3.0,1.0,3.0,Industrial Production Managers,low,4.0,MEDIUM,"Operational Process Auditing & KPI Performance Monitoring Protocols; Empathetic Leadership & Active Listening for Cross-Functional Collaboration; Corporate Layout Design, Multi-Page Publishing & Pitch Decks with InDesign"
1737,Research & Development,Laboratory Technician,0.1059,LOW,4.0,5.0,2.0,Medical and Clinical Laboratory Technicians,medium,0.0,LOW,None - No skill gaps identified
1739,Sales,Sales Executive,0.6927,HIGH,2.0,5.0,1.0,Sales Managers,low,3.0,LOW,"Empathetic Leadership & Active Listening for Cross-Functional Collaboration; Strategic Problem Solving & Root Cause Decision Analysis Seminar; B2B Social Media Marketing, Meta Business Suite & Targeted Outreach Campaigns"
1740,Sales,Manager,0.8156,HIGH,5.0,4.0,4.0,"Managers, All Other",very_low,,N/A - Manager,N/A - Manager (use Department-level analysis)
1744,Human Resources,Human Resources,0.2953,LOW,2.0,1.0,4.0,Human Resources Specialists,medium,4.0,MEDIUM,"Technical & Regulatory Documentation Analysis Workshop; Empathetic Leadership & Active Listening for Cross-Functional Collaboration; Adobe Acrobat Pro: Digital Signatures, Forms & Secure Document Workflows"
1745,Research & Development,Research Scientist,0.1177,LOW,4.0,4.0,3.0,Computer and Information Research Scientists,medium,2.0,LOW,"Empathetic Leadership & Active Listening for Cross-Functional Collaboration; AWS Solutions Architect: Core Cloud Services, IAM & Architecture Design"
1746,Human Resources,Human Resources,0.4581,HIGH,4.0,3.0,4.0,Human Resources Specialists,medium,6.0,MEDIUM,"Executive Presentation & Public Speaking Masterclass (Toastmasters / Internal Workshop); Strategic Problem Solving & Root Cause Decision Analysis Seminar; Adobe Acrobat Pro: Digital Signatures, Forms & Secure Document Workflows"
1747,Human Resources,Human Resources,0.7137,HIGH,,,,Human Resources Specialists,medium,7.0,HIGH,"Executive Presentation & Public Speaking Masterclass (Toastmasters / Internal Workshop); Empathetic Leadership & Active Listening for Cross-Functional Collaboration; Adobe Acrobat Pro: Digital Signatures, Forms & Secure Document Workflows"
1749,Sales,Sales Executive,0.3314,LOW,1.0,4.0,5.0,Sales Managers,low,4.0,MEDIUM,Empathetic Leadership & Active Listening for Cross-Functional Collaboration; Technical & Regulatory Documentation Analysis Workshop; Bentley MicroStation CAD: 2D/3D Infrastructure Drafting & Asset Modeling
1751,Research & Development,Research Scientist,0.1037,LOW,4.0,4.0,1.0,Computer and Information Research Scientists,medium,1.0,LOW,AWS Compute Architecture: Scalable EC2 Fleet Management & Auto-Scaling
1752,Sales,Sales Representative,0.9049,HIGH,2.0,1.0,2.0,"Sales Representatives of Services, Except Advertising, Insurance, Financial Services, and Travel",medium,3.0,LOW,Technical & Regulatory Documentation Analysis Workshop; Continuous Professional Learning & Rapid Skill Acquisition Frameworks; Enterprise Microsoft 365 Productivity & Workflow Automation Bootcamp
1753,Research & Development,Healthcare Representative,0.5601,HIGH,5.0,3.0,3.0,"Sales Representatives of Services, Except Advertising, Insurance, Financial Services, and Travel",low,3.0,LOW,Continuous Professional Learning & Rapid Skill Acquisition Frameworks; Advanced Statistical Inference & Predictive Modeling using IBM SPSS; Enterprise Microsoft 365 Productivity & Workflow Automation Bootcamp
1754,Sales,Sales Executive,0.4956,HIGH,5.0,5.0,1.0,Sales Managers,low,2.0,LOW,Technical & Regulatory Documentation Analysis Workshop; Java & Multi-Language Software Development with Eclipse IDE & Git Plugins
1755,Research & Development,Research Scientist,0.1227,LOW,4.0,1.0,1.0,Computer and Information Research Scientists,medium,3.0,LOW,Technical & Regulatory Documentation Analysis Workshop; Continuous Professional Learning & Rapid Skill Acquisition Frameworks; NoSQL Database Architecture with AWS DynamoDB: Modeling & Scalability
1756,Sales,Sales Executive,0.1199,LOW,2.0,4.0,4.0,Sales Managers,low,0.0,LOW,None - No skill gaps identified
1757,Sales,Sales Executive,0.1247,LOW,5.0,4.0,5.0,Sales Managers,low,4.0,MEDIUM,"Empathetic Leadership & Active Listening for Cross-Functional Collaboration; Strategic Problem Solving & Root Cause Decision Analysis Seminar; Adobe Acrobat Pro: Digital Signatures, Forms & Secure Document Workflows"
1758,Sales,Sales Executive,0.9422,HIGH,5.0,3.0,5.0,Sales Managers,low,4.0,MEDIUM,Empathetic Leadership & Active Listening for Cross-Functional Collaboration; Adobe Creative Cloud Bootcamp: Multi-App Visual Design & Asset Management; Bentley MicroStation CAD: 2D/3D Infrastructure Drafting & Asset Modeling
1760,Research & Development,Laboratory Technician,0.5454,HIGH,5.0,3.0,2.0,Medical and Clinical Laboratory Technicians,medium,3.0,LOW,Technical & Regulatory Documentation Analysis Workshop; Empathetic Leadership & Active Listening for Cross-Functional Collaboration; Executive Presentation & Public Speaking Masterclass (Toastmasters / Internal Workshop)
1761,Sales,Sales Executive,0.5858,HIGH,3.0,2.0,1.0,Sales Managers,low,4.0,MEDIUM,Empathetic Leadership & Active Listening for Cross-Functional Collaboration; Executive Presentation & Public Speaking Masterclass (Toastmasters / Internal Workshop); Strategic Problem Solving & Root Cause Decision Analysis Seminar
1762,Research & Development,Research Scientist,0.2955,LOW,3.0,3.0,5.0,Computer and Information Research Scientists,medium,5.0,MEDIUM,Technical & Regulatory Documentation Analysis Workshop; Continuous Professional Learning & Rapid Skill Acquisition Frameworks; NoSQL Database Architecture with AWS DynamoDB: Modeling & Scalability
1763,Research & Development,Healthcare Representative,0.0762,LOW,4.0,2.0,4.0,"Sales Representatives of Services, Except Advertising, Insurance, Financial Services, and Travel",low,3.0,LOW,Empathetic Leadership & Active Listening for Cross-Functional Collaboration; Executive Presentation & Public Speaking Masterclass (Toastmasters / Internal Workshop); Advanced Statistical Inference & Predictive Modeling using IBM SPSS
1764,Research & Development,Research Scientist,0.0974,LOW,2.0,3.0,5.0,Computer and Information Research Scientists,medium,1.0,LOW,Executive Presentation & Public Speaking Masterclass (Toastmasters / Internal Workshop)
1766,Research & Development,Healthcare Representative,0.5365,HIGH,1.0,5.0,2.0,"Sales Representatives of Services, Except Advertising, Insurance, Financial Services, and Travel",low,5.0,MEDIUM,"Technical & Regulatory Documentation Analysis Workshop; Continuous Professional Learning & Rapid Skill Acquisition Frameworks; macOS for Enterprise: Advanced Terminal, Security & Productivity Tooling"
1767,Research & Development,Research Scientist,0.9175,HIGH,4.0,1.0,1.0,Computer and Information Research Scientists,medium,5.0,MEDIUM,Technical & Regulatory Documentation Analysis Workshop; Empathetic Leadership & Active Listening for Cross-Functional Collaboration; Executive Presentation & Public Speaking Masterclass (Toastmasters / Internal Workshop)
1768,Research & Development,Laboratory Technician,0.3716,LOW,3.0,3.0,3.0,Medical and Clinical Laboratory Technicians,medium,2.0,LOW,"MEDITECH EHR Clinical Data Management & Laboratory Information Systems Track; Advanced Excel: Dynamic Arrays, Power Query & Business Financial Modeling"
1770,Research & Development,Research Director,0.0219,LOW,1.0,3.0,5.0,Natural Sciences Managers,low,3.0,LOW,"Scientific Methodology, Evidence-Based Rigor & Laboratory Standards Training; Empathetic Leadership & Active Listening for Cross-Functional Collaboration; Spatial Data Analytics & Geospatial Mapping with ESRI ArcGIS Pro"
1771,Research & Development,Research Scientist,0.0301,LOW,3.0,2.0,1.0,Computer and Information Research Scientists,medium,1.0,LOW,Technical & Regulatory Documentation Analysis Workshop
1772,Research & Development,Laboratory Technician,0.2339,LOW,3.0,4.0,5.0,Medical and Clinical Laboratory Technicians,medium,3.0,LOW,Technical & Regulatory Documentation Analysis Workshop; Google Workspace Collaboration: Document Co-Authoring & Cloud Governance; Enterprise Microsoft 365 Productivity & Workflow Automation Bootcamp
1774,Sales,Sales Executive,0.0232,LOW,1.0,1.0,2.0,Sales Managers,low,1.0,LOW,Strategic Problem Solving & Root Cause Decision Analysis Seminar
1775,Research & Development,Manufacturing Director,0.0986,LOW,4.0,2.0,3.0,Industrial Production Managers,low,5.0,MEDIUM,"Executive Presentation & Public Speaking Masterclass (Toastmasters / Internal Workshop); Operational Process Auditing & KPI Performance Monitoring Protocols; Motion Graphics, Video Storytelling & Product Animation with After Effects"
1778,Human Resources,Human Resources,0.0742,LOW,3.0,5.0,4.0,Human Resources Specialists,medium,0.0,LOW,None - No skill gaps identified
1779,Sales,Sales Executive,0.5938,HIGH,5.0,3.0,4.0,Sales Managers,low,3.0,LOW,"Operational Process Auditing & KPI Performance Monitoring Protocols; Java & Multi-Language Software Development with Eclipse IDE & Git Plugins; B2B Social Media Marketing, Meta Business Suite & Targeted Outreach Campaigns"
1780,Sales,Sales Representative,0.9243,HIGH,2.0,3.0,2.0,"Sales Representatives of Services, Except Advertising, Insurance, Financial Services, and Travel",medium,8.0,HIGH,Executive Presentation & Public Speaking Masterclass (Toastmasters / Internal Workshop); Technical & Regulatory Documentation Analysis Workshop; Business & Technical Writing: Structuring Executive Summaries & Proposals
1782,Research & Development,Laboratory Technician,0.0849,LOW,3.0,4.0,1.0,Medical and Clinical Laboratory Technicians,medium,3.0,LOW,Technical & Regulatory Documentation Analysis Workshop; Strategic Problem Solving & Root Cause Decision Analysis Seminar; Google Workspace Collaboration: Document Co-Authoring & Cloud Governance
1783,Research & Development,Laboratory Technician,0.7779,HIGH,5.0,2.0,4.0,Medical and Clinical Laboratory Technicians,medium,3.0,LOW,"Executive Presentation & Public Speaking Masterclass (Toastmasters / Internal Workshop); Scientific Methodology, Evidence-Based Rigor & Laboratory Standards Training; MEDITECH EHR Clinical Data Management & Laboratory Information Systems Track"
1784,Sales,Sales Executive,0.5384,HIGH,2.0,3.0,1.0,Sales Managers,low,1.0,LOW,Empathetic Leadership & Active Listening for Cross-Functional Collaboration
1786,Research & Development,Manager,0.0795,LOW,4.0,2.0,1.0,"Managers, All Other",very_low,,N/A - Manager,N/A - Manager (use Department-level analysis)
1787,Sales,Sales Executive,0.5666,HIGH,2.0,5.0,3.0,Sales Managers,low,5.0,MEDIUM,Empathetic Leadership & Active Listening for Cross-Functional Collaboration; Executive Presentation & Public Speaking Masterclass (Toastmasters / Internal Workshop); Strategic Problem Solving & Root Cause Decision Analysis Seminar
1789,Research & Development,Research Director,0.0424,LOW,4.0,3.0,1.0,Natural Sciences Managers,low,5.0,MEDIUM,Technical & Regulatory Documentation Analysis Workshop; Empathetic Leadership & Active Listening for Cross-Functional Collaboration; Strategic Problem Solving & Root Cause Decision Analysis Seminar
1790,Research & Development,Healthcare Representative,0.4772,HIGH,4.0,5.0,4.0,"Sales Representatives of Services, Except Advertising, Insurance, Financial Services, and Travel",low,2.0,LOW,Continuous Professional Learning & Rapid Skill Acquisition Frameworks; Enterprise Microsoft 365 Productivity & Workflow Automation Bootcamp
1792,Research & Development,Research Scientist,0.3803,LOW,2.0,3.0,5.0,Computer and Information Research Scientists,medium,5.0,MEDIUM,Technical & Regulatory Documentation Analysis Workshop; Empathetic Leadership & Active Listening for Cross-Functional Collaboration; Executive Presentation & Public Speaking Masterclass (Toastmasters / Internal Workshop)
1794,Human Resources,Human Resources,0.0897,LOW,4.0,4.0,2.0,Human Resources Specialists,medium,0.0,LOW,None - No skill gaps identified
1797,Sales,Sales Executive,0.7378,HIGH,3.0,3.0,5.0,Sales Managers,low,2.0,LOW,"Empathetic Leadership & Active Listening for Cross-Functional Collaboration; Adobe Acrobat Pro: Digital Signatures, Forms & Secure Document Workflows"
1798,Research & Development,Research Scientist,0.1195,LOW,3.0,2.0,4.0,Computer and Information Research Scientists,medium,0.0,LOW,None - No skill gaps identified
1799,Research & Development,Research Scientist,0.021,LOW,2.0,5.0,3.0,Computer and Information Research Scientists,medium,1.0,LOW,Cloud Data Warehousing & High-Performance SQL Analytics with Amazon Redshift
1800,Research & Development,Research Director,0.11,LOW,4.0,3.0,5.0,Natural Sciences Managers,low,5.0,MEDIUM,Technical & Regulatory Documentation Analysis Workshop; Empathetic Leadership & Active Listening for Cross-Functional Collaboration; Operational Process Auditing & KPI Performance Monitoring Protocols
1801,Sales,Sales Executive,0.6731,HIGH,3.0,4.0,3.0,Sales Managers,low,8.0,HIGH,Empathetic Leadership & Active Listening for Cross-Functional Collaboration; Executive Presentation & Public Speaking Masterclass (Toastmasters / Internal Workshop); Strategic Problem Solving & Root Cause Decision Analysis Seminar
1802,Research & Development,Laboratory Technician,0.2314,LOW,4.0,2.0,5.0,Medical and Clinical Laboratory Technicians,medium,3.0,LOW,Technical & Regulatory Documentation Analysis Workshop; Executive Presentation & Public Speaking Masterclass (Toastmasters / Internal Workshop); Google Workspace Collaboration: Document Co-Authoring & Cloud Governance
1803,Research & Development,Healthcare Representative,0.1371,LOW,1.0,3.0,1.0,"Sales Representatives of Services, Except Advertising, Insurance, Financial Services, and Travel",low,5.0,MEDIUM,Empathetic Leadership & Active Listening for Cross-Functional Collaboration; Executive Presentation & Public Speaking Masterclass (Toastmasters / Internal Workshop); Inbound Sales & CRM Pipeline Optimization with HubSpot Sales Hub
1804,Research & Development,Manufacturing Director,0.0041,LOW,3.0,3.0,5.0,Industrial Production Managers,low,0.0,LOW,None - No skill gaps identified
1805,Human Resources,Human Resources,0.0313,LOW,3.0,3.0,1.0,Human Resources Specialists,medium,2.0,LOW,"Executive Presentation & Public Speaking Masterclass (Toastmasters / Internal Workshop); Vector Graphics, Infographics & Brand Asset Design in Adobe Illustrator"
1807,Research & Development,Laboratory Technician,0.5589,HIGH,1.0,4.0,4.0,Medical and Clinical Laboratory Technicians,medium,3.0,LOW,Technical & Regulatory Documentation Analysis Workshop; Empathetic Leadership & Active Listening for Cross-Functional Collaboration; MEDITECH EHR Clinical Data Management & Laboratory Information Systems Track
1809,Research & Development,Manufacturing Director,0.2237,LOW,5.0,2.0,1.0,Industrial Production Managers,low,0.0,LOW,None - No skill gaps identified
1812,Sales,Sales Executive,0.1471,LOW,4.0,2.0,5.0,Sales Managers,low,2.0,LOW,"Java & Multi-Language Software Development with Eclipse IDE & Git Plugins; B2B Social Media Marketing, Meta Business Suite & Targeted Outreach Campaigns"
1813,Research & Development,Research Scientist,0.3476,LOW,3.0,5.0,3.0,Computer and Information Research Scientists,medium,4.0,MEDIUM,Empathetic Leadership & Active Listening for Cross-Functional Collaboration; Continuous Professional Learning & Rapid Skill Acquisition Frameworks; AWS Compute Architecture: Scalable EC2 Fleet Management & Auto-Scaling
1814,Research & Development,Healthcare Representative,0.4297,HIGH,3.0,3.0,1.0,"Sales Representatives of Services, Except Advertising, Insurance, Financial Services, and Travel",low,5.0,MEDIUM,"Empathetic Leadership & Active Listening for Cross-Functional Collaboration; Business & Technical Writing: Structuring Executive Summaries & Proposals; macOS for Enterprise: Advanced Terminal, Security & Productivity Tooling"
1815,Sales,Sales Executive,0.3084,LOW,1.0,4.0,5.0,Sales Managers,low,1.0,LOW,Empathetic Leadership & Active Listening for Cross-Functional Collaboration
1816,Research & Development,Manufacturing Director,0.6081,HIGH,4.0,3.0,1.0,Industrial Production Managers,low,2.0,LOW,Operational Process Auditing & KPI Performance Monitoring Protocols; Technical & Regulatory Documentation Analysis Workshop
1818,Human Resources,Human Resources,0.6031,HIGH,3.0,1.0,3.0,Human Resources Specialists,medium,3.0,LOW,"Empathetic Leadership & Active Listening for Cross-Functional Collaboration; Strategic Problem Solving & Root Cause Decision Analysis Seminar; Vector Graphics, Infographics & Brand Asset Design in Adobe Illustrator"
1821,Research & Development,Healthcare Representative,0.0334,LOW,1.0,2.0,1.0,"Sales Representatives of Services, Except Advertising, Insurance, Financial Services, and Travel",low,1.0,LOW,Advanced Statistical Inference & Predictive Modeling using IBM SPSS
1822,Research & Development,Healthcare Representative,0.0103,LOW,5.0,2.0,2.0,"Sales Representatives of Services, Except Advertising, Insurance, Financial Services, and Travel",low,3.0,LOW,Business & Technical Writing: Structuring Executive Summaries & Proposals; Continuous Professional Learning & Rapid Skill Acquisition Frameworks; Inbound Sales & CRM Pipeline Optimization with HubSpot Sales Hub
1823,Sales,Sales Executive,0.0837,LOW,4.0,4.0,3.0,Sales Managers,low,2.0,LOW,Empathetic Leadership & Active Listening for Cross-Functional Collaboration; Bentley MicroStation CAD: 2D/3D Infrastructure Drafting & Asset Modeling
1824,Sales,Manager,0.0566,LOW,3.0,1.0,1.0,"Managers, All Other",very_low,,N/A - Manager,N/A - Manager (use Department-level analysis)
1826,Research & Development,Laboratory Technician,0.5842,HIGH,3.0,2.0,5.0,Medical and Clinical Laboratory Technicians,medium,3.0,LOW,"Executive Presentation & Public Speaking Masterclass (Toastmasters / Internal Workshop); Google Workspace Collaboration: Document Co-Authoring & Cloud Governance; Time Management, Calendar Optimization & Executive Email Triage in Outlook"
1827,Research & Development,Manufacturing Director,0.4687,HIGH,1.0,3.0,5.0,Industrial Production Managers,low,0.0,LOW,None - No skill gaps identified
1829,Research & Development,Healthcare Representative,0.1434,LOW,2.0,1.0,2.0,"Sales Representatives of Services, Except Advertising, Insurance, Financial Services, and Travel",low,2.0,LOW,Business & Technical Writing: Structuring Executive Summaries & Proposals; Advanced Statistical Inference & Predictive Modeling using IBM SPSS
1830,Research & Development,Research Scientist,0.0357,LOW,1.0,4.0,1.0,Computer and Information Research Scientists,medium,4.0,MEDIUM,Empathetic Leadership & Active Listening for Cross-Functional Collaboration; Executive Presentation & Public Speaking Masterclass (Toastmasters / Internal Workshop); NoSQL Database Architecture with AWS DynamoDB: Modeling & Scalability
1833,Sales,Sales Executive,0.5897,HIGH,4.0,3.0,2.0,Sales Managers,low,6.0,MEDIUM,Executive Presentation & Public Speaking Masterclass (Toastmasters / Internal Workshop); Strategic Problem Solving & Root Cause Decision Analysis Seminar; Operational Process Auditing & KPI Performance Monitoring Protocols
1834,Research & Development,Research Scientist,0.0718,LOW,4.0,5.0,1.0,Computer and Information Research Scientists,medium,4.0,MEDIUM,Executive Presentation & Public Speaking Masterclass (Toastmasters / Internal Workshop); NoSQL Database Architecture with AWS DynamoDB: Modeling & Scalability; Cloud Data Warehousing & High-Performance SQL Analytics with Amazon Redshift
1835,Sales,Sales Representative,0.7691,HIGH,5.0,2.0,2.0,"Sales Representatives of Services, Except Advertising, Insurance, Financial Services, and Travel",medium,2.0,LOW,Inbound Sales & CRM Pipeline Optimization with HubSpot Sales Hub; Enterprise Microsoft 365 Productivity & Workflow Automation Bootcamp
1836,Sales,Sales Executive,0.4935,HIGH,1.0,4.0,3.0,Sales Managers,low,1.0,LOW,Executive Presentation & Public Speaking Masterclass (Toastmasters / Internal Workshop)
1837,Research & Development,Research Director,0.165,LOW,1.0,3.0,3.0,Natural Sciences Managers,low,2.0,LOW,Strategic Problem Solving & Root Cause Decision Analysis Seminar; Operational Process Auditing & KPI Performance Monitoring Protocols
1839,Research & Development,Research Scientist,0.3697,LOW,3.0,3.0,3.0,Computer and Information Research Scientists,medium,6.0,MEDIUM,Technical & Regulatory Documentation Analysis Workshop; Empathetic Leadership & Active Listening for Cross-Functional Collaboration; NoSQL Database Architecture with AWS DynamoDB: Modeling & Scalability
1842,Human Resources,Human Resources,0.4385,HIGH,1.0,4.0,4.0,Human Resources Specialists,medium,5.0,MEDIUM,Technical & Regulatory Documentation Analysis Workshop; Business & Technical Writing: Structuring Executive Summaries & Proposals; Strategic Problem Solving & Root Cause Decision Analysis Seminar
1844,Human Resources,Human Resources,0.9266,HIGH,2.0,1.0,4.0,Human Resources Specialists,medium,4.0,MEDIUM,"Technical & Regulatory Documentation Analysis Workshop; Adobe Acrobat Pro: Digital Signatures, Forms & Secure Document Workflows; Adobe Creative Cloud Bootcamp: Multi-App Visual Design & Asset Management"
1845,Sales,Sales Executive,0.0277,LOW,1.0,2.0,5.0,Sales Managers,low,1.0,LOW,Technical & Regulatory Documentation Analysis Workshop
1847,Research & Development,Research Scientist,0.1482,LOW,5.0,2.0,3.0,Computer and Information Research Scientists,medium,4.0,MEDIUM,Technical & Regulatory Documentation Analysis Workshop; Executive Presentation & Public Speaking Masterclass (Toastmasters / Internal Workshop); AWS Compute Architecture: Scalable EC2 Fleet Management & Auto-Scaling
1849,Sales,Sales Executive,0.1662,LOW,2.0,4.0,4.0,Sales Managers,low,2.0,LOW,Technical & Regulatory Documentation Analysis Workshop; Strategic Problem Solving & Root Cause Decision Analysis Seminar
1850,Research & Development,Laboratory Technician,0.6756,HIGH,3.0,1.0,2.0,Medical and Clinical Laboratory Technicians,medium,1.0,LOW,"Scientific Methodology, Evidence-Based Rigor & Laboratory Standards Training"
1852,Research & Development,Laboratory Technician,0.1887,LOW,3.0,4.0,1.0,Medical and Clinical Laboratory Technicians,medium,3.0,LOW,"Empathetic Leadership & Active Listening for Cross-Functional Collaboration; Google Workspace Collaboration: Document Co-Authoring & Cloud Governance; Time Management, Calendar Optimization & Executive Email Triage in Outlook"
1853,Sales,Sales Executive,0.6869,HIGH,4.0,3.0,5.0,Sales Managers,low,3.0,LOW,"Technical & Regulatory Documentation Analysis Workshop; Strategic Problem Solving & Root Cause Decision Analysis Seminar; B2B Social Media Marketing, Meta Business Suite & Targeted Outreach Campaigns"
1854,Research & Development,Research Scientist,0.12,LOW,1.0,2.0,5.0,Computer and Information Research Scientists,medium,5.0,MEDIUM,Strategic Problem Solving & Root Cause Decision Analysis Seminar; Technical & Regulatory Documentation Analysis Workshop; Empathetic Leadership & Active Listening for Cross-Functional Collaboration
1856,Research & Development,Laboratory Technician,0.6419,HIGH,2.0,3.0,3.0,Medical and Clinical Laboratory Technicians,medium,4.0,MEDIUM,"Technical & Regulatory Documentation Analysis Workshop; Strategic Problem Solving & Root Cause Decision Analysis Seminar; Scientific Methodology, Evidence-Based Rigor & Laboratory Standards Training"
1857,Research & Development,Manufacturing Director,0.0224,LOW,1.0,4.0,1.0,Industrial Production Managers,low,0.0,LOW,None - No skill gaps identified
1858,Human Resources,Human Resources,0.0689,LOW,2.0,4.0,1.0,Human Resources Specialists,medium,3.0,LOW,"Technical & Regulatory Documentation Analysis Workshop; Adobe Acrobat Pro: Digital Signatures, Forms & Secure Document Workflows; Adobe Creative Cloud Bootcamp: Multi-App Visual Design & Asset Management"
1859,Research & Development,Healthcare Representative,0.1934,LOW,4.0,2.0,5.0,"Sales Representatives of Services, Except Advertising, Insurance, Financial Services, and Travel",low,2.0,LOW,"Technical & Regulatory Documentation Analysis Workshop; macOS for Enterprise: Advanced Terminal, Security & Productivity Tooling"
1860,Research & Development,Laboratory Technician,0.2593,LOW,1.0,4.0,3.0,Medical and Clinical Laboratory Technicians,medium,7.0,HIGH,Technical & Regulatory Documentation Analysis Workshop; Empathetic Leadership & Active Listening for Cross-Functional Collaboration; Executive Presentation & Public Speaking Masterclass (Toastmasters / Internal Workshop)
1862,Sales,Sales Executive,0.9567,HIGH,5.0,4.0,4.0,Sales Managers,low,4.0,MEDIUM,Empathetic Leadership & Active Listening for Cross-Functional Collaboration; Executive Presentation & Public Speaking Masterclass (Toastmasters / Internal Workshop); Operational Process Auditing & KPI Performance Monitoring Protocols
1863,Sales,Sales Executive,0.0349,LOW,5.0,2.0,2.0,Sales Managers,low,1.0,LOW,Executive Presentation & Public Speaking Masterclass (Toastmasters / Internal Workshop)
1864,Sales,Sales Representative,0.5015,HIGH,3.0,2.0,1.0,"Sales Representatives of Services, Except Advertising, Insurance, Financial Services, and Travel",medium,2.0,LOW,Executive Presentation & Public Speaking Masterclass (Toastmasters / Internal Workshop); Business & Technical Writing: Structuring Executive Summaries & Proposals
1865,Human Resources,Human Resources,0.457,HIGH,1.0,3.0,4.0,Human Resources Specialists,medium,4.0,MEDIUM,"Executive Presentation & Public Speaking Masterclass (Toastmasters / Internal Workshop); Business & Technical Writing: Structuring Executive Summaries & Proposals; Adobe Acrobat Pro: Digital Signatures, Forms & Secure Document Workflows"
1866,Research & Development,Manager,0.1737,LOW,3.0,5.0,2.0,"Managers, All Other",very_low,,N/A - Manager,N/A - Manager (use Department-level analysis)
1867,Research & Development,Research Director,0.061,LOW,1.0,5.0,2.0,Natural Sciences Managers,low,0.0,LOW,None - No skill gaps identified
1868,Research & Development,Research Scientist,0.8952,HIGH,5.0,3.0,3.0,Computer and Information Research Scientists,medium,5.0,MEDIUM,Strategic Problem Solving & Root Cause Decision Analysis Seminar; Empathetic Leadership & Active Listening for Cross-Functional Collaboration; Continuous Professional Learning & Rapid Skill Acquisition Frameworks
1869,Sales,Sales Executive,0.0609,LOW,1.0,2.0,3.0,Sales Managers,low,2.0,LOW,"Operational Process Auditing & KPI Performance Monitoring Protocols; B2B Social Media Marketing, Meta Business Suite & Targeted Outreach Campaigns"
1870,Research & Development,Research Scientist,0.2628,LOW,2.0,5.0,3.0,Computer and Information Research Scientists,medium,2.0,LOW,AWS Compute Architecture: Scalable EC2 Fleet Management & Auto-Scaling; AWS Infrastructure as Code: CloudFormation & CDK Automated Deployments
1871,Research & Development,Research Scientist,0.0884,LOW,1.0,4.0,3.0,Computer and Information Research Scientists,medium,7.0,HIGH,Strategic Problem Solving & Root Cause Decision Analysis Seminar; Technical & Regulatory Documentation Analysis Workshop; Empathetic Leadership & Active Listening for Cross-Functional Collaboration
1873,Research & Development,Research Scientist,0.0894,LOW,5.0,2.0,3.0,Computer and Information Research Scientists,medium,4.0,MEDIUM,Strategic Problem Solving & Root Cause Decision Analysis Seminar; Continuous Professional Learning & Rapid Skill Acquisition Frameworks; AWS Infrastructure as Code: CloudFormation & CDK Automated Deployments
1875,Sales,Sales Representative,0.3914,LOW,3.0,1.0,4.0,"Sales Representatives of Services, Except Advertising, Insurance, Financial Services, and Travel",medium,5.0,MEDIUM,Empathetic Leadership & Active Listening for Cross-Functional Collaboration; Executive Presentation & Public Speaking Masterclass (Toastmasters / Internal Workshop); Business & Technical Writing: Structuring Executive Summaries & Proposals
1876,Sales,Sales Representative,0.8023,HIGH,,,,"Sales Representatives of Services, Except Advertising, Insurance, Financial Services, and Travel",medium,5.0,MEDIUM,"Empathetic Leadership & Active Listening for Cross-Functional Collaboration; Continuous Professional Learning & Rapid Skill Acquisition Frameworks; macOS for Enterprise: Advanced Terminal, Security & Productivity Tooling"
1878,Research & Development,Research Scientist,0.8202,HIGH,5.0,3.0,3.0,Computer and Information Research Scientists,medium,5.0,MEDIUM,Strategic Problem Solving & Root Cause Decision Analysis Seminar; Empathetic Leadership & Active Listening for Cross-Functional Collaboration; Executive Presentation & Public Speaking Masterclass (Toastmasters / Internal Workshop)
1880,Sales,Sales Executive,0.5483,HIGH,5.0,1.0,2.0,Sales Managers,low,1.0,LOW,Bentley MicroStation CAD: 2D/3D Infrastructure Drafting & Asset Modeling
1881,Research & Development,Laboratory Technician,0.5089,HIGH,3.0,5.0,3.0,Medical and Clinical Laboratory Technicians,medium,0.0,LOW,None - No skill gaps identified
1882,Sales,Sales Executive,0.3028,LOW,1.0,4.0,2.0,Sales Managers,low,3.0,LOW,Executive Presentation & Public Speaking Masterclass (Toastmasters / Internal Workshop); Technical & Regulatory Documentation Analysis Workshop; Strategic Problem Solving & Root Cause Decision Analysis Seminar
1883,Research & Development,Laboratory Technician,0.6458,HIGH,3.0,4.0,2.0,Medical and Clinical Laboratory Technicians,medium,3.0,LOW,"Technical & Regulatory Documentation Analysis Workshop; Empathetic Leadership & Active Listening for Cross-Functional Collaboration; Scientific Methodology, Evidence-Based Rigor & Laboratory Standards Training"
1885,Research & Development,Research Scientist,0.3861,LOW,1.0,2.0,4.0,Computer and Information Research Scientists,medium,4.0,MEDIUM,Strategic Problem Solving & Root Cause Decision Analysis Seminar; Technical & Regulatory Documentation Analysis Workshop; Continuous Professional Learning & Rapid Skill Acquisition Frameworks
1886,Research & Development,Manufacturing Director,0.4655,HIGH,3.0,2.0,5.0,Industrial Production Managers,low,5.0,MEDIUM,"Strategic Problem Solving & Root Cause Decision Analysis Seminar; Adobe Acrobat Pro: Digital Signatures, Forms & Secure Document Workflows; Motion Graphics, Video Storytelling & Product Animation with After Effects"
1888,Research & Development,Manufacturing Director,0.0575,LOW,1.0,5.0,1.0,Industrial Production Managers,low,3.0,LOW,"Adobe Acrobat Pro: Digital Signatures, Forms & Secure Document Workflows; Corporate Layout Design, Multi-Page Publishing & Pitch Decks with InDesign; AutoCAD Essentials: Mechanical/Architectural Drafting & Dimensioning Standards"
1890,Human Resources,Human Resources,0.4018,HIGH,1.0,3.0,2.0,Human Resources Specialists,medium,2.0,LOW,"Technical & Regulatory Documentation Analysis Workshop; Vector Graphics, Infographics & Brand Asset Design in Adobe Illustrator"
1892,Research & Development,Manager,0.1648,LOW,3.0,3.0,3.0,"Managers, All Other",very_low,,N/A - Manager,N/A - Manager (use Department-level analysis)
1893,Research & Development,Research Scientist,0.6439,HIGH,2.0,3.0,4.0,Computer and Information Research Scientists,medium,4.0,MEDIUM,Technical & Regulatory Documentation Analysis Workshop; Empathetic Leadership & Active Listening for Cross-Functional Collaboration; NoSQL Database Architecture with AWS DynamoDB: Modeling & Scalability
1898,Sales,Sales Executive,0.185,LOW,4.0,5.0,5.0,Sales Managers,low,0.0,LOW,None - No skill gaps identified
1900,Research & Development,Manager,0.0395,LOW,2.0,2.0,5.0,"Managers, All Other",very_low,,N/A - Manager,N/A - Manager (use Department-level analysis)
1903,Research & Development,Healthcare Representative,0.0699,LOW,5.0,5.0,2.0,"Sales Representatives of Services, Except Advertising, Insurance, Financial Services, and Travel",low,3.0,LOW,Technical & Regulatory Documentation Analysis Workshop; Advanced Statistical Inference & Predictive Modeling using IBM SPSS; Enterprise Microsoft 365 Productivity & Workflow Automation Bootcamp
1905,Research & Development,Research Scientist,0.694,HIGH,5.0,2.0,1.0,Computer and Information Research Scientists,medium,3.0,LOW,Executive Presentation & Public Speaking Masterclass (Toastmasters / Internal Workshop); AWS Compute Architecture: Scalable EC2 Fleet Management & Auto-Scaling; AWS Infrastructure as Code: CloudFormation & CDK Automated Deployments
1907,Research & Development,Laboratory Technician,0.4056,HIGH,2.0,4.0,5.0,Medical and Clinical Laboratory Technicians,medium,5.0,MEDIUM,Technical & Regulatory Documentation Analysis Workshop; Strategic Problem Solving & Root Cause Decision Analysis Seminar; Executive Presentation & Public Speaking Masterclass (Toastmasters / Internal Workshop)
1908,Sales,Sales Executive,0.6142,HIGH,4.0,2.0,5.0,Sales Managers,low,3.0,LOW,Empathetic Leadership & Active Listening for Cross-Functional Collaboration; Executive Presentation & Public Speaking Masterclass (Toastmasters / Internal Workshop); Operational Process Auditing & KPI Performance Monitoring Protocols
1909,Sales,Sales Executive,0.2406,LOW,3.0,5.0,2.0,Sales Managers,low,7.0,HIGH,Empathetic Leadership & Active Listening for Cross-Functional Collaboration; Executive Presentation & Public Speaking Masterclass (Toastmasters / Internal Workshop); Technical & Regulatory Documentation Analysis Workshop
1911,Research & Development,Research Director,0.0575,LOW,3.0,4.0,3.0,Natural Sciences Managers,low,0.0,LOW,None - No skill gaps identified
1912,Sales,Sales Executive,0.2961,LOW,2.0,5.0,1.0,Sales Managers,low,4.0,MEDIUM,Operational Process Auditing & KPI Performance Monitoring Protocols; Bentley MicroStation CAD: 2D/3D Infrastructure Drafting & Asset Modeling; Java & Multi-Language Software Development with Eclipse IDE & Git Plugins
1915,Sales,Sales Executive,0.5627,HIGH,,,,Sales Managers,low,1.0,LOW,Operational Process Auditing & KPI Performance Monitoring Protocols
1916,Research & Development,Laboratory Technician,0.7191,HIGH,,,,Medical and Clinical Laboratory Technicians,medium,6.0,MEDIUM,Technical & Regulatory Documentation Analysis Workshop; Empathetic Leadership & Active Listening for Cross-Functional Collaboration; Strategic Problem Solving & Root Cause Decision Analysis Seminar
1918,Research & Development,Laboratory Technician,0.124,LOW,3.0,5.0,5.0,Medical and Clinical Laboratory Technicians,medium,1.0,LOW,"Advanced Excel: Dynamic Arrays, Power Query & Business Financial Modeling"
1922,Research & Development,Healthcare Representative,0.2482,LOW,1.0,1.0,3.0,"Sales Representatives of Services, Except Advertising, Insurance, Financial Services, and Travel",low,5.0,MEDIUM,Executive Presentation & Public Speaking Masterclass (Toastmasters / Internal Workshop); Technical & Regulatory Documentation Analysis Workshop; Business & Technical Writing: Structuring Executive Summaries & Proposals
1924,Sales,Sales Executive,0.4748,HIGH,3.0,5.0,1.0,Sales Managers,low,0.0,LOW,None - No skill gaps identified
1927,Sales,Sales Executive,0.5257,HIGH,3.0,2.0,1.0,Sales Managers,low,2.0,LOW,Adobe Creative Cloud Bootcamp: Multi-App Visual Design & Asset Management; Bentley MicroStation CAD: 2D/3D Infrastructure Drafting & Asset Modeling
1928,Sales,Sales Representative,0.9474,HIGH,4.0,5.0,5.0,"Sales Representatives of Services, Except Advertising, Insurance, Financial Services, and Travel",medium,4.0,MEDIUM,"Technical & Regulatory Documentation Analysis Workshop; macOS for Enterprise: Advanced Terminal, Security & Productivity Tooling; Advanced Statistical Inference & Predictive Modeling using IBM SPSS"
1929,Sales,Sales Executive,0.4151,HIGH,4.0,1.0,3.0,Sales Managers,low,6.0,MEDIUM,Empathetic Leadership & Active Listening for Cross-Functional Collaboration; Executive Presentation & Public Speaking Masterclass (Toastmasters / Internal Workshop); Operational Process Auditing & KPI Performance Monitoring Protocols
1931,Research & Development,Research Scientist,0.2905,LOW,2.0,3.0,4.0,Computer and Information Research Scientists,medium,5.0,MEDIUM,Technical & Regulatory Documentation Analysis Workshop; Executive Presentation & Public Speaking Masterclass (Toastmasters / Internal Workshop); Continuous Professional Learning & Rapid Skill Acquisition Frameworks
1932,Research & Development,Research Scientist,0.404,HIGH,5.0,5.0,2.0,Computer and Information Research Scientists,medium,0.0,LOW,None - No skill gaps identified
1933,Sales,Sales Executive,0.7192,HIGH,2.0,4.0,5.0,Sales Managers,low,4.0,MEDIUM,Technical & Regulatory Documentation Analysis Workshop; Strategic Problem Solving & Root Cause Decision Analysis Seminar; Bentley MicroStation CAD: 2D/3D Infrastructure Drafting & Asset Modeling
1934,Research & Development,Research Scientist,0.0345,LOW,2.0,5.0,2.0,Computer and Information Research Scientists,medium,3.0,LOW,Empathetic Leadership & Active Listening for Cross-Functional Collaboration; Executive Presentation & Public Speaking Masterclass (Toastmasters / Internal Workshop); NoSQL Database Architecture with AWS DynamoDB: Modeling & Scalability
1935,Sales,Sales Executive,0.2062,LOW,5.0,1.0,4.0,Sales Managers,low,5.0,MEDIUM,"Technical & Regulatory Documentation Analysis Workshop; Adobe Acrobat Pro: Digital Signatures, Forms & Secure Document Workflows; Bentley MicroStation CAD: 2D/3D Infrastructure Drafting & Asset Modeling"
1936,Research & Development,Manufacturing Director,0.1799,LOW,3.0,3.0,5.0,Industrial Production Managers,low,0.0,LOW,None - No skill gaps identified
1937,Research & Development,Research Scientist,0.0701,LOW,4.0,5.0,4.0,Computer and Information Research Scientists,medium,0.0,LOW,None - No skill gaps identified
1938,Sales,Manager,0.1191,LOW,1.0,4.0,3.0,"Managers, All Other",very_low,,N/A - Manager,N/A - Manager (use Department-level analysis)
1939,Research & Development,Research Scientist,0.8592,HIGH,4.0,5.0,3.0,Computer and Information Research Scientists,medium,5.0,MEDIUM,Technical & Regulatory Documentation Analysis Workshop; Executive Presentation & Public Speaking Masterclass (Toastmasters / Internal Workshop); Continuous Professional Learning & Rapid Skill Acquisition Frameworks
1940,Research & Development,Research Scientist,0.0157,LOW,3.0,4.0,5.0,Computer and Information Research Scientists,medium,4.0,MEDIUM,Strategic Problem Solving & Root Cause Decision Analysis Seminar; Technical & Regulatory Documentation Analysis Workshop; Cloud Data Warehousing & High-Performance SQL Analytics with Amazon Redshift
1941,Research & Development,Research Director,0.0195,LOW,3.0,5.0,4.0,Natural Sciences Managers,low,3.0,LOW,"Technical & Regulatory Documentation Analysis Workshop; Adobe Acrobat Pro: Digital Signatures, Forms & Secure Document Workflows; Spatial Data Analytics & Geospatial Mapping with ESRI ArcGIS Pro"
1943,Sales,Sales Executive,0.4032,HIGH,5.0,5.0,4.0,Sales Managers,low,5.0,MEDIUM,"Technical & Regulatory Documentation Analysis Workshop; Strategic Problem Solving & Root Cause Decision Analysis Seminar; Adobe Acrobat Pro: Digital Signatures, Forms & Secure Document Workflows"
1944,Human Resources,Human Resources,0.9407,HIGH,1.0,4.0,1.0,Human Resources Specialists,medium,6.0,MEDIUM,Executive Presentation & Public Speaking Masterclass (Toastmasters / Internal Workshop); Empathetic Leadership & Active Listening for Cross-Functional Collaboration; Strategic Problem Solving & Root Cause Decision Analysis Seminar
1945,Sales,Sales Executive,0.5036,HIGH,1.0,3.0,4.0,Sales Managers,low,2.0,LOW,Adobe Creative Cloud Bootcamp: Multi-App Visual Design & Asset Management; Bentley MicroStation CAD: 2D/3D Infrastructure Drafting & Asset Modeling
1947,Research & Development,Research Scientist,0.1184,LOW,1.0,3.0,3.0,Computer and Information Research Scientists,medium,2.0,LOW,Continuous Professional Learning & Rapid Skill Acquisition Frameworks; AWS Compute Architecture: Scalable EC2 Fleet Management & Auto-Scaling
1948,Research & Development,Research Scientist,0.1231,LOW,2.0,1.0,5.0,Computer and Information Research Scientists,medium,2.0,LOW,NoSQL Database Architecture with AWS DynamoDB: Modeling & Scalability; AWS Compute Architecture: Scalable EC2 Fleet Management & Auto-Scaling
1949,Research & Development,Laboratory Technician,0.1696,LOW,5.0,3.0,4.0,Medical and Clinical Laboratory Technicians,medium,3.0,LOW,"Technical & Regulatory Documentation Analysis Workshop; MEDITECH EHR Clinical Data Management & Laboratory Information Systems Track; Advanced Excel: Dynamic Arrays, Power Query & Business Financial Modeling"
1950,Sales,Sales Executive,0.5607,HIGH,3.0,2.0,1.0,Sales Managers,low,0.0,LOW,None - No skill gaps identified
1951,Sales,Sales Executive,0.1414,LOW,4.0,1.0,3.0,Sales Managers,low,1.0,LOW,Executive Presentation & Public Speaking Masterclass (Toastmasters / Internal Workshop)
1952,Research & Development,Laboratory Technician,0.5345,HIGH,2.0,5.0,2.0,Medical and Clinical Laboratory Technicians,medium,1.0,LOW,"Scientific Methodology, Evidence-Based Rigor & Laboratory Standards Training"
1954,Research & Development,Healthcare Representative,0.3944,LOW,1.0,1.0,5.0,"Sales Representatives of Services, Except Advertising, Insurance, Financial Services, and Travel",low,2.0,LOW,"Executive Presentation & Public Speaking Masterclass (Toastmasters / Internal Workshop); Advanced Excel: Dynamic Arrays, Power Query & Business Financial Modeling"
1955,Research & Development,Healthcare Representative,0.0225,LOW,2.0,3.0,4.0,"Sales Representatives of Services, Except Advertising, Insurance, Financial Services, and Travel",low,3.0,LOW,"Business & Technical Writing: Structuring Executive Summaries & Proposals; Advanced Statistical Inference & Predictive Modeling using IBM SPSS; Advanced Excel: Dynamic Arrays, Power Query & Business Financial Modeling"
1956,Research & Development,Research Scientist,0.363,LOW,1.0,5.0,4.0,Computer and Information Research Scientists,medium,0.0,LOW,None - No skill gaps identified
1960,Research & Development,Laboratory Technician,0.7464,HIGH,3.0,4.0,1.0,Medical and Clinical Laboratory Technicians,medium,4.0,MEDIUM,"Empathetic Leadership & Active Listening for Cross-Functional Collaboration; Strategic Problem Solving & Root Cause Decision Analysis Seminar; Scientific Methodology, Evidence-Based Rigor & Laboratory Standards Training"
1961,Sales,Sales Representative,0.8501,HIGH,2.0,3.0,1.0,"Sales Representatives of Services, Except Advertising, Insurance, Financial Services, and Travel",medium,5.0,MEDIUM,Empathetic Leadership & Active Listening for Cross-Functional Collaboration; Business & Technical Writing: Structuring Executive Summaries & Proposals; Advanced Statistical Inference & Predictive Modeling using IBM SPSS
1962,Sales,Sales Executive,0.1287,LOW,2.0,4.0,1.0,Sales Managers,low,0.0,LOW,None - No skill gaps identified
1965,Sales,Sales Executive,0.1607,LOW,3.0,1.0,1.0,Sales Managers,low,0.0,LOW,None - No skill gaps identified
1966,Research & Development,Manufacturing Director,0.2662,LOW,4.0,3.0,2.0,Industrial Production Managers,low,8.0,HIGH,Strategic Problem Solving & Root Cause Decision Analysis Seminar; Executive Presentation & Public Speaking Masterclass (Toastmasters / Internal Workshop); Operational Process Auditing & KPI Performance Monitoring Protocols
1967,Sales,Sales Executive,0.8097,HIGH,4.0,2.0,4.0,Sales Managers,low,0.0,LOW,None - No skill gaps identified
1968,Sales,Sales Executive,0.9621,HIGH,1.0,4.0,2.0,Sales Managers,low,6.0,MEDIUM,Empathetic Leadership & Active Listening for Cross-Functional Collaboration; Executive Presentation & Public Speaking Masterclass (Toastmasters / Internal Workshop); Technical & Regulatory Documentation Analysis Workshop
1969,Research & Development,Research Scientist,0.1606,LOW,,,,Computer and Information Research Scientists,medium,3.0,LOW,Executive Presentation & Public Speaking Masterclass (Toastmasters / Internal Workshop); NoSQL Database Architecture with AWS DynamoDB: Modeling & Scalability; AWS Compute Architecture: Scalable EC2 Fleet Management & Auto-Scaling
1970,Research & Development,Healthcare Representative,0.0174,LOW,5.0,4.0,4.0,"Sales Representatives of Services, Except Advertising, Insurance, Financial Services, and Travel",low,3.0,LOW,"Empathetic Leadership & Active Listening for Cross-Functional Collaboration; macOS for Enterprise: Advanced Terminal, Security & Productivity Tooling; Advanced Statistical Inference & Predictive Modeling using IBM SPSS"
1971,Research & Development,Healthcare Representative,0.0811,LOW,3.0,2.0,1.0,"Sales Representatives of Services, Except Advertising, Insurance, Financial Services, and Travel",low,4.0,MEDIUM,Empathetic Leadership & Active Listening for Cross-Functional Collaboration; Technical & Regulatory Documentation Analysis Workshop; Inbound Sales & CRM Pipeline Optimization with HubSpot Sales Hub
1972,Human Resources,Human Resources,0.3885,LOW,2.0,2.0,3.0,Human Resources Specialists,medium,4.0,MEDIUM,Empathetic Leadership & Active Listening for Cross-Functional Collaboration; Strategic Problem Solving & Root Cause Decision Analysis Seminar; Adobe Creative Cloud Bootcamp: Multi-App Visual Design & Asset Management
1973,Human Resources,Manager,0.4483,HIGH,4.0,2.0,3.0,"Managers, All Other",very_low,,N/A - Manager,N/A - Manager (use Department-level analysis)
1974,Research & Development,Laboratory Technician,0.4659,HIGH,4.0,1.0,3.0,Medical and Clinical Laboratory Technicians,medium,4.0,MEDIUM,Technical & Regulatory Documentation Analysis Workshop; Empathetic Leadership & Active Listening for Cross-Functional Collaboration; Strategic Problem Solving & Root Cause Decision Analysis Seminar
1975,Sales,Sales Executive,0.8845,HIGH,4.0,4.0,3.0,Sales Managers,low,0.0,LOW,None - No skill gaps identified
1976,Research & Development,Research Scientist,0.0501,LOW,1.0,5.0,1.0,Computer and Information Research Scientists,medium,2.0,LOW,Empathetic Leadership & Active Listening for Cross-Functional Collaboration; AWS Infrastructure as Code: CloudFormation & CDK Automated Deployments
1979,Research & Development,Research Director,0.0099,LOW,1.0,4.0,5.0,Natural Sciences Managers,low,1.0,LOW,Empathetic Leadership & Active Listening for Cross-Functional Collaboration
1980,Research & Development,Manufacturing Director,0.6137,HIGH,5.0,4.0,5.0,Industrial Production Managers,low,3.0,LOW,Strategic Problem Solving & Root Cause Decision Analysis Seminar; Technical & Regulatory Documentation Analysis Workshop; Commercial Image Retouching & Asset Production with Adobe Photoshop
1981,Research & Development,Healthcare Representative,0.5365,HIGH,5.0,4.0,3.0,"Sales Representatives of Services, Except Advertising, Insurance, Financial Services, and Travel",low,7.0,HIGH,"Executive Presentation & Public Speaking Masterclass (Toastmasters / Internal Workshop); Continuous Professional Learning & Rapid Skill Acquisition Frameworks; macOS for Enterprise: Advanced Terminal, Security & Productivity Tooling"
1982,Research & Development,Laboratory Technician,0.1289,LOW,3.0,5.0,5.0,Medical and Clinical Laboratory Technicians,medium,1.0,LOW,"Advanced Excel: Dynamic Arrays, Power Query & Business Financial Modeling"
1985,Research & Development,Laboratory Technician,0.6336,HIGH,5.0,5.0,2.0,Medical and Clinical Laboratory Technicians,medium,2.0,LOW,"Scientific Methodology, Evidence-Based Rigor & Laboratory Standards Training; Google Workspace Collaboration: Document Co-Authoring & Cloud Governance"
1986,Sales,Sales Executive,0.1188,LOW,1.0,4.0,2.0,Sales Managers,low,1.0,LOW,Java & Multi-Language Software Development with Eclipse IDE & Git Plugins
1987,Human Resources,Human Resources,0.5035,HIGH,5.0,1.0,3.0,Human Resources Specialists,medium,2.0,LOW,"Strategic Problem Solving & Root Cause Decision Analysis Seminar; Corporate Layout Design, Multi-Page Publishing & Pitch Decks with InDesign"
1989,Research & Development,Laboratory Technician,0.0723,LOW,4.0,2.0,5.0,Medical and Clinical Laboratory Technicians,medium,0.0,LOW,None - No skill gaps identified
1992,Research & Development,Laboratory Technician,0.4878,HIGH,4.0,3.0,3.0,Medical and Clinical Laboratory Technicians,medium,6.0,MEDIUM,"Technical & Regulatory Documentation Analysis Workshop; Strategic Problem Solving & Root Cause Decision Analysis Seminar; Scientific Methodology, Evidence-Based Rigor & Laboratory Standards Training"
1993,Research & Development,Healthcare Representative,0.2483,LOW,5.0,2.0,4.0,"Sales Representatives of Services, Except Advertising, Insurance, Financial Services, and Travel",low,1.0,LOW,Empathetic Leadership & Active Listening for Cross-Functional Collaboration
1994,Research & Development,Laboratory Technician,0.1967,LOW,5.0,5.0,1.0,Medical and Clinical Laboratory Technicians,medium,1.0,LOW,Enterprise Microsoft 365 Productivity & Workflow Automation Bootcamp
1995,Sales,Sales Executive,0.0292,LOW,4.0,3.0,1.0,Sales Managers,low,0.0,LOW,None - No skill gaps identified
1996,Sales,Sales Representative,0.4004,HIGH,3.0,5.0,2.0,"Sales Representatives of Services, Except Advertising, Insurance, Financial Services, and Travel",medium,5.0,MEDIUM,"Empathetic Leadership & Active Listening for Cross-Functional Collaboration; Business & Technical Writing: Structuring Executive Summaries & Proposals; macOS for Enterprise: Advanced Terminal, Security & Productivity Tooling"
1997,Research & Development,Manufacturing Director,0.4955,HIGH,3.0,3.0,2.0,Industrial Production Managers,low,4.0,MEDIUM,"Adobe Acrobat Pro: Digital Signatures, Forms & Secure Document Workflows; Corporate Layout Design, Multi-Page Publishing & Pitch Decks with InDesign; Commercial Image Retouching & Asset Production with Adobe Photoshop"
1998,Research & Development,Research Scientist,0.6735,HIGH,2.0,4.0,3.0,Computer and Information Research Scientists,medium,3.0,LOW,Strategic Problem Solving & Root Cause Decision Analysis Seminar; NoSQL Database Architecture with AWS DynamoDB: Modeling & Scalability; AWS Compute Architecture: Scalable EC2 Fleet Management & Auto-Scaling
1999,Research & Development,Research Scientist,0.0451,LOW,3.0,2.0,2.0,Computer and Information Research Scientists,medium,4.0,MEDIUM,Executive Presentation & Public Speaking Masterclass (Toastmasters / Internal Workshop); NoSQL Database Architecture with AWS DynamoDB: Modeling & Scalability; Cloud Data Warehousing & High-Performance SQL Analytics with Amazon Redshift
2000,Research & Development,Research Director,0.0029,LOW,1.0,3.0,3.0,Natural Sciences Managers,low,0.0,LOW,None - No skill gaps identified
2003,Research & Development,Laboratory Technician,0.7652,HIGH,5.0,5.0,1.0,Medical and Clinical Laboratory Technicians,medium,4.0,MEDIUM,Empathetic Leadership & Active Listening for Cross-Functional Collaboration; Strategic Problem Solving & Root Cause Decision Analysis Seminar; Executive Presentation & Public Speaking Masterclass (Toastmasters / Internal Workshop)
2007,Research & Development,Research Scientist,0.1013,LOW,4.0,1.0,5.0,Computer and Information Research Scientists,medium,6.0,MEDIUM,Empathetic Leadership & Active Listening for Cross-Functional Collaboration; Continuous Professional Learning & Rapid Skill Acquisition Frameworks; NoSQL Database Architecture with AWS DynamoDB: Modeling & Scalability
2008,Research & Development,Research Scientist,0.0622,LOW,1.0,2.0,2.0,Computer and Information Research Scientists,medium,0.0,LOW,None - No skill gaps identified
2009,Research & Development,Healthcare Representative,0.5145,HIGH,5.0,2.0,2.0,"Sales Representatives of Services, Except Advertising, Insurance, Financial Services, and Travel",low,0.0,LOW,None - No skill gaps identified
2010,Research & Development,Laboratory Technician,0.8559,HIGH,4.0,4.0,4.0,Medical and Clinical Laboratory Technicians,medium,3.0,LOW,"Google Workspace Collaboration: Document Co-Authoring & Cloud Governance; Enterprise Microsoft 365 Productivity & Workflow Automation Bootcamp; Time Management, Calendar Optimization & Executive Email Triage in Outlook"
2012,Research & Development,Laboratory Technician,0.5138,HIGH,2.0,3.0,2.0,Medical and Clinical Laboratory Technicians,medium,5.0,MEDIUM,"Executive Presentation & Public Speaking Masterclass (Toastmasters / Internal Workshop); Scientific Methodology, Evidence-Based Rigor & Laboratory Standards Training; MEDITECH EHR Clinical Data Management & Laboratory Information Systems Track"
2013,Sales,Sales Representative,0.7235,HIGH,4.0,5.0,4.0,"Sales Representatives of Services, Except Advertising, Insurance, Financial Services, and Travel",medium,5.0,MEDIUM,Empathetic Leadership & Active Listening for Cross-Functional Collaboration; Technical & Regulatory Documentation Analysis Workshop; Continuous Professional Learning & Rapid Skill Acquisition Frameworks
2014,Research & Development,Research Scientist,0.5381,HIGH,2.0,5.0,4.0,Computer and Information Research Scientists,medium,1.0,LOW,AWS Compute Architecture: Scalable EC2 Fleet Management & Auto-Scaling
2015,Research & Development,Research Director,0.02,LOW,4.0,3.0,1.0,Natural Sciences Managers,low,0.0,LOW,None - No skill gaps identified
2016,Sales,Sales Executive,0.047,LOW,1.0,3.0,5.0,Sales Managers,low,0.0,LOW,None - No skill gaps identified
2017,Research & Development,Research Director,0.0479,LOW,2.0,5.0,4.0,Natural Sciences Managers,low,1.0,LOW,Relational Database Design & SQL Querying with Microsoft Access
2018,Sales,Sales Executive,0.3882,LOW,5.0,2.0,1.0,Sales Managers,low,3.0,LOW,"Strategic Problem Solving & Root Cause Decision Analysis Seminar; Adobe Acrobat Pro: Digital Signatures, Forms & Secure Document Workflows; Adobe Creative Cloud Bootcamp: Multi-App Visual Design & Asset Management"
2019,Sales,Sales Representative,0.1773,LOW,2.0,1.0,4.0,"Sales Representatives of Services, Except Advertising, Insurance, Financial Services, and Travel",medium,0.0,LOW,None - No skill gaps identified
2020,Research & Development,Research Scientist,0.6379,HIGH,2.0,1.0,4.0,Computer and Information Research Scientists,medium,6.0,MEDIUM,Strategic Problem Solving & Root Cause Decision Analysis Seminar; Empathetic Leadership & Active Listening for Cross-Functional Collaboration; Executive Presentation & Public Speaking Masterclass (Toastmasters / Internal Workshop)
2021,Sales,Sales Representative,0.9376,HIGH,1.0,3.0,4.0,"Sales Representatives of Services, Except Advertising, Insurance, Financial Services, and Travel",medium,2.0,LOW,"Advanced Statistical Inference & Predictive Modeling using IBM SPSS; Advanced Excel: Dynamic Arrays, Power Query & Business Financial Modeling"
2022,Research & Development,Manager,0.0703,LOW,5.0,3.0,5.0,"Managers, All Other",very_low,,N/A - Manager,N/A - Manager (use Department-level analysis)
2023,Sales,Sales Representative,0.9017,HIGH,3.0,4.0,4.0,"Sales Representatives of Services, Except Advertising, Insurance, Financial Services, and Travel",medium,7.0,HIGH,"Empathetic Leadership & Active Listening for Cross-Functional Collaboration; Business & Technical Writing: Structuring Executive Summaries & Proposals; macOS for Enterprise: Advanced Terminal, Security & Productivity Tooling"
2024,Sales,Sales Executive,0.1533,LOW,2.0,1.0,5.0,Sales Managers,low,0.0,LOW,None - No skill gaps identified
2025,Research & Development,Manufacturing Director,0.071,LOW,1.0,2.0,4.0,Industrial Production Managers,low,1.0,LOW,Technical & Regulatory Documentation Analysis Workshop
2026,Research & Development,Healthcare Representative,0.0043,LOW,2.0,4.0,4.0,"Sales Representatives of Services, Except Advertising, Insurance, Financial Services, and Travel",low,1.0,LOW,Empathetic Leadership & Active Listening for Cross-Functional Collaboration
2027,Research & Development,Research Scientist,0.5626,HIGH,3.0,1.0,3.0,Computer and Information Research Scientists,medium,4.0,MEDIUM,Continuous Professional Learning & Rapid Skill Acquisition Frameworks; Cloud Data Warehousing & High-Performance SQL Analytics with Amazon Redshift; AWS Infrastructure as Code: CloudFormation & CDK Automated Deployments
2031,Research & Development,Manager,0.2862,LOW,1.0,3.0,1.0,"Managers, All Other",very_low,,N/A - Manager,N/A - Manager (use Department-level analysis)
2032,Research & Development,Laboratory Technician,0.4651,HIGH,5.0,2.0,4.0,Medical and Clinical Laboratory Technicians,medium,0.0,LOW,None - No skill gaps identified
2034,Research & Development,Manufacturing Director,0.0901,LOW,2.0,4.0,1.0,Industrial Production Managers,low,1.0,LOW,"Adobe Acrobat Pro: Digital Signatures, Forms & Secure Document Workflows"
2035,Sales,Sales Executive,0.1059,LOW,4.0,2.0,3.0,Sales Managers,low,3.0,LOW,"Technical & Regulatory Documentation Analysis Workshop; Adobe Acrobat Pro: Digital Signatures, Forms & Secure Document Workflows; Java & Multi-Language Software Development with Eclipse IDE & Git Plugins"
2036,Sales,Sales Executive,0.1335,LOW,4.0,3.0,4.0,Sales Managers,low,1.0,LOW,Java & Multi-Language Software Development with Eclipse IDE & Git Plugins
2037,Sales,Sales Executive,0.081,LOW,2.0,5.0,4.0,Sales Managers,low,2.0,LOW,Empathetic Leadership & Active Listening for Cross-Functional Collaboration; Bentley MicroStation CAD: 2D/3D Infrastructure Drafting & Asset Modeling
2038,Research & Development,Research Scientist,0.2588,LOW,5.0,3.0,2.0,Computer and Information Research Scientists,medium,1.0,LOW,"AWS Solutions Architect: Core Cloud Services, IAM & Architecture Design"
2040,Human Resources,Human Resources,0.6942,HIGH,,,,Human Resources Specialists,medium,1.0,LOW,"Adobe Acrobat Pro: Digital Signatures, Forms & Secure Document Workflows"
2041,Sales,Sales Executive,0.1049,LOW,1.0,1.0,5.0,Sales Managers,low,2.0,LOW,Empathetic Leadership & Active Listening for Cross-Functional Collaboration; Adobe Creative Cloud Bootcamp: Multi-App Visual Design & Asset Management
2044,Sales,Sales Executive,0.2106,LOW,5.0,1.0,5.0,Sales Managers,low,2.0,LOW,"Adobe Acrobat Pro: Digital Signatures, Forms & Secure Document Workflows; Bentley MicroStation CAD: 2D/3D Infrastructure Drafting & Asset Modeling"
2045,Sales,Sales Executive,0.5489,HIGH,3.0,1.0,4.0,Sales Managers,low,4.0,MEDIUM,Executive Presentation & Public Speaking Masterclass (Toastmasters / Internal Workshop); Technical & Regulatory Documentation Analysis Workshop; Strategic Problem Solving & Root Cause Decision Analysis Seminar
2046,Sales,Sales Executive,0.5414,HIGH,2.0,2.0,4.0,Sales Managers,low,3.0,LOW,"Strategic Problem Solving & Root Cause Decision Analysis Seminar; Adobe Acrobat Pro: Digital Signatures, Forms & Secure Document Workflows; Adobe Creative Cloud Bootcamp: Multi-App Visual Design & Asset Management"
2048,Research & Development,Research Scientist,0.1209,LOW,2.0,5.0,4.0,Computer and Information Research Scientists,medium,3.0,LOW,Strategic Problem Solving & Root Cause Decision Analysis Seminar; Cloud Data Warehousing & High-Performance SQL Analytics with Amazon Redshift; AWS Infrastructure as Code: CloudFormation & CDK Automated Deployments
2049,Research & Development,Healthcare Representative,0.2672,LOW,3.0,1.0,3.0,"Sales Representatives of Services, Except Advertising, Insurance, Financial Services, and Travel",low,0.0,LOW,None - No skill gaps identified
2051,Research & Development,Research Scientist,0.0118,LOW,5.0,2.0,4.0,Computer and Information Research Scientists,medium,3.0,LOW,Empathetic Leadership & Active Listening for Cross-Functional Collaboration; Continuous Professional Learning & Rapid Skill Acquisition Frameworks; Cloud Data Warehousing & High-Performance SQL Analytics with Amazon Redshift
2052,Research & Development,Research Scientist,0.0786,LOW,1.0,4.0,4.0,Computer and Information Research Scientists,medium,2.0,LOW,"AWS Infrastructure as Code: CloudFormation & CDK Automated Deployments; AWS Solutions Architect: Core Cloud Services, IAM & Architecture Design"
2053,Research & Development,Laboratory Technician,0.8194,HIGH,5.0,3.0,1.0,Medical and Clinical Laboratory Technicians,medium,4.0,MEDIUM,Strategic Problem Solving & Root Cause Decision Analysis Seminar; Google Workspace Collaboration: Document Co-Authoring & Cloud Governance; Enterprise Microsoft 365 Productivity & Workflow Automation Bootcamp
2054,Research & Development,Research Scientist,0.6014,HIGH,4.0,5.0,3.0,Computer and Information Research Scientists,medium,2.0,LOW,Executive Presentation & Public Speaking Masterclass (Toastmasters / Internal Workshop); AWS Compute Architecture: Scalable EC2 Fleet Management & Auto-Scaling
2055,Sales,Sales Executive,0.839,HIGH,5.0,4.0,2.0,Sales Managers,low,3.0,LOW,"Technical & Regulatory Documentation Analysis Workshop; Strategic Problem Solving & Root Cause Decision Analysis Seminar; B2B Social Media Marketing, Meta Business Suite & Targeted Outreach Campaigns"
2056,Sales,Sales Executive,0.6994,HIGH,3.0,4.0,1.0,Sales Managers,low,0.0,LOW,None - No skill gaps identified
2057,Research & Development,Manufacturing Director,0.0957,LOW,4.0,1.0,3.0,Industrial Production Managers,low,1.0,LOW,Executive Presentation & Public Speaking Masterclass (Toastmasters / Internal Workshop)
2060,Sales,Sales Representative,0.2703,LOW,5.0,5.0,5.0,"Sales Representatives of Services, Except Advertising, Insurance, Financial Services, and Travel",medium,4.0,MEDIUM,"Technical & Regulatory Documentation Analysis Workshop; Business & Technical Writing: Structuring Executive Summaries & Proposals; Advanced Excel: Dynamic Arrays, Power Query & Business Financial Modeling"
2061,Research & Development,Laboratory Technician,0.3277,LOW,2.0,4.0,3.0,Medical and Clinical Laboratory Technicians,medium,2.0,LOW,Google Workspace Collaboration: Document Co-Authoring & Cloud Governance; MEDITECH EHR Clinical Data Management & Laboratory Information Systems Track
2062,Research & Development,Healthcare Representative,0.1582,LOW,4.0,1.0,2.0,"Sales Representatives of Services, Except Advertising, Insurance, Financial Services, and Travel",low,0.0,LOW,None - No skill gaps identified
2064,Research & Development,Manufacturing Director,0.5744,HIGH,1.0,3.0,5.0,Industrial Production Managers,low,1.0,LOW,"Adobe Acrobat Pro: Digital Signatures, Forms & Secure Document Workflows"
2065,Sales,Sales Executive,0.094,LOW,5.0,4.0,4.0,Sales Managers,low,0.0,LOW,None - No skill gaps identified
2068,Research & Development,Laboratory Technician,0.4866,HIGH,4.0,3.0,5.0,Medical and Clinical Laboratory Technicians,medium,2.0,LOW,"Scientific Methodology, Evidence-Based Rigor & Laboratory Standards Training; Advanced Excel: Dynamic Arrays, Power Query & Business Financial Modeling"
