# SYNTHETIC DATA — employee current-skill possession was not present in any source file and has been simulated using a tenure/training-based heuristic for MVP demonstration purposes only. This must NOT be presented to stakeholders as real observed skill data. Real deployment requires an actual skills inventory (HRIS export, LMS completion records, or self-assessment survey).
EmployeeNumber,JobRole,severity,top_3_missing_skills,top_3_recommendations
1,Sales Executive,MEDIUM,Speaking; Reading Comprehension; Bentley MicroStation,Executive Presentation & Public Speaking Masterclass (Toastmasters / Internal Workshop); Technical & Regulatory Documentation Analysis Workshop; Bentley MicroStation CAD: 2D/3D Infrastructure Drafting & Asset Modeling
2,Research Scientist,LOW,Reading Comprehension,Technical & Regulatory Documentation Analysis Workshop
4,Laboratory Technician,MEDIUM,Reading Comprehension; Science; Google Docs,"Technical & Regulatory Documentation Analysis Workshop; Scientific Methodology, Evidence-Based Rigor & Laboratory Standards Training; Google Workspace Collaboration: Document Co-Authoring & Cloud Governance"
5,Research Scientist,LOW,Speaking; Active Learning,Executive Presentation & Public Speaking Masterclass (Toastmasters / Internal Workshop); Continuous Professional Learning & Rapid Skill Acquisition Frameworks
7,Laboratory Technician,LOW,Speaking; Google Docs,Executive Presentation & Public Speaking Masterclass (Toastmasters / Internal Workshop); Google Workspace Collaboration: Document Co-Authoring & Cloud Governance
8,Laboratory Technician,MEDIUM,Reading Comprehension; Active Listening; Critical Thinking,Technical & Regulatory Documentation Analysis Workshop; Empathetic Leadership & Active Listening for Cross-Functional Collaboration; Strategic Problem Solving & Root Cause Decision Analysis Seminar
10,Laboratory Technician,MEDIUM,Critical Thinking; Google Docs; Microsoft Excel,"Strategic Problem Solving & Root Cause Decision Analysis Seminar; Google Workspace Collaboration: Document Co-Authoring & Cloud Governance; Advanced Excel: Dynamic Arrays, Power Query & Business Financial Modeling"
11,Laboratory Technician,MEDIUM,Reading Comprehension; Speaking; Science,"Technical & Regulatory Documentation Analysis Workshop; Executive Presentation & Public Speaking Masterclass (Toastmasters / Internal Workshop); Scientific Methodology, Evidence-Based Rigor & Laboratory Standards Training"
12,Manufacturing Director,LOW,Critical Thinking; Adobe Photoshop,Strategic Problem Solving & Root Cause Decision Analysis Seminar; Commercial Image Retouching & Asset Production with Adobe Photoshop
13,Healthcare Representative,LOW,None,None - No skill gaps identified
14,Laboratory Technician,LOW,Science,"Scientific Methodology, Evidence-Based Rigor & Laboratory Standards Training"
15,Laboratory Technician,LOW,Critical Thinking,Strategic Problem Solving & Root Cause Decision Analysis Seminar
16,Research Scientist,MEDIUM,Critical Thinking; Reading Comprehension; Amazon Elastic Compute Cloud EC2,Strategic Problem Solving & Root Cause Decision Analysis Seminar; Technical & Regulatory Documentation Analysis Workshop; AWS Compute Architecture: Scalable EC2 Fleet Management & Auto-Scaling
18,Laboratory Technician,MEDIUM,Science; MEDITECH software; Microsoft Excel,"Scientific Methodology, Evidence-Based Rigor & Laboratory Standards Training; MEDITECH EHR Clinical Data Management & Laboratory Information Systems Track; Advanced Excel: Dynamic Arrays, Power Query & Business Financial Modeling"
19,Laboratory Technician,LOW,Reading Comprehension,Technical & Regulatory Documentation Analysis Workshop
20,Manufacturing Director,LOW,Critical Thinking; Active Listening,Strategic Problem Solving & Root Cause Decision Analysis Seminar; Empathetic Leadership & Active Listening for Cross-Functional Collaboration
21,Research Scientist,LOW,None,None - No skill gaps identified
22,Laboratory Technician,MEDIUM,Reading Comprehension; Critical Thinking; Science,"Technical & Regulatory Documentation Analysis Workshop; Strategic Problem Solving & Root Cause Decision Analysis Seminar; Scientific Methodology, Evidence-Based Rigor & Laboratory Standards Training"
24,Research Scientist,MEDIUM,Active Listening; Speaking; Amazon DynamoDB,Empathetic Leadership & Active Listening for Cross-Functional Collaboration; Executive Presentation & Public Speaking Masterclass (Toastmasters / Internal Workshop); NoSQL Database Architecture with AWS DynamoDB: Modeling & Scalability
26,Manufacturing Director,MEDIUM,Speaking; Monitoring; Adobe InDesign,"Executive Presentation & Public Speaking Masterclass (Toastmasters / Internal Workshop); Operational Process Auditing & KPI Performance Monitoring Protocols; Corporate Layout Design, Multi-Page Publishing & Pitch Decks with InDesign"
27,Sales Representative,LOW,Writing,Business & Technical Writing: Structuring Executive Summaries & Proposals
28,Research Director,LOW,None,None - No skill gaps identified
30,Research Scientist,MEDIUM,Critical Thinking; Amazon Elastic Compute Cloud EC2; Amazon Web Services AWS CloudFormation,Strategic Problem Solving & Root Cause Decision Analysis Seminar; AWS Compute Architecture: Scalable EC2 Fleet Management & Auto-Scaling; AWS Infrastructure as Code: CloudFormation & CDK Automated Deployments
31,Research Scientist,LOW,Critical Thinking; Amazon DynamoDB; Amazon Web Services AWS CloudFormation,Strategic Problem Solving & Root Cause Decision Analysis Seminar; NoSQL Database Architecture with AWS DynamoDB: Modeling & Scalability; AWS Infrastructure as Code: CloudFormation & CDK Automated Deployments
33,Research Scientist,LOW,Reading Comprehension; Amazon Redshift; Amazon Web Services AWS CloudFormation,Technical & Regulatory Documentation Analysis Workshop; Cloud Data Warehousing & High-Performance SQL Analytics with Amazon Redshift; AWS Infrastructure as Code: CloudFormation & CDK Automated Deployments
35,Sales Executive,LOW,Reading Comprehension; Adobe Creative Cloud software,Technical & Regulatory Documentation Analysis Workshop; Adobe Creative Cloud Bootcamp: Multi-App Visual Design & Asset Management
36,Healthcare Representative,LOW,Speaking,Executive Presentation & Public Speaking Masterclass (Toastmasters / Internal Workshop)
39,Laboratory Technician,HIGH,Reading Comprehension; Active Listening; Critical Thinking,Technical & Regulatory Documentation Analysis Workshop; Empathetic Leadership & Active Listening for Cross-Functional Collaboration; Strategic Problem Solving & Root Cause Decision Analysis Seminar
40,Healthcare Representative,LOW,Active Listening,Empathetic Leadership & Active Listening for Cross-Functional Collaboration
41,Laboratory Technician,LOW,None,None - No skill gaps identified
42,Sales Representative,LOW,Active Learning; Apple macOS; Microsoft Excel,"Continuous Professional Learning & Rapid Skill Acquisition Frameworks; macOS for Enterprise: Advanced Terminal, Security & Productivity Tooling; Advanced Excel: Dynamic Arrays, Power Query & Business Financial Modeling"
45,Research Scientist,LOW,Speaking; Active Learning; Amazon DynamoDB,Executive Presentation & Public Speaking Masterclass (Toastmasters / Internal Workshop); Continuous Professional Learning & Rapid Skill Acquisition Frameworks; NoSQL Database Architecture with AWS DynamoDB: Modeling & Scalability
46,Research Scientist,LOW,Reading Comprehension; Active Learning; Amazon DynamoDB,Technical & Regulatory Documentation Analysis Workshop; Continuous Professional Learning & Rapid Skill Acquisition Frameworks; NoSQL Database Architecture with AWS DynamoDB: Modeling & Scalability
47,Sales Representative,LOW,Speaking; HubSpot software; IBM SPSS Statistics,Executive Presentation & Public Speaking Masterclass (Toastmasters / Internal Workshop); Inbound Sales & CRM Pipeline Optimization with HubSpot Sales Hub; Advanced Statistical Inference & Predictive Modeling using IBM SPSS
49,Sales Representative,LOW,Apple macOS; HubSpot software; Microsoft Office software,"macOS for Enterprise: Advanced Terminal, Security & Productivity Tooling; Inbound Sales & CRM Pipeline Optimization with HubSpot Sales Hub; Enterprise Microsoft 365 Productivity & Workflow Automation Bootcamp"
51,Research Scientist,HIGH,Critical Thinking; Reading Comprehension; Active Listening,Strategic Problem Solving & Root Cause Decision Analysis Seminar; Technical & Regulatory Documentation Analysis Workshop; Empathetic Leadership & Active Listening for Cross-Functional Collaboration
52,Sales Executive,LOW,Monitoring; Adobe Creative Cloud software; Bentley MicroStation,Operational Process Auditing & KPI Performance Monitoring Protocols; Adobe Creative Cloud Bootcamp: Multi-App Visual Design & Asset Management; Bentley MicroStation CAD: 2D/3D Infrastructure Drafting & Asset Modeling
53,Laboratory Technician,LOW,Speaking; MEDITECH software; Microsoft Office software,Executive Presentation & Public Speaking Masterclass (Toastmasters / Internal Workshop); MEDITECH EHR Clinical Data Management & Laboratory Information Systems Track; Enterprise Microsoft 365 Productivity & Workflow Automation Bootcamp
54,Laboratory Technician,MEDIUM,Active Listening; Speaking; Science,"Empathetic Leadership & Active Listening for Cross-Functional Collaboration; Executive Presentation & Public Speaking Masterclass (Toastmasters / Internal Workshop); Scientific Methodology, Evidence-Based Rigor & Laboratory Standards Training"
55,Laboratory Technician,MEDIUM,Reading Comprehension; Speaking; Google Docs,Technical & Regulatory Documentation Analysis Workshop; Executive Presentation & Public Speaking Masterclass (Toastmasters / Internal Workshop); Google Workspace Collaboration: Document Co-Authoring & Cloud Governance
56,Sales Executive,MEDIUM,Speaking; Critical Thinking; Adobe Acrobat,"Executive Presentation & Public Speaking Masterclass (Toastmasters / Internal Workshop); Strategic Problem Solving & Root Cause Decision Analysis Seminar; Adobe Acrobat Pro: Digital Signatures, Forms & Secure Document Workflows"
57,Laboratory Technician,LOW,Active Listening; Critical Thinking,Empathetic Leadership & Active Listening for Cross-Functional Collaboration; Strategic Problem Solving & Root Cause Decision Analysis Seminar
58,Research Director,LOW,None,None - No skill gaps identified
60,Sales Executive,LOW,None,None - No skill gaps identified
61,Research Scientist,MEDIUM,Reading Comprehension; Active Learning; Amazon DynamoDB,Technical & Regulatory Documentation Analysis Workshop; Continuous Professional Learning & Rapid Skill Acquisition Frameworks; NoSQL Database Architecture with AWS DynamoDB: Modeling & Scalability
62,Sales Executive,LOW,None,None - No skill gaps identified
63,Laboratory Technician,MEDIUM,Active Listening; Critical Thinking; Speaking,Empathetic Leadership & Active Listening for Cross-Functional Collaboration; Strategic Problem Solving & Root Cause Decision Analysis Seminar; Executive Presentation & Public Speaking Masterclass (Toastmasters / Internal Workshop)
64,Laboratory Technician,HIGH,Active Listening; Speaking; Science,"Empathetic Leadership & Active Listening for Cross-Functional Collaboration; Executive Presentation & Public Speaking Masterclass (Toastmasters / Internal Workshop); Scientific Methodology, Evidence-Based Rigor & Laboratory Standards Training"
65,Laboratory Technician,HIGH,Reading Comprehension; Active Listening; Speaking,Technical & Regulatory Documentation Analysis Workshop; Empathetic Leadership & Active Listening for Cross-Functional Collaboration; Executive Presentation & Public Speaking Masterclass (Toastmasters / Internal Workshop)
68,Sales Executive,LOW,Speaking; Eclipse IDE; Facebook,"Executive Presentation & Public Speaking Masterclass (Toastmasters / Internal Workshop); Java & Multi-Language Software Development with Eclipse IDE & Git Plugins; B2B Social Media Marketing, Meta Business Suite & Targeted Outreach Campaigns"
70,Healthcare Representative,HIGH,Active Listening; Writing; Active Learning,Empathetic Leadership & Active Listening for Cross-Functional Collaboration; Business & Technical Writing: Structuring Executive Summaries & Proposals; Continuous Professional Learning & Rapid Skill Acquisition Frameworks
72,Sales Executive,MEDIUM,Active Listening; Reading Comprehension; Critical Thinking,Empathetic Leadership & Active Listening for Cross-Functional Collaboration; Technical & Regulatory Documentation Analysis Workshop; Strategic Problem Solving & Root Cause Decision Analysis Seminar
73,Research Director,LOW,Active Listening,Empathetic Leadership & Active Listening for Cross-Functional Collaboration
74,Sales Executive,LOW,Speaking; Reading Comprehension; Adobe Acrobat,"Executive Presentation & Public Speaking Masterclass (Toastmasters / Internal Workshop); Technical & Regulatory Documentation Analysis Workshop; Adobe Acrobat Pro: Digital Signatures, Forms & Secure Document Workflows"
75,Laboratory Technician,MEDIUM,Reading Comprehension; Active Listening; Speaking,Technical & Regulatory Documentation Analysis Workshop; Empathetic Leadership & Active Listening for Cross-Functional Collaboration; Executive Presentation & Public Speaking Masterclass (Toastmasters / Internal Workshop)
76,Laboratory Technician,LOW,Active Listening; Science,"Empathetic Leadership & Active Listening for Cross-Functional Collaboration; Scientific Methodology, Evidence-Based Rigor & Laboratory Standards Training"
77,Manufacturing Director,LOW,Adobe Photoshop,Commercial Image Retouching & Asset Production with Adobe Photoshop
78,Manufacturing Director,LOW,Adobe Acrobat; Adobe InDesign,"Adobe Acrobat Pro: Digital Signatures, Forms & Secure Document Workflows; Corporate Layout Design, Multi-Page Publishing & Pitch Decks with InDesign"
79,Laboratory Technician,LOW,Active Listening,Empathetic Leadership & Active Listening for Cross-Functional Collaboration
80,Research Director,LOW,None,None - No skill gaps identified
81,Sales Executive,LOW,None,None - No skill gaps identified
83,Healthcare Representative,LOW,None,None - No skill gaps identified
85,Manufacturing Director,LOW,None,None - No skill gaps identified
86,Research Scientist,MEDIUM,Critical Thinking; Reading Comprehension; Active Listening,Strategic Problem Solving & Root Cause Decision Analysis Seminar; Technical & Regulatory Documentation Analysis Workshop; Empathetic Leadership & Active Listening for Cross-Functional Collaboration
88,Research Scientist,MEDIUM,Amazon DynamoDB; Amazon Elastic Compute Cloud EC2; Amazon Redshift,NoSQL Database Architecture with AWS DynamoDB: Modeling & Scalability; AWS Compute Architecture: Scalable EC2 Fleet Management & Auto-Scaling; Cloud Data Warehousing & High-Performance SQL Analytics with Amazon Redshift
90,Research Scientist,HIGH,Reading Comprehension; Active Listening; Speaking,Technical & Regulatory Documentation Analysis Workshop; Empathetic Leadership & Active Listening for Cross-Functional Collaboration; Executive Presentation & Public Speaking Masterclass (Toastmasters / Internal Workshop)
91,Sales Executive,LOW,Speaking; Reading Comprehension,Executive Presentation & Public Speaking Masterclass (Toastmasters / Internal Workshop); Technical & Regulatory Documentation Analysis Workshop
94,Research Scientist,MEDIUM,Reading Comprehension; Amazon DynamoDB; Amazon Web Services AWS CloudFormation,Technical & Regulatory Documentation Analysis Workshop; NoSQL Database Architecture with AWS DynamoDB: Modeling & Scalability; AWS Infrastructure as Code: CloudFormation & CDK Automated Deployments
95,Research Scientist,MEDIUM,Critical Thinking; Speaking; Active Learning,Strategic Problem Solving & Root Cause Decision Analysis Seminar; Executive Presentation & Public Speaking Masterclass (Toastmasters / Internal Workshop); Continuous Professional Learning & Rapid Skill Acquisition Frameworks
96,Research Scientist,LOW,None,None - No skill gaps identified
97,Laboratory Technician,MEDIUM,Reading Comprehension; Google Docs; Microsoft Excel,"Technical & Regulatory Documentation Analysis Workshop; Google Workspace Collaboration: Document Co-Authoring & Cloud Governance; Advanced Excel: Dynamic Arrays, Power Query & Business Financial Modeling"
98,Manufacturing Director,LOW,Adobe InDesign,"Corporate Layout Design, Multi-Page Publishing & Pitch Decks with InDesign"
100,Sales Executive,LOW,None,None - No skill gaps identified
101,Research Director,MEDIUM,Reading Comprehension; Active Listening; Critical Thinking,Technical & Regulatory Documentation Analysis Workshop; Empathetic Leadership & Active Listening for Cross-Functional Collaboration; Strategic Problem Solving & Root Cause Decision Analysis Seminar
102,Research Director,LOW,Active Listening; Adobe Acrobat; IBM SPSS Statistics,"Empathetic Leadership & Active Listening for Cross-Functional Collaboration; Adobe Acrobat Pro: Digital Signatures, Forms & Secure Document Workflows; Advanced Statistical Inference & Predictive Modeling using IBM SPSS"
103,Human Resources,MEDIUM,Reading Comprehension; Active Listening; Adobe Acrobat,"Technical & Regulatory Documentation Analysis Workshop; Empathetic Leadership & Active Listening for Cross-Functional Collaboration; Adobe Acrobat Pro: Digital Signatures, Forms & Secure Document Workflows"
104,Laboratory Technician,LOW,Microsoft Excel,"Advanced Excel: Dynamic Arrays, Power Query & Business Financial Modeling"
105,Research Scientist,LOW,Reading Comprehension; Active Learning,Technical & Regulatory Documentation Analysis Workshop; Continuous Professional Learning & Rapid Skill Acquisition Frameworks
106,Sales Executive,MEDIUM,Active Listening; Adobe Acrobat; Adobe Creative Cloud software,"Empathetic Leadership & Active Listening for Cross-Functional Collaboration; Adobe Acrobat Pro: Digital Signatures, Forms & Secure Document Workflows; Adobe Creative Cloud Bootcamp: Multi-App Visual Design & Asset Management"
107,Research Scientist,LOW,None,None - No skill gaps identified
110,Manufacturing Director,MEDIUM,Critical Thinking; Adobe Acrobat; Adobe After Effects,"Strategic Problem Solving & Root Cause Decision Analysis Seminar; Adobe Acrobat Pro: Digital Signatures, Forms & Secure Document Workflows; Motion Graphics, Video Storytelling & Product Animation with After Effects"
112,Manufacturing Director,MEDIUM,Critical Thinking; Speaking; Reading Comprehension,Strategic Problem Solving & Root Cause Decision Analysis Seminar; Executive Presentation & Public Speaking Masterclass (Toastmasters / Internal Workshop); Technical & Regulatory Documentation Analysis Workshop
113,Sales Representative,MEDIUM,Active Listening; Active Learning; Apple macOS,"Empathetic Leadership & Active Listening for Cross-Functional Collaboration; Continuous Professional Learning & Rapid Skill Acquisition Frameworks; macOS for Enterprise: Advanced Terminal, Security & Productivity Tooling"
116,Laboratory Technician,LOW,MEDITECH software,MEDITECH EHR Clinical Data Management & Laboratory Information Systems Track
117,Healthcare Representative,LOW,Writing; IBM SPSS Statistics,Business & Technical Writing: Structuring Executive Summaries & Proposals; Advanced Statistical Inference & Predictive Modeling using IBM SPSS
118,Sales Executive,LOW,None,None - No skill gaps identified
119,Healthcare Representative,LOW,None,None - No skill gaps identified
120,Sales Executive,LOW,None,None - No skill gaps identified
121,Sales Executive,LOW,None,None - No skill gaps identified
124,Healthcare Representative,LOW,None,None - No skill gaps identified
125,Sales Executive,LOW,Adobe Acrobat,"Adobe Acrobat Pro: Digital Signatures, Forms & Secure Document Workflows"
126,Research Director,LOW,ESRI ArcGIS software; IBM SPSS Statistics,Spatial Data Analytics & Geospatial Mapping with ESRI ArcGIS Pro; Advanced Statistical Inference & Predictive Modeling using IBM SPSS
128,Sales Executive,MEDIUM,Active Listening; Reading Comprehension; Critical Thinking,Empathetic Leadership & Active Listening for Cross-Functional Collaboration; Technical & Regulatory Documentation Analysis Workshop; Strategic Problem Solving & Root Cause Decision Analysis Seminar
129,Sales Executive,LOW,Speaking; Reading Comprehension; Bentley MicroStation,Executive Presentation & Public Speaking Masterclass (Toastmasters / Internal Workshop); Technical & Regulatory Documentation Analysis Workshop; Bentley MicroStation CAD: 2D/3D Infrastructure Drafting & Asset Modeling
131,Sales Executive,LOW,None,None - No skill gaps identified
132,Laboratory Technician,MEDIUM,Reading Comprehension; Active Listening; Speaking,Technical & Regulatory Documentation Analysis Workshop; Empathetic Leadership & Active Listening for Cross-Functional Collaboration; Executive Presentation & Public Speaking Masterclass (Toastmasters / Internal Workshop)
133,Human Resources,LOW,Reading Comprehension; Adobe Creative Cloud software,Technical & Regulatory Documentation Analysis Workshop; Adobe Creative Cloud Bootcamp: Multi-App Visual Design & Asset Management
134,Research Scientist,MEDIUM,Critical Thinking; Reading Comprehension; Active Listening,Strategic Problem Solving & Root Cause Decision Analysis Seminar; Technical & Regulatory Documentation Analysis Workshop; Empathetic Leadership & Active Listening for Cross-Functional Collaboration
137,Laboratory Technician,MEDIUM,Active Listening; Science; MEDITECH software,"Empathetic Leadership & Active Listening for Cross-Functional Collaboration; Scientific Methodology, Evidence-Based Rigor & Laboratory Standards Training; MEDITECH EHR Clinical Data Management & Laboratory Information Systems Track"
138,Research Scientist,LOW,Amazon Web Services AWS CloudFormation,AWS Infrastructure as Code: CloudFormation & CDK Automated Deployments
139,Healthcare Representative,HIGH,Speaking; Reading Comprehension; Writing,Executive Presentation & Public Speaking Masterclass (Toastmasters / Internal Workshop); Technical & Regulatory Documentation Analysis Workshop; Business & Technical Writing: Structuring Executive Summaries & Proposals
141,Research Director,MEDIUM,Reading Comprehension; Active Listening; Adobe Acrobat,"Technical & Regulatory Documentation Analysis Workshop; Empathetic Leadership & Active Listening for Cross-Functional Collaboration; Adobe Acrobat Pro: Digital Signatures, Forms & Secure Document Workflows"
142,Sales Executive,HIGH,Active Listening; Reading Comprehension; Critical Thinking,Empathetic Leadership & Active Listening for Cross-Functional Collaboration; Technical & Regulatory Documentation Analysis Workshop; Strategic Problem Solving & Root Cause Decision Analysis Seminar
143,Research Scientist,LOW,Reading Comprehension; Amazon DynamoDB; Amazon Redshift,Technical & Regulatory Documentation Analysis Workshop; NoSQL Database Architecture with AWS DynamoDB: Modeling & Scalability; Cloud Data Warehousing & High-Performance SQL Analytics with Amazon Redshift
144,Laboratory Technician,MEDIUM,Active Listening; Speaking; Science,"Empathetic Leadership & Active Listening for Cross-Functional Collaboration; Executive Presentation & Public Speaking Masterclass (Toastmasters / Internal Workshop); Scientific Methodology, Evidence-Based Rigor & Laboratory Standards Training"
145,Healthcare Representative,LOW,Active Learning,Continuous Professional Learning & Rapid Skill Acquisition Frameworks
147,Laboratory Technician,LOW,Active Listening,Empathetic Leadership & Active Listening for Cross-Functional Collaboration
150,Laboratory Technician,LOW,Science; Microsoft Excel; Microsoft Outlook,"Scientific Methodology, Evidence-Based Rigor & Laboratory Standards Training; Advanced Excel: Dynamic Arrays, Power Query & Business Financial Modeling; Time Management, Calendar Optimization & Executive Email Triage in Outlook"
151,Research Scientist,MEDIUM,Critical Thinking; Speaking; Active Learning,Strategic Problem Solving & Root Cause Decision Analysis Seminar; Executive Presentation & Public Speaking Masterclass (Toastmasters / Internal Workshop); Continuous Professional Learning & Rapid Skill Acquisition Frameworks
152,Sales Executive,LOW,Active Listening; Eclipse IDE,Empathetic Leadership & Active Listening for Cross-Functional Collaboration; Java & Multi-Language Software Development with Eclipse IDE & Git Plugins
154,Sales Executive,LOW,Speaking; Monitoring,Executive Presentation & Public Speaking Masterclass (Toastmasters / Internal Workshop); Operational Process Auditing & KPI Performance Monitoring Protocols
155,Laboratory Technician,MEDIUM,Reading Comprehension; Speaking; Science,"Technical & Regulatory Documentation Analysis Workshop; Executive Presentation & Public Speaking Masterclass (Toastmasters / Internal Workshop); Scientific Methodology, Evidence-Based Rigor & Laboratory Standards Training"
159,Research Scientist,LOW,Reading Comprehension,Technical & Regulatory Documentation Analysis Workshop
160,Sales Executive,LOW,Adobe Creative Cloud software,Adobe Creative Cloud Bootcamp: Multi-App Visual Design & Asset Management
161,Research Scientist,HIGH,Critical Thinking; Active Listening; Amazon DynamoDB,Strategic Problem Solving & Root Cause Decision Analysis Seminar; Empathetic Leadership & Active Listening for Cross-Functional Collaboration; NoSQL Database Architecture with AWS DynamoDB: Modeling & Scalability
162,Research Director,LOW,None,None - No skill gaps identified
163,Sales Executive,LOW,Active Listening; Adobe Acrobat; Adobe Creative Cloud software,"Empathetic Leadership & Active Listening for Cross-Functional Collaboration; Adobe Acrobat Pro: Digital Signatures, Forms & Secure Document Workflows; Adobe Creative Cloud Bootcamp: Multi-App Visual Design & Asset Management"
164,Research Scientist,LOW,Reading Comprehension; Amazon Elastic Compute Cloud EC2; Amazon Web Services AWS CloudFormation,Technical & Regulatory Documentation Analysis Workshop; AWS Compute Architecture: Scalable EC2 Fleet Management & Auto-Scaling; AWS Infrastructure as Code: CloudFormation & CDK Automated Deployments
165,Healthcare Representative,LOW,Active Listening,Empathetic Leadership & Active Listening for Cross-Functional Collaboration
167,Sales Representative,MEDIUM,Speaking; Writing; Apple macOS,"Executive Presentation & Public Speaking Masterclass (Toastmasters / Internal Workshop); Business & Technical Writing: Structuring Executive Summaries & Proposals; macOS for Enterprise: Advanced Terminal, Security & Productivity Tooling"
169,Laboratory Technician,MEDIUM,Reading Comprehension; Google Docs; MEDITECH software,Technical & Regulatory Documentation Analysis Workshop; Google Workspace Collaboration: Document Co-Authoring & Cloud Governance; MEDITECH EHR Clinical Data Management & Laboratory Information Systems Track
170,Manufacturing Director,LOW,None,None - No skill gaps identified
171,Research Scientist,MEDIUM,Critical Thinking; Speaking; Amazon DynamoDB,Strategic Problem Solving & Root Cause Decision Analysis Seminar; Executive Presentation & Public Speaking Masterclass (Toastmasters / Internal Workshop); NoSQL Database Architecture with AWS DynamoDB: Modeling & Scalability
174,Sales Executive,MEDIUM,Active Listening; Monitoring; Adobe Creative Cloud software,Empathetic Leadership & Active Listening for Cross-Functional Collaboration; Operational Process Auditing & KPI Performance Monitoring Protocols; Adobe Creative Cloud Bootcamp: Multi-App Visual Design & Asset Management
175,Sales Executive,HIGH,Active Listening; Speaking; Reading Comprehension,Empathetic Leadership & Active Listening for Cross-Functional Collaboration; Executive Presentation & Public Speaking Masterclass (Toastmasters / Internal Workshop); Technical & Regulatory Documentation Analysis Workshop
176,Sales Executive,LOW,None,None - No skill gaps identified
177,Human Resources,LOW,None,None - No skill gaps identified
178,Manufacturing Director,MEDIUM,Critical Thinking; Speaking; Monitoring,Strategic Problem Solving & Root Cause Decision Analysis Seminar; Executive Presentation & Public Speaking Masterclass (Toastmasters / Internal Workshop); Operational Process Auditing & KPI Performance Monitoring Protocols
179,Manufacturing Director,LOW,Critical Thinking; Speaking,Strategic Problem Solving & Root Cause Decision Analysis Seminar; Executive Presentation & Public Speaking Masterclass (Toastmasters / Internal Workshop)
182,Sales Executive,LOW,None,None - No skill gaps identified
183,Sales Executive,MEDIUM,Speaking; Monitoring; Adobe Acrobat,"Executive Presentation & Public Speaking Masterclass (Toastmasters / Internal Workshop); Operational Process Auditing & KPI Performance Monitoring Protocols; Adobe Acrobat Pro: Digital Signatures, Forms & Secure Document Workflows"
184,Human Resources,LOW,None,None - No skill gaps identified
190,Laboratory Technician,MEDIUM,Critical Thinking; Science; Microsoft Excel,"Strategic Problem Solving & Root Cause Decision Analysis Seminar; Scientific Methodology, Evidence-Based Rigor & Laboratory Standards Training; Advanced Excel: Dynamic Arrays, Power Query & Business Financial Modeling"
192,Research Scientist,LOW,Reading Comprehension; Speaking; Active Learning,Technical & Regulatory Documentation Analysis Workshop; Executive Presentation & Public Speaking Masterclass (Toastmasters / Internal Workshop); Continuous Professional Learning & Rapid Skill Acquisition Frameworks
193,Research Scientist,MEDIUM,Active Listening; Speaking; Active Learning,Empathetic Leadership & Active Listening for Cross-Functional Collaboration; Executive Presentation & Public Speaking Masterclass (Toastmasters / Internal Workshop); Continuous Professional Learning & Rapid Skill Acquisition Frameworks
194,Research Scientist,LOW,Critical Thinking; Amazon DynamoDB; Amazon Elastic Compute Cloud EC2,Strategic Problem Solving & Root Cause Decision Analysis Seminar; NoSQL Database Architecture with AWS DynamoDB: Modeling & Scalability; AWS Compute Architecture: Scalable EC2 Fleet Management & Auto-Scaling
195,Sales Executive,LOW,Active Listening; Bentley MicroStation,Empathetic Leadership & Active Listening for Cross-Functional Collaboration; Bentley MicroStation CAD: 2D/3D Infrastructure Drafting & Asset Modeling
197,Research Scientist,LOW,Critical Thinking; Active Listening; Amazon DynamoDB,Strategic Problem Solving & Root Cause Decision Analysis Seminar; Empathetic Leadership & Active Listening for Cross-Functional Collaboration; NoSQL Database Architecture with AWS DynamoDB: Modeling & Scalability
198,Laboratory Technician,LOW,Critical Thinking; MEDITECH software; Microsoft Office software,Strategic Problem Solving & Root Cause Decision Analysis Seminar; MEDITECH EHR Clinical Data Management & Laboratory Information Systems Track; Enterprise Microsoft 365 Productivity & Workflow Automation Bootcamp
200,Laboratory Technician,LOW,Google Docs; Microsoft Outlook,"Google Workspace Collaboration: Document Co-Authoring & Cloud Governance; Time Management, Calendar Optimization & Executive Email Triage in Outlook"
201,Laboratory Technician,MEDIUM,Speaking; Science; MEDITECH software,"Executive Presentation & Public Speaking Masterclass (Toastmasters / Internal Workshop); Scientific Methodology, Evidence-Based Rigor & Laboratory Standards Training; MEDITECH EHR Clinical Data Management & Laboratory Information Systems Track"
202,Research Scientist,LOW,None,None - No skill gaps identified
204,Sales Executive,LOW,Monitoring; Adobe Acrobat; Bentley MicroStation,"Operational Process Auditing & KPI Performance Monitoring Protocols; Adobe Acrobat Pro: Digital Signatures, Forms & Secure Document Workflows; Bentley MicroStation CAD: 2D/3D Infrastructure Drafting & Asset Modeling"
205,Sales Representative,LOW,None,None - No skill gaps identified
206,Laboratory Technician,LOW,Reading Comprehension,Technical & Regulatory Documentation Analysis Workshop
207,Sales Executive,LOW,Reading Comprehension; Adobe Acrobat,"Technical & Regulatory Documentation Analysis Workshop; Adobe Acrobat Pro: Digital Signatures, Forms & Secure Document Workflows"
208,Manufacturing Director,LOW,Active Listening; Adobe After Effects; Adobe Photoshop,"Empathetic Leadership & Active Listening for Cross-Functional Collaboration; Motion Graphics, Video Storytelling & Product Animation with After Effects; Commercial Image Retouching & Asset Production with Adobe Photoshop"
211,Manufacturing Director,HIGH,Critical Thinking; Speaking; Monitoring,Strategic Problem Solving & Root Cause Decision Analysis Seminar; Executive Presentation & Public Speaking Masterclass (Toastmasters / Internal Workshop); Operational Process Auditing & KPI Performance Monitoring Protocols
214,Research Scientist,LOW,Critical Thinking; Active Listening; Amazon Redshift,Strategic Problem Solving & Root Cause Decision Analysis Seminar; Empathetic Leadership & Active Listening for Cross-Functional Collaboration; Cloud Data Warehousing & High-Performance SQL Analytics with Amazon Redshift
215,Sales Executive,LOW,None,None - No skill gaps identified
216,Sales Representative,LOW,Microsoft Office software,Enterprise Microsoft 365 Productivity & Workflow Automation Bootcamp
217,Research Scientist,MEDIUM,Critical Thinking; Reading Comprehension; Active Listening,Strategic Problem Solving & Root Cause Decision Analysis Seminar; Technical & Regulatory Documentation Analysis Workshop; Empathetic Leadership & Active Listening for Cross-Functional Collaboration
218,Research Scientist,MEDIUM,Reading Comprehension; Active Learning; Amazon Web Services AWS CloudFormation,Technical & Regulatory Documentation Analysis Workshop; Continuous Professional Learning & Rapid Skill Acquisition Frameworks; AWS Infrastructure as Code: CloudFormation & CDK Automated Deployments
221,Research Scientist,LOW,Active Listening; Amazon Redshift,Empathetic Leadership & Active Listening for Cross-Functional Collaboration; Cloud Data Warehousing & High-Performance SQL Analytics with Amazon Redshift
223,Healthcare Representative,LOW,Active Listening; Active Learning; HubSpot software,Empathetic Leadership & Active Listening for Cross-Functional Collaboration; Continuous Professional Learning & Rapid Skill Acquisition Frameworks; Inbound Sales & CRM Pipeline Optimization with HubSpot Sales Hub
224,Research Scientist,HIGH,Critical Thinking; Reading Comprehension; Active Listening,Strategic Problem Solving & Root Cause Decision Analysis Seminar; Technical & Regulatory Documentation Analysis Workshop; Empathetic Leadership & Active Listening for Cross-Functional Collaboration
227,Research Scientist,LOW,None,None - No skill gaps identified
228,Sales Executive,LOW,None,None - No skill gaps identified
230,Sales Executive,LOW,Monitoring,Operational Process Auditing & KPI Performance Monitoring Protocols
231,Research Scientist,MEDIUM,Critical Thinking; Reading Comprehension; Active Learning,Strategic Problem Solving & Root Cause Decision Analysis Seminar; Technical & Regulatory Documentation Analysis Workshop; Continuous Professional Learning & Rapid Skill Acquisition Frameworks
233,Research Scientist,LOW,Amazon Redshift,Cloud Data Warehousing & High-Performance SQL Analytics with Amazon Redshift
235,Sales Representative,HIGH,Active Listening; Speaking; Apple macOS,"Empathetic Leadership & Active Listening for Cross-Functional Collaboration; Executive Presentation & Public Speaking Masterclass (Toastmasters / Internal Workshop); macOS for Enterprise: Advanced Terminal, Security & Productivity Tooling"
238,Laboratory Technician,LOW,Speaking,Executive Presentation & Public Speaking Masterclass (Toastmasters / Internal Workshop)
239,Laboratory Technician,LOW,Microsoft Office software,Enterprise Microsoft 365 Productivity & Workflow Automation Bootcamp
240,Sales Executive,MEDIUM,Speaking; Adobe Acrobat; Bentley MicroStation,"Executive Presentation & Public Speaking Masterclass (Toastmasters / Internal Workshop); Adobe Acrobat Pro: Digital Signatures, Forms & Secure Document Workflows; Bentley MicroStation CAD: 2D/3D Infrastructure Drafting & Asset Modeling"
241,Research Scientist,LOW,Amazon DynamoDB; Amazon Elastic Compute Cloud EC2,NoSQL Database Architecture with AWS DynamoDB: Modeling & Scalability; AWS Compute Architecture: Scalable EC2 Fleet Management & Auto-Scaling
242,Research Scientist,MEDIUM,Critical Thinking; Active Listening; Active Learning,Strategic Problem Solving & Root Cause Decision Analysis Seminar; Empathetic Leadership & Active Listening for Cross-Functional Collaboration; Continuous Professional Learning & Rapid Skill Acquisition Frameworks
243,Laboratory Technician,MEDIUM,Active Listening; Critical Thinking; Speaking,Empathetic Leadership & Active Listening for Cross-Functional Collaboration; Strategic Problem Solving & Root Cause Decision Analysis Seminar; Executive Presentation & Public Speaking Masterclass (Toastmasters / Internal Workshop)
244,Sales Executive,LOW,Speaking,Executive Presentation & Public Speaking Masterclass (Toastmasters / Internal Workshop)
245,Laboratory Technician,LOW,Microsoft Office software,Enterprise Microsoft 365 Productivity & Workflow Automation Bootcamp
246,Research Scientist,MEDIUM,Critical Thinking; Speaking; Amazon Elastic Compute Cloud EC2,Strategic Problem Solving & Root Cause Decision Analysis Seminar; Executive Presentation & Public Speaking Masterclass (Toastmasters / Internal Workshop); AWS Compute Architecture: Scalable EC2 Fleet Management & Auto-Scaling
247,Research Scientist,MEDIUM,Active Listening; Amazon DynamoDB; Amazon Redshift,Empathetic Leadership & Active Listening for Cross-Functional Collaboration; NoSQL Database Architecture with AWS DynamoDB: Modeling & Scalability; Cloud Data Warehousing & High-Performance SQL Analytics with Amazon Redshift
248,Sales Representative,LOW,IBM SPSS Statistics; Microsoft Excel,"Advanced Statistical Inference & Predictive Modeling using IBM SPSS; Advanced Excel: Dynamic Arrays, Power Query & Business Financial Modeling"
249,Laboratory Technician,LOW,Active Listening; Google Docs,Empathetic Leadership & Active Listening for Cross-Functional Collaboration; Google Workspace Collaboration: Document Co-Authoring & Cloud Governance
250,Manufacturing Director,MEDIUM,Critical Thinking; Speaking; Monitoring,Strategic Problem Solving & Root Cause Decision Analysis Seminar; Executive Presentation & Public Speaking Masterclass (Toastmasters / Internal Workshop); Operational Process Auditing & KPI Performance Monitoring Protocols
252,Research Scientist,LOW,Active Learning; Amazon Elastic Compute Cloud EC2,Continuous Professional Learning & Rapid Skill Acquisition Frameworks; AWS Compute Architecture: Scalable EC2 Fleet Management & Auto-Scaling
254,Research Director,LOW,None,None - No skill gaps identified
256,Manufacturing Director,LOW,Reading Comprehension,Technical & Regulatory Documentation Analysis Workshop
258,Healthcare Representative,LOW,None,None - No skill gaps identified
260,Research Scientist,LOW,None,None - No skill gaps identified
261,Manufacturing Director,MEDIUM,Critical Thinking; Speaking; Adobe Acrobat,"Strategic Problem Solving & Root Cause Decision Analysis Seminar; Executive Presentation & Public Speaking Masterclass (Toastmasters / Internal Workshop); Adobe Acrobat Pro: Digital Signatures, Forms & Secure Document Workflows"
262,Research Scientist,LOW,Reading Comprehension; Amazon DynamoDB; Amazon Redshift,Technical & Regulatory Documentation Analysis Workshop; NoSQL Database Architecture with AWS DynamoDB: Modeling & Scalability; Cloud Data Warehousing & High-Performance SQL Analytics with Amazon Redshift
267,Research Scientist,LOW,Amazon Redshift,Cloud Data Warehousing & High-Performance SQL Analytics with Amazon Redshift
269,Laboratory Technician,LOW,Reading Comprehension; Microsoft Office software,Technical & Regulatory Documentation Analysis Workshop; Enterprise Microsoft 365 Productivity & Workflow Automation Bootcamp
270,Manufacturing Director,LOW,Active Listening; Adobe Photoshop,Empathetic Leadership & Active Listening for Cross-Functional Collaboration; Commercial Image Retouching & Asset Production with Adobe Photoshop
271,Manufacturing Director,HIGH,Speaking; Monitoring; Reading Comprehension,Executive Presentation & Public Speaking Masterclass (Toastmasters / Internal Workshop); Operational Process Auditing & KPI Performance Monitoring Protocols; Technical & Regulatory Documentation Analysis Workshop
273,Manufacturing Director,LOW,Active Listening; Adobe Acrobat,"Empathetic Leadership & Active Listening for Cross-Functional Collaboration; Adobe Acrobat Pro: Digital Signatures, Forms & Secure Document Workflows"
274,Manufacturing Director,HIGH,Critical Thinking; Monitoring; Reading Comprehension,Strategic Problem Solving & Root Cause Decision Analysis Seminar; Operational Process Auditing & KPI Performance Monitoring Protocols; Technical & Regulatory Documentation Analysis Workshop
275,Manufacturing Director,MEDIUM,Critical Thinking; Speaking; Reading Comprehension,Strategic Problem Solving & Root Cause Decision Analysis Seminar; Executive Presentation & Public Speaking Masterclass (Toastmasters / Internal Workshop); Technical & Regulatory Documentation Analysis Workshop
277,Research Scientist,LOW,Active Listening; Amazon Web Services AWS software,"Empathetic Leadership & Active Listening for Cross-Functional Collaboration; AWS Solutions Architect: Core Cloud Services, IAM & Architecture Design"
281,Laboratory Technician,LOW,Critical Thinking; MEDITECH software,Strategic Problem Solving & Root Cause Decision Analysis Seminar; MEDITECH EHR Clinical Data Management & Laboratory Information Systems Track
282,Healthcare Representative,MEDIUM,Speaking; Reading Comprehension; Apple macOS,"Executive Presentation & Public Speaking Masterclass (Toastmasters / Internal Workshop); Technical & Regulatory Documentation Analysis Workshop; macOS for Enterprise: Advanced Terminal, Security & Productivity Tooling"
283,Sales Executive,LOW,None,None - No skill gaps identified
284,Research Scientist,MEDIUM,Speaking; Active Learning; Amazon DynamoDB,Executive Presentation & Public Speaking Masterclass (Toastmasters / Internal Workshop); Continuous Professional Learning & Rapid Skill Acquisition Frameworks; NoSQL Database Architecture with AWS DynamoDB: Modeling & Scalability
286,Laboratory Technician,LOW,None,None - No skill gaps identified
287,Healthcare Representative,MEDIUM,Writing; Active Learning; Apple macOS,"Business & Technical Writing: Structuring Executive Summaries & Proposals; Continuous Professional Learning & Rapid Skill Acquisition Frameworks; macOS for Enterprise: Advanced Terminal, Security & Productivity Tooling"
288,Healthcare Representative,LOW,Reading Comprehension,Technical & Regulatory Documentation Analysis Workshop
291,Sales Executive,LOW,None,None - No skill gaps identified
292,Manufacturing Director,LOW,None,None - No skill gaps identified
293,Sales Executive,LOW,Active Listening; Monitoring; Adobe Creative Cloud software,Empathetic Leadership & Active Listening for Cross-Functional Collaboration; Operational Process Auditing & KPI Performance Monitoring Protocols; Adobe Creative Cloud Bootcamp: Multi-App Visual Design & Asset Management
296,Research Director,LOW,None,None - No skill gaps identified
297,Research Scientist,LOW,Active Listening; Amazon Redshift,Empathetic Leadership & Active Listening for Cross-Functional Collaboration; Cloud Data Warehousing & High-Performance SQL Analytics with Amazon Redshift
299,Sales Executive,LOW,Active Listening; Reading Comprehension; Bentley MicroStation,Empathetic Leadership & Active Listening for Cross-Functional Collaboration; Technical & Regulatory Documentation Analysis Workshop; Bentley MicroStation CAD: 2D/3D Infrastructure Drafting & Asset Modeling
300,Research Scientist,LOW,Speaking,Executive Presentation & Public Speaking Masterclass (Toastmasters / Internal Workshop)
302,Sales Executive,LOW,None,None - No skill gaps identified
303,Sales Executive,LOW,Critical Thinking; Monitoring,Strategic Problem Solving & Root Cause Decision Analysis Seminar; Operational Process Auditing & KPI Performance Monitoring Protocols
304,Laboratory Technician,LOW,None,None - No skill gaps identified
305,Research Scientist,MEDIUM,Critical Thinking; Speaking; Active Learning,Strategic Problem Solving & Root Cause Decision Analysis Seminar; Executive Presentation & Public Speaking Masterclass (Toastmasters / Internal Workshop); Continuous Professional Learning & Rapid Skill Acquisition Frameworks
306,Research Director,LOW,Critical Thinking,Strategic Problem Solving & Root Cause Decision Analysis Seminar
307,Sales Executive,LOW,Speaking,Executive Presentation & Public Speaking Masterclass (Toastmasters / Internal Workshop)
308,Manufacturing Director,MEDIUM,Critical Thinking; Reading Comprehension; Active Listening,Strategic Problem Solving & Root Cause Decision Analysis Seminar; Technical & Regulatory Documentation Analysis Workshop; Empathetic Leadership & Active Listening for Cross-Functional Collaboration
309,Research Scientist,LOW,Speaking; Active Learning; Amazon Web Services AWS software,"Executive Presentation & Public Speaking Masterclass (Toastmasters / Internal Workshop); Continuous Professional Learning & Rapid Skill Acquisition Frameworks; AWS Solutions Architect: Core Cloud Services, IAM & Architecture Design"
311,Sales Representative,LOW,Reading Comprehension; Active Learning; Microsoft Excel,"Technical & Regulatory Documentation Analysis Workshop; Continuous Professional Learning & Rapid Skill Acquisition Frameworks; Advanced Excel: Dynamic Arrays, Power Query & Business Financial Modeling"
312,Sales Executive,LOW,None,None - No skill gaps identified
314,Sales Executive,LOW,None,None - No skill gaps identified
315,Research Scientist,LOW,Active Listening; Speaking; Amazon Web Services AWS software,"Empathetic Leadership & Active Listening for Cross-Functional Collaboration; Executive Presentation & Public Speaking Masterclass (Toastmasters / Internal Workshop); AWS Solutions Architect: Core Cloud Services, IAM & Architecture Design"
316,Laboratory Technician,MEDIUM,Reading Comprehension; Active Listening; Speaking,Technical & Regulatory Documentation Analysis Workshop; Empathetic Leadership & Active Listening for Cross-Functional Collaboration; Executive Presentation & Public Speaking Masterclass (Toastmasters / Internal Workshop)
321,Human Resources,MEDIUM,Speaking; Writing; Adobe Acrobat,"Executive Presentation & Public Speaking Masterclass (Toastmasters / Internal Workshop); Business & Technical Writing: Structuring Executive Summaries & Proposals; Adobe Acrobat Pro: Digital Signatures, Forms & Secure Document Workflows"
325,Laboratory Technician,MEDIUM,Science; Google Docs; MEDITECH software,"Scientific Methodology, Evidence-Based Rigor & Laboratory Standards Training; Google Workspace Collaboration: Document Co-Authoring & Cloud Governance; MEDITECH EHR Clinical Data Management & Laboratory Information Systems Track"
328,Laboratory Technician,LOW,Active Listening,Empathetic Leadership & Active Listening for Cross-Functional Collaboration
330,Sales Representative,MEDIUM,Active Listening; Apple macOS; IBM SPSS Statistics,"Empathetic Leadership & Active Listening for Cross-Functional Collaboration; macOS for Enterprise: Advanced Terminal, Security & Productivity Tooling; Advanced Statistical Inference & Predictive Modeling using IBM SPSS"
331,Laboratory Technician,MEDIUM,Reading Comprehension; Active Listening; Speaking,Technical & Regulatory Documentation Analysis Workshop; Empathetic Leadership & Active Listening for Cross-Functional Collaboration; Executive Presentation & Public Speaking Masterclass (Toastmasters / Internal Workshop)
332,Laboratory Technician,LOW,Reading Comprehension; Active Listening; Microsoft Excel,"Technical & Regulatory Documentation Analysis Workshop; Empathetic Leadership & Active Listening for Cross-Functional Collaboration; Advanced Excel: Dynamic Arrays, Power Query & Business Financial Modeling"
333,Sales Executive,MEDIUM,Active Listening; Reading Comprehension; Critical Thinking,Empathetic Leadership & Active Listening for Cross-Functional Collaboration; Technical & Regulatory Documentation Analysis Workshop; Strategic Problem Solving & Root Cause Decision Analysis Seminar
334,Research Scientist,HIGH,Critical Thinking; Active Listening; Speaking,Strategic Problem Solving & Root Cause Decision Analysis Seminar; Empathetic Leadership & Active Listening for Cross-Functional Collaboration; Executive Presentation & Public Speaking Masterclass (Toastmasters / Internal Workshop)
335,Research Scientist,LOW,Reading Comprehension,Technical & Regulatory Documentation Analysis Workshop
337,Research Director,HIGH,Science; Reading Comprehension; Active Listening,"Scientific Methodology, Evidence-Based Rigor & Laboratory Standards Training; Technical & Regulatory Documentation Analysis Workshop; Empathetic Leadership & Active Listening for Cross-Functional Collaboration"
338,Research Scientist,MEDIUM,Speaking; Active Learning; Amazon DynamoDB,Executive Presentation & Public Speaking Masterclass (Toastmasters / Internal Workshop); Continuous Professional Learning & Rapid Skill Acquisition Frameworks; NoSQL Database Architecture with AWS DynamoDB: Modeling & Scalability
339,Manufacturing Director,LOW,Adobe After Effects,"Motion Graphics, Video Storytelling & Product Animation with After Effects"
340,Research Scientist,LOW,Critical Thinking,Strategic Problem Solving & Root Cause Decision Analysis Seminar
341,Manufacturing Director,MEDIUM,Critical Thinking; Speaking; Monitoring,Strategic Problem Solving & Root Cause Decision Analysis Seminar; Executive Presentation & Public Speaking Masterclass (Toastmasters / Internal Workshop); Operational Process Auditing & KPI Performance Monitoring Protocols
342,Manufacturing Director,LOW,Speaking; Reading Comprehension; Active Listening,Executive Presentation & Public Speaking Masterclass (Toastmasters / Internal Workshop); Technical & Regulatory Documentation Analysis Workshop; Empathetic Leadership & Active Listening for Cross-Functional Collaboration
343,Healthcare Representative,LOW,Apple macOS,"macOS for Enterprise: Advanced Terminal, Security & Productivity Tooling"
346,Research Scientist,LOW,Speaking,Executive Presentation & Public Speaking Masterclass (Toastmasters / Internal Workshop)
347,Research Scientist,MEDIUM,Critical Thinking; Active Learning; Amazon DynamoDB,Strategic Problem Solving & Root Cause Decision Analysis Seminar; Continuous Professional Learning & Rapid Skill Acquisition Frameworks; NoSQL Database Architecture with AWS DynamoDB: Modeling & Scalability
349,Sales Executive,MEDIUM,Active Listening; Speaking; Reading Comprehension,Empathetic Leadership & Active Listening for Cross-Functional Collaboration; Executive Presentation & Public Speaking Masterclass (Toastmasters / Internal Workshop); Technical & Regulatory Documentation Analysis Workshop
350,Manufacturing Director,LOW,Autodesk AutoCAD,AutoCAD Essentials: Mechanical/Architectural Drafting & Dimensioning Standards
351,Laboratory Technician,LOW,None,None - No skill gaps identified
352,Research Director,LOW,None,None - No skill gaps identified
353,Research Scientist,MEDIUM,Critical Thinking; Active Listening; Active Learning,Strategic Problem Solving & Root Cause Decision Analysis Seminar; Empathetic Leadership & Active Listening for Cross-Functional Collaboration; Continuous Professional Learning & Rapid Skill Acquisition Frameworks
355,Laboratory Technician,LOW,Science; Microsoft Office software,"Scientific Methodology, Evidence-Based Rigor & Laboratory Standards Training; Enterprise Microsoft 365 Productivity & Workflow Automation Bootcamp"
359,Laboratory Technician,LOW,Google Docs,Google Workspace Collaboration: Document Co-Authoring & Cloud Governance
361,Sales Executive,MEDIUM,Reading Comprehension; Adobe Acrobat; Bentley MicroStation,"Technical & Regulatory Documentation Analysis Workshop; Adobe Acrobat Pro: Digital Signatures, Forms & Secure Document Workflows; Bentley MicroStation CAD: 2D/3D Infrastructure Drafting & Asset Modeling"
362,Laboratory Technician,LOW,Critical Thinking; Science,"Strategic Problem Solving & Root Cause Decision Analysis Seminar; Scientific Methodology, Evidence-Based Rigor & Laboratory Standards Training"
364,Laboratory Technician,LOW,Reading Comprehension; Critical Thinking; Speaking,Technical & Regulatory Documentation Analysis Workshop; Strategic Problem Solving & Root Cause Decision Analysis Seminar; Executive Presentation & Public Speaking Masterclass (Toastmasters / Internal Workshop)
366,Sales Executive,HIGH,Speaking; Reading Comprehension; Monitoring,Executive Presentation & Public Speaking Masterclass (Toastmasters / Internal Workshop); Technical & Regulatory Documentation Analysis Workshop; Operational Process Auditing & KPI Performance Monitoring Protocols
367,Healthcare Representative,LOW,Active Listening; Speaking,Empathetic Leadership & Active Listening for Cross-Functional Collaboration; Executive Presentation & Public Speaking Masterclass (Toastmasters / Internal Workshop)
369,Healthcare Representative,MEDIUM,Speaking; Reading Comprehension; Writing,Executive Presentation & Public Speaking Masterclass (Toastmasters / Internal Workshop); Technical & Regulatory Documentation Analysis Workshop; Business & Technical Writing: Structuring Executive Summaries & Proposals
372,Healthcare Representative,LOW,Apple macOS,"macOS for Enterprise: Advanced Terminal, Security & Productivity Tooling"
373,Laboratory Technician,LOW,Microsoft Office software,Enterprise Microsoft 365 Productivity & Workflow Automation Bootcamp
377,Research Scientist,MEDIUM,Critical Thinking; Reading Comprehension; Speaking,Strategic Problem Solving & Root Cause Decision Analysis Seminar; Technical & Regulatory Documentation Analysis Workshop; Executive Presentation & Public Speaking Masterclass (Toastmasters / Internal Workshop)
378,Sales Executive,LOW,Speaking; Adobe Acrobat,"Executive Presentation & Public Speaking Masterclass (Toastmasters / Internal Workshop); Adobe Acrobat Pro: Digital Signatures, Forms & Secure Document Workflows"
379,Research Scientist,MEDIUM,Critical Thinking; Active Learning; Amazon Redshift,Strategic Problem Solving & Root Cause Decision Analysis Seminar; Continuous Professional Learning & Rapid Skill Acquisition Frameworks; Cloud Data Warehousing & High-Performance SQL Analytics with Amazon Redshift
380,Research Director,HIGH,Science; Reading Comprehension; Monitoring,"Scientific Methodology, Evidence-Based Rigor & Laboratory Standards Training; Technical & Regulatory Documentation Analysis Workshop; Operational Process Auditing & KPI Performance Monitoring Protocols"
382,Sales Executive,LOW,None,None - No skill gaps identified
384,Manufacturing Director,LOW,Reading Comprehension; Adobe Acrobat,"Technical & Regulatory Documentation Analysis Workshop; Adobe Acrobat Pro: Digital Signatures, Forms & Secure Document Workflows"
385,Research Director,LOW,None,None - No skill gaps identified
386,Research Director,LOW,Reading Comprehension; Adobe Photoshop,Technical & Regulatory Documentation Analysis Workshop; Commercial Image Retouching & Asset Production with Adobe Photoshop
387,Sales Executive,LOW,None,None - No skill gaps identified
388,Sales Executive,LOW,None,None - No skill gaps identified
389,Laboratory Technician,LOW,None,None - No skill gaps identified
390,Healthcare Representative,LOW,Active Listening; Writing; Microsoft Excel,"Empathetic Leadership & Active Listening for Cross-Functional Collaboration; Business & Technical Writing: Structuring Executive Summaries & Proposals; Advanced Excel: Dynamic Arrays, Power Query & Business Financial Modeling"
391,Research Scientist,LOW,Amazon DynamoDB,NoSQL Database Architecture with AWS DynamoDB: Modeling & Scalability
392,Laboratory Technician,HIGH,Reading Comprehension; Active Listening; Science,"Technical & Regulatory Documentation Analysis Workshop; Empathetic Leadership & Active Listening for Cross-Functional Collaboration; Scientific Methodology, Evidence-Based Rigor & Laboratory Standards Training"
393,Healthcare Representative,MEDIUM,Reading Comprehension; Writing; HubSpot software,Technical & Regulatory Documentation Analysis Workshop; Business & Technical Writing: Structuring Executive Summaries & Proposals; Inbound Sales & CRM Pipeline Optimization with HubSpot Sales Hub
394,Laboratory Technician,MEDIUM,Science; MEDITECH software; Microsoft Excel,"Scientific Methodology, Evidence-Based Rigor & Laboratory Standards Training; MEDITECH EHR Clinical Data Management & Laboratory Information Systems Track; Advanced Excel: Dynamic Arrays, Power Query & Business Financial Modeling"
395,Research Scientist,LOW,Reading Comprehension; Amazon Web Services AWS CloudFormation,Technical & Regulatory Documentation Analysis Workshop; AWS Infrastructure as Code: CloudFormation & CDK Automated Deployments
396,Research Director,LOW,Active Listening; Monitoring,Empathetic Leadership & Active Listening for Cross-Functional Collaboration; Operational Process Auditing & KPI Performance Monitoring Protocols
397,Research Scientist,LOW,Reading Comprehension,Technical & Regulatory Documentation Analysis Workshop
399,Sales Representative,MEDIUM,Active Learning; HubSpot software; Microsoft Excel,"Continuous Professional Learning & Rapid Skill Acquisition Frameworks; Inbound Sales & CRM Pipeline Optimization with HubSpot Sales Hub; Advanced Excel: Dynamic Arrays, Power Query & Business Financial Modeling"
401,Sales Executive,LOW,Speaking; Monitoring; Adobe Acrobat,"Executive Presentation & Public Speaking Masterclass (Toastmasters / Internal Workshop); Operational Process Auditing & KPI Performance Monitoring Protocols; Adobe Acrobat Pro: Digital Signatures, Forms & Secure Document Workflows"
403,Research Scientist,LOW,Critical Thinking; Amazon Redshift; Amazon Web Services AWS CloudFormation,Strategic Problem Solving & Root Cause Decision Analysis Seminar; Cloud Data Warehousing & High-Performance SQL Analytics with Amazon Redshift; AWS Infrastructure as Code: CloudFormation & CDK Automated Deployments
404,Sales Executive,LOW,None,None - No skill gaps identified
405,Laboratory Technician,HIGH,Reading Comprehension; Active Listening; Speaking,Technical & Regulatory Documentation Analysis Workshop; Empathetic Leadership & Active Listening for Cross-Functional Collaboration; Executive Presentation & Public Speaking Masterclass (Toastmasters / Internal Workshop)
406,Sales Executive,LOW,None,None - No skill gaps identified
407,Laboratory Technician,MEDIUM,Active Listening; Science; MEDITECH software,"Empathetic Leadership & Active Listening for Cross-Functional Collaboration; Scientific Methodology, Evidence-Based Rigor & Laboratory Standards Training; MEDITECH EHR Clinical Data Management & Laboratory Information Systems Track"
408,Manufacturing Director,LOW,Adobe Acrobat; Autodesk AutoCAD,"Adobe Acrobat Pro: Digital Signatures, Forms & Secure Document Workflows; AutoCAD Essentials: Mechanical/Architectural Drafting & Dimensioning Standards"
411,Sales Representative,MEDIUM,Reading Comprehension; Writing; Active Learning,Technical & Regulatory Documentation Analysis Workshop; Business & Technical Writing: Structuring Executive Summaries & Proposals; Continuous Professional Learning & Rapid Skill Acquisition Frameworks
412,Healthcare Representative,MEDIUM,Speaking; Reading Comprehension; Active Learning,Executive Presentation & Public Speaking Masterclass (Toastmasters / Internal Workshop); Technical & Regulatory Documentation Analysis Workshop; Continuous Professional Learning & Rapid Skill Acquisition Frameworks
416,Sales Executive,LOW,Speaking; Eclipse IDE,Executive Presentation & Public Speaking Masterclass (Toastmasters / Internal Workshop); Java & Multi-Language Software Development with Eclipse IDE & Git Plugins
417,Healthcare Representative,LOW,Writing; Apple macOS,"Business & Technical Writing: Structuring Executive Summaries & Proposals; macOS for Enterprise: Advanced Terminal, Security & Productivity Tooling"
419,Laboratory Technician,LOW,None,None - No skill gaps identified
420,Sales Executive,LOW,None,None - No skill gaps identified
421,Research Director,LOW,Adobe Acrobat; Adobe Photoshop,"Adobe Acrobat Pro: Digital Signatures, Forms & Secure Document Workflows; Commercial Image Retouching & Asset Production with Adobe Photoshop"
422,Healthcare Representative,MEDIUM,Speaking; Reading Comprehension; Writing,Executive Presentation & Public Speaking Masterclass (Toastmasters / Internal Workshop); Technical & Regulatory Documentation Analysis Workshop; Business & Technical Writing: Structuring Executive Summaries & Proposals
423,Research Scientist,LOW,Speaking,Executive Presentation & Public Speaking Masterclass (Toastmasters / Internal Workshop)
424,Human Resources,MEDIUM,Speaking; Active Listening; Writing,Executive Presentation & Public Speaking Masterclass (Toastmasters / Internal Workshop); Empathetic Leadership & Active Listening for Cross-Functional Collaboration; Business & Technical Writing: Structuring Executive Summaries & Proposals
425,Laboratory Technician,LOW,None,None - No skill gaps identified
426,Research Scientist,MEDIUM,Reading Comprehension; Amazon DynamoDB; Amazon Elastic Compute Cloud EC2,Technical & Regulatory Documentation Analysis Workshop; NoSQL Database Architecture with AWS DynamoDB: Modeling & Scalability; AWS Compute Architecture: Scalable EC2 Fleet Management & Auto-Scaling
430,Laboratory Technician,LOW,None,None - No skill gaps identified
431,Healthcare Representative,LOW,Speaking; HubSpot software,Executive Presentation & Public Speaking Masterclass (Toastmasters / Internal Workshop); Inbound Sales & CRM Pipeline Optimization with HubSpot Sales Hub
433,Research Scientist,LOW,Speaking,Executive Presentation & Public Speaking Masterclass (Toastmasters / Internal Workshop)
434,Research Scientist,MEDIUM,Reading Comprehension; Active Listening; Amazon DynamoDB,Technical & Regulatory Documentation Analysis Workshop; Empathetic Leadership & Active Listening for Cross-Functional Collaboration; NoSQL Database Architecture with AWS DynamoDB: Modeling & Scalability
436,Sales Executive,LOW,Eclipse IDE,Java & Multi-Language Software Development with Eclipse IDE & Git Plugins
437,Sales Executive,LOW,Critical Thinking; Monitoring; Facebook,"Strategic Problem Solving & Root Cause Decision Analysis Seminar; Operational Process Auditing & KPI Performance Monitoring Protocols; B2B Social Media Marketing, Meta Business Suite & Targeted Outreach Campaigns"
438,Sales Executive,MEDIUM,Active Listening; Monitoring; Bentley MicroStation,Empathetic Leadership & Active Listening for Cross-Functional Collaboration; Operational Process Auditing & KPI Performance Monitoring Protocols; Bentley MicroStation CAD: 2D/3D Infrastructure Drafting & Asset Modeling
439,Research Scientist,MEDIUM,Speaking; Active Learning; Amazon DynamoDB,Executive Presentation & Public Speaking Masterclass (Toastmasters / Internal Workshop); Continuous Professional Learning & Rapid Skill Acquisition Frameworks; NoSQL Database Architecture with AWS DynamoDB: Modeling & Scalability
440,Research Scientist,MEDIUM,Active Listening; Speaking; Amazon Elastic Compute Cloud EC2,Empathetic Leadership & Active Listening for Cross-Functional Collaboration; Executive Presentation & Public Speaking Masterclass (Toastmasters / Internal Workshop); AWS Compute Architecture: Scalable EC2 Fleet Management & Auto-Scaling
441,Research Scientist,LOW,Amazon DynamoDB,NoSQL Database Architecture with AWS DynamoDB: Modeling & Scalability
442,Manufacturing Director,LOW,None,None - No skill gaps identified
445,Sales Executive,HIGH,Active Listening; Speaking; Critical Thinking,Empathetic Leadership & Active Listening for Cross-Functional Collaboration; Executive Presentation & Public Speaking Masterclass (Toastmasters / Internal Workshop); Strategic Problem Solving & Root Cause Decision Analysis Seminar
446,Sales Executive,LOW,None,None - No skill gaps identified
447,Research Director,MEDIUM,Active Listening; Adobe Photoshop; ESRI ArcGIS software,Empathetic Leadership & Active Listening for Cross-Functional Collaboration; Commercial Image Retouching & Asset Production with Adobe Photoshop; Spatial Data Analytics & Geospatial Mapping with ESRI ArcGIS Pro
448,Laboratory Technician,LOW,Microsoft Excel,"Advanced Excel: Dynamic Arrays, Power Query & Business Financial Modeling"
449,Sales Executive,LOW,Speaking; Monitoring; Adobe Acrobat,"Executive Presentation & Public Speaking Masterclass (Toastmasters / Internal Workshop); Operational Process Auditing & KPI Performance Monitoring Protocols; Adobe Acrobat Pro: Digital Signatures, Forms & Secure Document Workflows"
450,Research Scientist,LOW,Amazon DynamoDB; Amazon Web Services AWS software,"NoSQL Database Architecture with AWS DynamoDB: Modeling & Scalability; AWS Solutions Architect: Core Cloud Services, IAM & Architecture Design"
451,Healthcare Representative,MEDIUM,Reading Comprehension; Writing; Active Learning,Technical & Regulatory Documentation Analysis Workshop; Business & Technical Writing: Structuring Executive Summaries & Proposals; Continuous Professional Learning & Rapid Skill Acquisition Frameworks
452,Research Scientist,LOW,None,None - No skill gaps identified
453,Sales Executive,MEDIUM,Active Listening; Speaking; Monitoring,Empathetic Leadership & Active Listening for Cross-Functional Collaboration; Executive Presentation & Public Speaking Masterclass (Toastmasters / Internal Workshop); Operational Process Auditing & KPI Performance Monitoring Protocols
454,Laboratory Technician,LOW,Active Listening; MEDITECH software,Empathetic Leadership & Active Listening for Cross-Functional Collaboration; MEDITECH EHR Clinical Data Management & Laboratory Information Systems Track
455,Laboratory Technician,MEDIUM,Active Listening; Critical Thinking; MEDITECH software,Empathetic Leadership & Active Listening for Cross-Functional Collaboration; Strategic Problem Solving & Root Cause Decision Analysis Seminar; MEDITECH EHR Clinical Data Management & Laboratory Information Systems Track
456,Sales Executive,LOW,None,None - No skill gaps identified
458,Sales Executive,LOW,Eclipse IDE,Java & Multi-Language Software Development with Eclipse IDE & Git Plugins
460,Manufacturing Director,MEDIUM,Critical Thinking; Speaking; Monitoring,Strategic Problem Solving & Root Cause Decision Analysis Seminar; Executive Presentation & Public Speaking Masterclass (Toastmasters / Internal Workshop); Operational Process Auditing & KPI Performance Monitoring Protocols
461,Research Director,LOW,None,None - No skill gaps identified
462,Manufacturing Director,LOW,None,None - No skill gaps identified
463,Sales Executive,LOW,Adobe Creative Cloud software; Eclipse IDE,Adobe Creative Cloud Bootcamp: Multi-App Visual Design & Asset Management; Java & Multi-Language Software Development with Eclipse IDE & Git Plugins
464,Manufacturing Director,LOW,None,None - No skill gaps identified
465,Research Scientist,LOW,Amazon Web Services AWS CloudFormation; Amazon Web Services AWS software,"AWS Infrastructure as Code: CloudFormation & CDK Automated Deployments; AWS Solutions Architect: Core Cloud Services, IAM & Architecture Design"
466,Manufacturing Director,MEDIUM,Speaking; Monitoring; Adobe After Effects,"Executive Presentation & Public Speaking Masterclass (Toastmasters / Internal Workshop); Operational Process Auditing & KPI Performance Monitoring Protocols; Motion Graphics, Video Storytelling & Product Animation with After Effects"
467,Sales Representative,HIGH,Active Listening; Speaking; Writing,Empathetic Leadership & Active Listening for Cross-Functional Collaboration; Executive Presentation & Public Speaking Masterclass (Toastmasters / Internal Workshop); Business & Technical Writing: Structuring Executive Summaries & Proposals
468,Research Director,MEDIUM,Reading Comprehension; Critical Thinking; IBM SPSS Statistics,Technical & Regulatory Documentation Analysis Workshop; Strategic Problem Solving & Root Cause Decision Analysis Seminar; Advanced Statistical Inference & Predictive Modeling using IBM SPSS
469,Sales Executive,LOW,Adobe Acrobat,"Adobe Acrobat Pro: Digital Signatures, Forms & Secure Document Workflows"
470,Human Resources,LOW,Adobe Illustrator,"Vector Graphics, Infographics & Brand Asset Design in Adobe Illustrator"
471,Laboratory Technician,LOW,None,None - No skill gaps identified
474,Research Scientist,LOW,Amazon Web Services AWS software,"AWS Solutions Architect: Core Cloud Services, IAM & Architecture Design"
475,Sales Executive,MEDIUM,Speaking; Monitoring; Bentley MicroStation,Executive Presentation & Public Speaking Masterclass (Toastmasters / Internal Workshop); Operational Process Auditing & KPI Performance Monitoring Protocols; Bentley MicroStation CAD: 2D/3D Infrastructure Drafting & Asset Modeling
476,Sales Executive,LOW,None,None - No skill gaps identified
477,Healthcare Representative,MEDIUM,Reading Comprehension; Writing; IBM SPSS Statistics,Technical & Regulatory Documentation Analysis Workshop; Business & Technical Writing: Structuring Executive Summaries & Proposals; Advanced Statistical Inference & Predictive Modeling using IBM SPSS
478,Sales Representative,MEDIUM,Speaking; Active Learning; HubSpot software,Executive Presentation & Public Speaking Masterclass (Toastmasters / Internal Workshop); Continuous Professional Learning & Rapid Skill Acquisition Frameworks; Inbound Sales & CRM Pipeline Optimization with HubSpot Sales Hub
479,Sales Executive,LOW,Speaking,Executive Presentation & Public Speaking Masterclass (Toastmasters / Internal Workshop)
481,Sales Executive,LOW,None,None - No skill gaps identified
482,Healthcare Representative,MEDIUM,Reading Comprehension; Writing; Active Learning,Technical & Regulatory Documentation Analysis Workshop; Business & Technical Writing: Structuring Executive Summaries & Proposals; Continuous Professional Learning & Rapid Skill Acquisition Frameworks
483,Laboratory Technician,LOW,Science; MEDITECH software,"Scientific Methodology, Evidence-Based Rigor & Laboratory Standards Training; MEDITECH EHR Clinical Data Management & Laboratory Information Systems Track"
484,Sales Representative,LOW,Active Listening; Reading Comprehension; Apple macOS,"Empathetic Leadership & Active Listening for Cross-Functional Collaboration; Technical & Regulatory Documentation Analysis Workshop; macOS for Enterprise: Advanced Terminal, Security & Productivity Tooling"
485,Sales Representative,MEDIUM,Reading Comprehension; Writing; HubSpot software,Technical & Regulatory Documentation Analysis Workshop; Business & Technical Writing: Structuring Executive Summaries & Proposals; Inbound Sales & CRM Pipeline Optimization with HubSpot Sales Hub
486,Laboratory Technician,LOW,Reading Comprehension; Science,"Technical & Regulatory Documentation Analysis Workshop; Scientific Methodology, Evidence-Based Rigor & Laboratory Standards Training"
487,Manufacturing Director,MEDIUM,Speaking; Reading Comprehension; Active Listening,Executive Presentation & Public Speaking Masterclass (Toastmasters / Internal Workshop); Technical & Regulatory Documentation Analysis Workshop; Empathetic Leadership & Active Listening for Cross-Functional Collaboration
488,Sales Executive,LOW,None,None - No skill gaps identified
491,Healthcare Representative,MEDIUM,Speaking; Reading Comprehension; Active Learning,Executive Presentation & Public Speaking Masterclass (Toastmasters / Internal Workshop); Technical & Regulatory Documentation Analysis Workshop; Continuous Professional Learning & Rapid Skill Acquisition Frameworks
492,Sales Executive,LOW,Reading Comprehension; Bentley MicroStation,Technical & Regulatory Documentation Analysis Workshop; Bentley MicroStation CAD: 2D/3D Infrastructure Drafting & Asset Modeling
493,Research Scientist,LOW,Active Learning; Amazon Redshift,Continuous Professional Learning & Rapid Skill Acquisition Frameworks; Cloud Data Warehousing & High-Performance SQL Analytics with Amazon Redshift
494,Sales Representative,HIGH,Active Listening; Speaking; Reading Comprehension,Empathetic Leadership & Active Listening for Cross-Functional Collaboration; Executive Presentation & Public Speaking Masterclass (Toastmasters / Internal Workshop); Technical & Regulatory Documentation Analysis Workshop
495,Research Scientist,MEDIUM,Reading Comprehension; Active Listening; Active Learning,Technical & Regulatory Documentation Analysis Workshop; Empathetic Leadership & Active Listening for Cross-Functional Collaboration; Continuous Professional Learning & Rapid Skill Acquisition Frameworks
496,Healthcare Representative,MEDIUM,Writing; Active Learning; Apple macOS,"Business & Technical Writing: Structuring Executive Summaries & Proposals; Continuous Professional Learning & Rapid Skill Acquisition Frameworks; macOS for Enterprise: Advanced Terminal, Security & Productivity Tooling"
497,Laboratory Technician,MEDIUM,Active Listening; Critical Thinking; Science,"Empathetic Leadership & Active Listening for Cross-Functional Collaboration; Strategic Problem Solving & Root Cause Decision Analysis Seminar; Scientific Methodology, Evidence-Based Rigor & Laboratory Standards Training"
498,Sales Executive,LOW,Adobe Acrobat; Eclipse IDE,"Adobe Acrobat Pro: Digital Signatures, Forms & Secure Document Workflows; Java & Multi-Language Software Development with Eclipse IDE & Git Plugins"
499,Healthcare Representative,MEDIUM,Speaking; Writing; Active Learning,Executive Presentation & Public Speaking Masterclass (Toastmasters / Internal Workshop); Business & Technical Writing: Structuring Executive Summaries & Proposals; Continuous Professional Learning & Rapid Skill Acquisition Frameworks
500,Sales Executive,LOW,Critical Thinking,Strategic Problem Solving & Root Cause Decision Analysis Seminar
501,Research Scientist,HIGH,Reading Comprehension; Active Listening; Speaking,Technical & Regulatory Documentation Analysis Workshop; Empathetic Leadership & Active Listening for Cross-Functional Collaboration; Executive Presentation & Public Speaking Masterclass (Toastmasters / Internal Workshop)
502,Sales Executive,MEDIUM,Speaking; Reading Comprehension; Monitoring,Executive Presentation & Public Speaking Masterclass (Toastmasters / Internal Workshop); Technical & Regulatory Documentation Analysis Workshop; Operational Process Auditing & KPI Performance Monitoring Protocols
507,Sales Executive,MEDIUM,Reading Comprehension; Critical Thinking; Monitoring,Technical & Regulatory Documentation Analysis Workshop; Strategic Problem Solving & Root Cause Decision Analysis Seminar; Operational Process Auditing & KPI Performance Monitoring Protocols
508,Sales Representative,LOW,HubSpot software; IBM SPSS Statistics; Microsoft Excel,"Inbound Sales & CRM Pipeline Optimization with HubSpot Sales Hub; Advanced Statistical Inference & Predictive Modeling using IBM SPSS; Advanced Excel: Dynamic Arrays, Power Query & Business Financial Modeling"
510,Research Scientist,LOW,Reading Comprehension,Technical & Regulatory Documentation Analysis Workshop
511,Research Scientist,MEDIUM,Reading Comprehension; Active Learning; Amazon Redshift,Technical & Regulatory Documentation Analysis Workshop; Continuous Professional Learning & Rapid Skill Acquisition Frameworks; Cloud Data Warehousing & High-Performance SQL Analytics with Amazon Redshift
513,Sales Executive,LOW,None,None - No skill gaps identified
514,Research Scientist,MEDIUM,Reading Comprehension; Amazon DynamoDB; Amazon Elastic Compute Cloud EC2,Technical & Regulatory Documentation Analysis Workshop; NoSQL Database Architecture with AWS DynamoDB: Modeling & Scalability; AWS Compute Architecture: Scalable EC2 Fleet Management & Auto-Scaling
515,Laboratory Technician,LOW,Speaking,Executive Presentation & Public Speaking Masterclass (Toastmasters / Internal Workshop)
516,Sales Executive,LOW,Speaking; Critical Thinking,Executive Presentation & Public Speaking Masterclass (Toastmasters / Internal Workshop); Strategic Problem Solving & Root Cause Decision Analysis Seminar
517,Laboratory Technician,LOW,Reading Comprehension,Technical & Regulatory Documentation Analysis Workshop
518,Manufacturing Director,MEDIUM,Speaking; Adobe After Effects; Adobe Photoshop,"Executive Presentation & Public Speaking Masterclass (Toastmasters / Internal Workshop); Motion Graphics, Video Storytelling & Product Animation with After Effects; Commercial Image Retouching & Asset Production with Adobe Photoshop"
520,Research Director,LOW,None,None - No skill gaps identified
521,Laboratory Technician,MEDIUM,Reading Comprehension; Speaking; Microsoft Excel,"Technical & Regulatory Documentation Analysis Workshop; Executive Presentation & Public Speaking Masterclass (Toastmasters / Internal Workshop); Advanced Excel: Dynamic Arrays, Power Query & Business Financial Modeling"
522,Research Director,LOW,Science; Adobe Photoshop,"Scientific Methodology, Evidence-Based Rigor & Laboratory Standards Training; Commercial Image Retouching & Asset Production with Adobe Photoshop"
523,Sales Executive,LOW,Speaking; Monitoring; Facebook,"Executive Presentation & Public Speaking Masterclass (Toastmasters / Internal Workshop); Operational Process Auditing & KPI Performance Monitoring Protocols; B2B Social Media Marketing, Meta Business Suite & Targeted Outreach Campaigns"
524,Manufacturing Director,LOW,None,None - No skill gaps identified
525,Laboratory Technician,MEDIUM,Reading Comprehension; Active Listening; Science,"Technical & Regulatory Documentation Analysis Workshop; Empathetic Leadership & Active Listening for Cross-Functional Collaboration; Scientific Methodology, Evidence-Based Rigor & Laboratory Standards Training"
526,Healthcare Representative,LOW,Reading Comprehension; Microsoft Excel,"Technical & Regulatory Documentation Analysis Workshop; Advanced Excel: Dynamic Arrays, Power Query & Business Financial Modeling"
527,Sales Executive,LOW,Active Listening; Reading Comprehension; Adobe Creative Cloud software,Empathetic Leadership & Active Listening for Cross-Functional Collaboration; Technical & Regulatory Documentation Analysis Workshop; Adobe Creative Cloud Bootcamp: Multi-App Visual Design & Asset Management
529,Research Scientist,LOW,Amazon Elastic Compute Cloud EC2,AWS Compute Architecture: Scalable EC2 Fleet Management & Auto-Scaling
530,Laboratory Technician,MEDIUM,Active Listening; Speaking; Science,"Empathetic Leadership & Active Listening for Cross-Functional Collaboration; Executive Presentation & Public Speaking Masterclass (Toastmasters / Internal Workshop); Scientific Methodology, Evidence-Based Rigor & Laboratory Standards Training"
532,Sales Executive,LOW,Speaking; Reading Comprehension; Monitoring,Executive Presentation & Public Speaking Masterclass (Toastmasters / Internal Workshop); Technical & Regulatory Documentation Analysis Workshop; Operational Process Auditing & KPI Performance Monitoring Protocols
533,Sales Executive,LOW,Reading Comprehension; Adobe Acrobat,"Technical & Regulatory Documentation Analysis Workshop; Adobe Acrobat Pro: Digital Signatures, Forms & Secure Document Workflows"
534,Sales Executive,LOW,Speaking,Executive Presentation & Public Speaking Masterclass (Toastmasters / Internal Workshop)
536,Laboratory Technician,LOW,Reading Comprehension,Technical & Regulatory Documentation Analysis Workshop
538,Laboratory Technician,MEDIUM,Reading Comprehension; Active Listening; Speaking,Technical & Regulatory Documentation Analysis Workshop; Empathetic Leadership & Active Listening for Cross-Functional Collaboration; Executive Presentation & Public Speaking Masterclass (Toastmasters / Internal Workshop)
543,Manufacturing Director,LOW,None,None - No skill gaps identified
544,Research Scientist,HIGH,Reading Comprehension; Speaking; Active Learning,Technical & Regulatory Documentation Analysis Workshop; Executive Presentation & Public Speaking Masterclass (Toastmasters / Internal Workshop); Continuous Professional Learning & Rapid Skill Acquisition Frameworks
547,Research Scientist,LOW,Speaking; Active Learning; Amazon Web Services AWS software,"Executive Presentation & Public Speaking Masterclass (Toastmasters / Internal Workshop); Continuous Professional Learning & Rapid Skill Acquisition Frameworks; AWS Solutions Architect: Core Cloud Services, IAM & Architecture Design"
548,Manufacturing Director,LOW,Reading Comprehension; Adobe Acrobat,"Technical & Regulatory Documentation Analysis Workshop; Adobe Acrobat Pro: Digital Signatures, Forms & Secure Document Workflows"
550,Manufacturing Director,LOW,Reading Comprehension; Adobe Acrobat,"Technical & Regulatory Documentation Analysis Workshop; Adobe Acrobat Pro: Digital Signatures, Forms & Secure Document Workflows"
551,Healthcare Representative,LOW,IBM SPSS Statistics; Microsoft Excel,"Advanced Statistical Inference & Predictive Modeling using IBM SPSS; Advanced Excel: Dynamic Arrays, Power Query & Business Financial Modeling"
554,Sales Representative,LOW,Reading Comprehension; Microsoft Excel,"Technical & Regulatory Documentation Analysis Workshop; Advanced Excel: Dynamic Arrays, Power Query & Business Financial Modeling"
555,Sales Representative,MEDIUM,Speaking; Reading Comprehension; HubSpot software,Executive Presentation & Public Speaking Masterclass (Toastmasters / Internal Workshop); Technical & Regulatory Documentation Analysis Workshop; Inbound Sales & CRM Pipeline Optimization with HubSpot Sales Hub
556,Laboratory Technician,MEDIUM,Reading Comprehension; Google Docs; MEDITECH software,Technical & Regulatory Documentation Analysis Workshop; Google Workspace Collaboration: Document Co-Authoring & Cloud Governance; MEDITECH EHR Clinical Data Management & Laboratory Information Systems Track
560,Research Scientist,MEDIUM,Active Listening; Speaking; Active Learning,Empathetic Leadership & Active Listening for Cross-Functional Collaboration; Executive Presentation & Public Speaking Masterclass (Toastmasters / Internal Workshop); Continuous Professional Learning & Rapid Skill Acquisition Frameworks
562,Laboratory Technician,LOW,Reading Comprehension,Technical & Regulatory Documentation Analysis Workshop
564,Research Director,LOW,None,None - No skill gaps identified
565,Research Scientist,HIGH,Critical Thinking; Reading Comprehension; Active Listening,Strategic Problem Solving & Root Cause Decision Analysis Seminar; Technical & Regulatory Documentation Analysis Workshop; Empathetic Leadership & Active Listening for Cross-Functional Collaboration
566,Human Resources,HIGH,Speaking; Reading Comprehension; Active Listening,Executive Presentation & Public Speaking Masterclass (Toastmasters / Internal Workshop); Technical & Regulatory Documentation Analysis Workshop; Empathetic Leadership & Active Listening for Cross-Functional Collaboration
567,Sales Executive,LOW,Reading Comprehension,Technical & Regulatory Documentation Analysis Workshop
571,Laboratory Technician,LOW,Speaking; Science,"Executive Presentation & Public Speaking Masterclass (Toastmasters / Internal Workshop); Scientific Methodology, Evidence-Based Rigor & Laboratory Standards Training"
573,Sales Executive,LOW,Monitoring,Operational Process Auditing & KPI Performance Monitoring Protocols
574,Manufacturing Director,LOW,Critical Thinking,Strategic Problem Solving & Root Cause Decision Analysis Seminar
575,Research Director,MEDIUM,Science; Reading Comprehension; Adobe Photoshop,"Scientific Methodology, Evidence-Based Rigor & Laboratory Standards Training; Technical & Regulatory Documentation Analysis Workshop; Commercial Image Retouching & Asset Production with Adobe Photoshop"
577,Laboratory Technician,MEDIUM,Active Listening; Critical Thinking; Google Docs,Empathetic Leadership & Active Listening for Cross-Functional Collaboration; Strategic Problem Solving & Root Cause Decision Analysis Seminar; Google Workspace Collaboration: Document Co-Authoring & Cloud Governance
578,Laboratory Technician,MEDIUM,Reading Comprehension; Speaking; Google Docs,Technical & Regulatory Documentation Analysis Workshop; Executive Presentation & Public Speaking Masterclass (Toastmasters / Internal Workshop); Google Workspace Collaboration: Document Co-Authoring & Cloud Governance
579,Research Scientist,LOW,Critical Thinking; Amazon DynamoDB,Strategic Problem Solving & Root Cause Decision Analysis Seminar; NoSQL Database Architecture with AWS DynamoDB: Modeling & Scalability
580,Sales Executive,MEDIUM,Active Listening; Speaking; Monitoring,Empathetic Leadership & Active Listening for Cross-Functional Collaboration; Executive Presentation & Public Speaking Masterclass (Toastmasters / Internal Workshop); Operational Process Auditing & KPI Performance Monitoring Protocols
581,Manufacturing Director,LOW,None,None - No skill gaps identified
584,Laboratory Technician,LOW,Active Listening; Critical Thinking; Microsoft Office software,Empathetic Leadership & Active Listening for Cross-Functional Collaboration; Strategic Problem Solving & Root Cause Decision Analysis Seminar; Enterprise Microsoft 365 Productivity & Workflow Automation Bootcamp
585,Sales Representative,MEDIUM,Reading Comprehension; Active Learning; HubSpot software,Technical & Regulatory Documentation Analysis Workshop; Continuous Professional Learning & Rapid Skill Acquisition Frameworks; Inbound Sales & CRM Pipeline Optimization with HubSpot Sales Hub
586,Healthcare Representative,LOW,Writing; Apple macOS,"Business & Technical Writing: Structuring Executive Summaries & Proposals; macOS for Enterprise: Advanced Terminal, Security & Productivity Tooling"
587,Healthcare Representative,HIGH,Active Listening; Writing; Apple macOS,"Empathetic Leadership & Active Listening for Cross-Functional Collaboration; Business & Technical Writing: Structuring Executive Summaries & Proposals; macOS for Enterprise: Advanced Terminal, Security & Productivity Tooling"
590,Human Resources,MEDIUM,Speaking; Writing; Adobe Illustrator,"Executive Presentation & Public Speaking Masterclass (Toastmasters / Internal Workshop); Business & Technical Writing: Structuring Executive Summaries & Proposals; Vector Graphics, Infographics & Brand Asset Design in Adobe Illustrator"
591,Laboratory Technician,HIGH,Reading Comprehension; Active Listening; Critical Thinking,Technical & Regulatory Documentation Analysis Workshop; Empathetic Leadership & Active Listening for Cross-Functional Collaboration; Strategic Problem Solving & Root Cause Decision Analysis Seminar
592,Sales Executive,LOW,Bentley MicroStation,Bentley MicroStation CAD: 2D/3D Infrastructure Drafting & Asset Modeling
593,Laboratory Technician,MEDIUM,Active Listening; Critical Thinking; Speaking,Empathetic Leadership & Active Listening for Cross-Functional Collaboration; Strategic Problem Solving & Root Cause Decision Analysis Seminar; Executive Presentation & Public Speaking Masterclass (Toastmasters / Internal Workshop)
595,Sales Executive,LOW,None,None - No skill gaps identified
599,Sales Executive,LOW,None,None - No skill gaps identified
600,Sales Executive,LOW,Adobe Creative Cloud software,Adobe Creative Cloud Bootcamp: Multi-App Visual Design & Asset Management
601,Manufacturing Director,LOW,None,None - No skill gaps identified
602,Laboratory Technician,LOW,Speaking; Microsoft Excel,"Executive Presentation & Public Speaking Masterclass (Toastmasters / Internal Workshop); Advanced Excel: Dynamic Arrays, Power Query & Business Financial Modeling"
604,Sales Executive,LOW,Adobe Creative Cloud software,Adobe Creative Cloud Bootcamp: Multi-App Visual Design & Asset Management
605,Manufacturing Director,LOW,None,None - No skill gaps identified
606,Sales Executive,LOW,Bentley MicroStation; Eclipse IDE,Bentley MicroStation CAD: 2D/3D Infrastructure Drafting & Asset Modeling; Java & Multi-Language Software Development with Eclipse IDE & Git Plugins
608,Human Resources,LOW,None,None - No skill gaps identified
611,Manufacturing Director,MEDIUM,Speaking; Active Listening; Adobe Acrobat,"Executive Presentation & Public Speaking Masterclass (Toastmasters / Internal Workshop); Empathetic Leadership & Active Listening for Cross-Functional Collaboration; Adobe Acrobat Pro: Digital Signatures, Forms & Secure Document Workflows"
612,Research Director,LOW,Microsoft Access,Relational Database Design & SQL Querying with Microsoft Access
614,Sales Representative,MEDIUM,Active Listening; Speaking; Reading Comprehension,Empathetic Leadership & Active Listening for Cross-Functional Collaboration; Executive Presentation & Public Speaking Masterclass (Toastmasters / Internal Workshop); Technical & Regulatory Documentation Analysis Workshop
615,Sales Executive,MEDIUM,Active Listening; Critical Thinking; Adobe Acrobat,"Empathetic Leadership & Active Listening for Cross-Functional Collaboration; Strategic Problem Solving & Root Cause Decision Analysis Seminar; Adobe Acrobat Pro: Digital Signatures, Forms & Secure Document Workflows"
616,Healthcare Representative,LOW,None,None - No skill gaps identified
618,Sales Executive,MEDIUM,Speaking; Reading Comprehension; Critical Thinking,Executive Presentation & Public Speaking Masterclass (Toastmasters / Internal Workshop); Technical & Regulatory Documentation Analysis Workshop; Strategic Problem Solving & Root Cause Decision Analysis Seminar
620,Sales Executive,MEDIUM,Active Listening; Critical Thinking; Bentley MicroStation,Empathetic Leadership & Active Listening for Cross-Functional Collaboration; Strategic Problem Solving & Root Cause Decision Analysis Seminar; Bentley MicroStation CAD: 2D/3D Infrastructure Drafting & Asset Modeling
621,Sales Executive,LOW,Facebook,"B2B Social Media Marketing, Meta Business Suite & Targeted Outreach Campaigns"
622,Laboratory Technician,LOW,Speaking; Google Docs; MEDITECH software,Executive Presentation & Public Speaking Masterclass (Toastmasters / Internal Workshop); Google Workspace Collaboration: Document Co-Authoring & Cloud Governance; MEDITECH EHR Clinical Data Management & Laboratory Information Systems Track
623,Manufacturing Director,LOW,Speaking; Adobe Photoshop; Autodesk AutoCAD,Executive Presentation & Public Speaking Masterclass (Toastmasters / Internal Workshop); Commercial Image Retouching & Asset Production with Adobe Photoshop; AutoCAD Essentials: Mechanical/Architectural Drafting & Dimensioning Standards
624,Healthcare Representative,MEDIUM,Active Listening; Speaking; Active Learning,Empathetic Leadership & Active Listening for Cross-Functional Collaboration; Executive Presentation & Public Speaking Masterclass (Toastmasters / Internal Workshop); Continuous Professional Learning & Rapid Skill Acquisition Frameworks
626,Sales Executive,LOW,None,None - No skill gaps identified
630,Research Scientist,LOW,None,None - No skill gaps identified
631,Sales Executive,MEDIUM,Speaking; Reading Comprehension; Monitoring,Executive Presentation & Public Speaking Masterclass (Toastmasters / Internal Workshop); Technical & Regulatory Documentation Analysis Workshop; Operational Process Auditing & KPI Performance Monitoring Protocols
632,Sales Representative,MEDIUM,Speaking; Writing; Active Learning,Executive Presentation & Public Speaking Masterclass (Toastmasters / Internal Workshop); Business & Technical Writing: Structuring Executive Summaries & Proposals; Continuous Professional Learning & Rapid Skill Acquisition Frameworks
634,Healthcare Representative,HIGH,Active Listening; Speaking; Reading Comprehension,Empathetic Leadership & Active Listening for Cross-Functional Collaboration; Executive Presentation & Public Speaking Masterclass (Toastmasters / Internal Workshop); Technical & Regulatory Documentation Analysis Workshop
635,Manufacturing Director,LOW,Adobe InDesign,"Corporate Layout Design, Multi-Page Publishing & Pitch Decks with InDesign"
638,Research Director,LOW,None,None - No skill gaps identified
639,Research Scientist,LOW,Critical Thinking; Speaking,Strategic Problem Solving & Root Cause Decision Analysis Seminar; Executive Presentation & Public Speaking Masterclass (Toastmasters / Internal Workshop)
641,Sales Executive,LOW,None,None - No skill gaps identified
643,Laboratory Technician,MEDIUM,Science; Google Docs; Microsoft Excel,"Scientific Methodology, Evidence-Based Rigor & Laboratory Standards Training; Google Workspace Collaboration: Document Co-Authoring & Cloud Governance; Advanced Excel: Dynamic Arrays, Power Query & Business Financial Modeling"
645,Sales Representative,LOW,Active Learning; HubSpot software,Continuous Professional Learning & Rapid Skill Acquisition Frameworks; Inbound Sales & CRM Pipeline Optimization with HubSpot Sales Hub
647,Laboratory Technician,LOW,Science; Google Docs,"Scientific Methodology, Evidence-Based Rigor & Laboratory Standards Training; Google Workspace Collaboration: Document Co-Authoring & Cloud Governance"
648,Sales Representative,MEDIUM,Speaking; Active Learning; Apple macOS,"Executive Presentation & Public Speaking Masterclass (Toastmasters / Internal Workshop); Continuous Professional Learning & Rapid Skill Acquisition Frameworks; macOS for Enterprise: Advanced Terminal, Security & Productivity Tooling"
649,Research Scientist,LOW,None,None - No skill gaps identified
650,Sales Executive,MEDIUM,Speaking; Reading Comprehension; Critical Thinking,Executive Presentation & Public Speaking Masterclass (Toastmasters / Internal Workshop); Technical & Regulatory Documentation Analysis Workshop; Strategic Problem Solving & Root Cause Decision Analysis Seminar
652,Laboratory Technician,MEDIUM,Reading Comprehension; Speaking; Microsoft Excel,"Technical & Regulatory Documentation Analysis Workshop; Executive Presentation & Public Speaking Masterclass (Toastmasters / Internal Workshop); Advanced Excel: Dynamic Arrays, Power Query & Business Financial Modeling"
653,Sales Executive,LOW,Active Listening; Adobe Acrobat,"Empathetic Leadership & Active Listening for Cross-Functional Collaboration; Adobe Acrobat Pro: Digital Signatures, Forms & Secure Document Workflows"
655,Research Scientist,LOW,Active Listening; Speaking; Active Learning,Empathetic Leadership & Active Listening for Cross-Functional Collaboration; Executive Presentation & Public Speaking Masterclass (Toastmasters / Internal Workshop); Continuous Professional Learning & Rapid Skill Acquisition Frameworks
656,Sales Executive,MEDIUM,Reading Comprehension; Monitoring; Eclipse IDE,Technical & Regulatory Documentation Analysis Workshop; Operational Process Auditing & KPI Performance Monitoring Protocols; Java & Multi-Language Software Development with Eclipse IDE & Git Plugins
657,Research Scientist,HIGH,Critical Thinking; Reading Comprehension; Speaking,Strategic Problem Solving & Root Cause Decision Analysis Seminar; Technical & Regulatory Documentation Analysis Workshop; Executive Presentation & Public Speaking Masterclass (Toastmasters / Internal Workshop)
659,Healthcare Representative,LOW,None,None - No skill gaps identified
661,Research Director,MEDIUM,Reading Comprehension; Active Listening; Critical Thinking,Technical & Regulatory Documentation Analysis Workshop; Empathetic Leadership & Active Listening for Cross-Functional Collaboration; Strategic Problem Solving & Root Cause Decision Analysis Seminar
662,Research Scientist,MEDIUM,Critical Thinking; Reading Comprehension; Active Learning,Strategic Problem Solving & Root Cause Decision Analysis Seminar; Technical & Regulatory Documentation Analysis Workshop; Continuous Professional Learning & Rapid Skill Acquisition Frameworks
663,Laboratory Technician,LOW,Microsoft Excel,"Advanced Excel: Dynamic Arrays, Power Query & Business Financial Modeling"
665,Human Resources,HIGH,Speaking; Reading Comprehension; Active Listening,Executive Presentation & Public Speaking Masterclass (Toastmasters / Internal Workshop); Technical & Regulatory Documentation Analysis Workshop; Empathetic Leadership & Active Listening for Cross-Functional Collaboration
666,Sales Representative,LOW,None,None - No skill gaps identified
667,Sales Representative,LOW,Apple macOS; Microsoft Excel; Microsoft Office software,"macOS for Enterprise: Advanced Terminal, Security & Productivity Tooling; Advanced Excel: Dynamic Arrays, Power Query & Business Financial Modeling; Enterprise Microsoft 365 Productivity & Workflow Automation Bootcamp"
669,Sales Representative,HIGH,Active Listening; Writing; Apple macOS,"Empathetic Leadership & Active Listening for Cross-Functional Collaboration; Business & Technical Writing: Structuring Executive Summaries & Proposals; macOS for Enterprise: Advanced Terminal, Security & Productivity Tooling"
675,Research Scientist,MEDIUM,Critical Thinking; Active Listening; Amazon DynamoDB,Strategic Problem Solving & Root Cause Decision Analysis Seminar; Empathetic Leadership & Active Listening for Cross-Functional Collaboration; NoSQL Database Architecture with AWS DynamoDB: Modeling & Scalability
677,Sales Executive,LOW,Critical Thinking; Monitoring; Eclipse IDE,Strategic Problem Solving & Root Cause Decision Analysis Seminar; Operational Process Auditing & KPI Performance Monitoring Protocols; Java & Multi-Language Software Development with Eclipse IDE & Git Plugins
679,Research Scientist,MEDIUM,Critical Thinking; Active Listening; Speaking,Strategic Problem Solving & Root Cause Decision Analysis Seminar; Empathetic Leadership & Active Listening for Cross-Functional Collaboration; Executive Presentation & Public Speaking Masterclass (Toastmasters / Internal Workshop)
680,Research Scientist,MEDIUM,Critical Thinking; Active Listening; Amazon DynamoDB,Strategic Problem Solving & Root Cause Decision Analysis Seminar; Empathetic Leadership & Active Listening for Cross-Functional Collaboration; NoSQL Database Architecture with AWS DynamoDB: Modeling & Scalability
682,Sales Executive,LOW,Eclipse IDE,Java & Multi-Language Software Development with Eclipse IDE & Git Plugins
683,Research Scientist,LOW,None,None - No skill gaps identified
684,Sales Executive,MEDIUM,Active Listening; Speaking; Critical Thinking,Empathetic Leadership & Active Listening for Cross-Functional Collaboration; Executive Presentation & Public Speaking Masterclass (Toastmasters / Internal Workshop); Strategic Problem Solving & Root Cause Decision Analysis Seminar
686,Laboratory Technician,MEDIUM,Critical Thinking; Speaking; Google Docs,Strategic Problem Solving & Root Cause Decision Analysis Seminar; Executive Presentation & Public Speaking Masterclass (Toastmasters / Internal Workshop); Google Workspace Collaboration: Document Co-Authoring & Cloud Governance
689,Manufacturing Director,LOW,Critical Thinking,Strategic Problem Solving & Root Cause Decision Analysis Seminar
690,Sales Executive,LOW,None,None - No skill gaps identified
691,Research Scientist,LOW,None,None - No skill gaps identified
692,Healthcare Representative,LOW,IBM SPSS Statistics,Advanced Statistical Inference & Predictive Modeling using IBM SPSS
698,Human Resources,LOW,Active Listening; Adobe Photoshop,Empathetic Leadership & Active Listening for Cross-Functional Collaboration; Commercial Image Retouching & Asset Production with Adobe Photoshop
699,Manufacturing Director,LOW,Adobe Acrobat; Autodesk AutoCAD,"Adobe Acrobat Pro: Digital Signatures, Forms & Secure Document Workflows; AutoCAD Essentials: Mechanical/Architectural Drafting & Dimensioning Standards"
700,Research Scientist,MEDIUM,Active Listening; Speaking; Amazon Elastic Compute Cloud EC2,Empathetic Leadership & Active Listening for Cross-Functional Collaboration; Executive Presentation & Public Speaking Masterclass (Toastmasters / Internal Workshop); AWS Compute Architecture: Scalable EC2 Fleet Management & Auto-Scaling
701,Research Scientist,LOW,Speaking; Amazon Redshift; Amazon Web Services AWS software,"Executive Presentation & Public Speaking Masterclass (Toastmasters / Internal Workshop); Cloud Data Warehousing & High-Performance SQL Analytics with Amazon Redshift; AWS Solutions Architect: Core Cloud Services, IAM & Architecture Design"
702,Research Scientist,LOW,None,None - No skill gaps identified
704,Laboratory Technician,MEDIUM,Critical Thinking; Speaking; MEDITECH software,Strategic Problem Solving & Root Cause Decision Analysis Seminar; Executive Presentation & Public Speaking Masterclass (Toastmasters / Internal Workshop); MEDITECH EHR Clinical Data Management & Laboratory Information Systems Track
705,Research Scientist,LOW,Critical Thinking; Speaking; Amazon Web Services AWS software,"Strategic Problem Solving & Root Cause Decision Analysis Seminar; Executive Presentation & Public Speaking Masterclass (Toastmasters / Internal Workshop); AWS Solutions Architect: Core Cloud Services, IAM & Architecture Design"
707,Sales Executive,MEDIUM,Reading Comprehension; Monitoring; Adobe Acrobat,"Technical & Regulatory Documentation Analysis Workshop; Operational Process Auditing & KPI Performance Monitoring Protocols; Adobe Acrobat Pro: Digital Signatures, Forms & Secure Document Workflows"
709,Sales Executive,MEDIUM,Speaking; Reading Comprehension; Adobe Acrobat,"Executive Presentation & Public Speaking Masterclass (Toastmasters / Internal Workshop); Technical & Regulatory Documentation Analysis Workshop; Adobe Acrobat Pro: Digital Signatures, Forms & Secure Document Workflows"
710,Research Scientist,LOW,None,None - No skill gaps identified
712,Sales Executive,LOW,Reading Comprehension; Adobe Creative Cloud software; Bentley MicroStation,Technical & Regulatory Documentation Analysis Workshop; Adobe Creative Cloud Bootcamp: Multi-App Visual Design & Asset Management; Bentley MicroStation CAD: 2D/3D Infrastructure Drafting & Asset Modeling
714,Sales Executive,LOW,Speaking; Bentley MicroStation,Executive Presentation & Public Speaking Masterclass (Toastmasters / Internal Workshop); Bentley MicroStation CAD: 2D/3D Infrastructure Drafting & Asset Modeling
715,Research Scientist,MEDIUM,Active Listening; Active Learning; Amazon DynamoDB,Empathetic Leadership & Active Listening for Cross-Functional Collaboration; Continuous Professional Learning & Rapid Skill Acquisition Frameworks; NoSQL Database Architecture with AWS DynamoDB: Modeling & Scalability
716,Laboratory Technician,LOW,None,None - No skill gaps identified
717,Healthcare Representative,LOW,None,None - No skill gaps identified
720,Sales Executive,LOW,Active Listening; Speaking; Reading Comprehension,Empathetic Leadership & Active Listening for Cross-Functional Collaboration; Executive Presentation & Public Speaking Masterclass (Toastmasters / Internal Workshop); Technical & Regulatory Documentation Analysis Workshop
721,Healthcare Representative,LOW,Active Listening; Speaking,Empathetic Leadership & Active Listening for Cross-Functional Collaboration; Executive Presentation & Public Speaking Masterclass (Toastmasters / Internal Workshop)
722,Sales Executive,LOW,Active Listening; Bentley MicroStation; Eclipse IDE,Empathetic Leadership & Active Listening for Cross-Functional Collaboration; Bentley MicroStation CAD: 2D/3D Infrastructure Drafting & Asset Modeling; Java & Multi-Language Software Development with Eclipse IDE & Git Plugins
723,Sales Executive,LOW,Speaking; Facebook,"Executive Presentation & Public Speaking Masterclass (Toastmasters / Internal Workshop); B2B Social Media Marketing, Meta Business Suite & Targeted Outreach Campaigns"
724,Healthcare Representative,LOW,None,None - No skill gaps identified
725,Manufacturing Director,LOW,None,None - No skill gaps identified
727,Research Director,LOW,None,None - No skill gaps identified
728,Sales Executive,LOW,Monitoring; Adobe Creative Cloud software,Operational Process Auditing & KPI Performance Monitoring Protocols; Adobe Creative Cloud Bootcamp: Multi-App Visual Design & Asset Management
729,Sales Executive,LOW,None,None - No skill gaps identified
730,Research Director,MEDIUM,Science; Reading Comprehension; Critical Thinking,"Scientific Methodology, Evidence-Based Rigor & Laboratory Standards Training; Technical & Regulatory Documentation Analysis Workshop; Strategic Problem Solving & Root Cause Decision Analysis Seminar"
732,Sales Executive,MEDIUM,Reading Comprehension; Monitoring; Adobe Creative Cloud software,Technical & Regulatory Documentation Analysis Workshop; Operational Process Auditing & KPI Performance Monitoring Protocols; Adobe Creative Cloud Bootcamp: Multi-App Visual Design & Asset Management
733,Manufacturing Director,LOW,None,None - No skill gaps identified
738,Sales Representative,MEDIUM,Writing; Apple macOS; IBM SPSS Statistics,"Business & Technical Writing: Structuring Executive Summaries & Proposals; macOS for Enterprise: Advanced Terminal, Security & Productivity Tooling; Advanced Statistical Inference & Predictive Modeling using IBM SPSS"
741,Research Scientist,LOW,Amazon Elastic Compute Cloud EC2; Amazon Web Services AWS CloudFormation,AWS Compute Architecture: Scalable EC2 Fleet Management & Auto-Scaling; AWS Infrastructure as Code: CloudFormation & CDK Automated Deployments
742,Research Director,LOW,Reading Comprehension,Technical & Regulatory Documentation Analysis Workshop
743,Manufacturing Director,HIGH,Critical Thinking; Monitoring; Reading Comprehension,Strategic Problem Solving & Root Cause Decision Analysis Seminar; Operational Process Auditing & KPI Performance Monitoring Protocols; Technical & Regulatory Documentation Analysis Workshop
744,Laboratory Technician,LOW,Reading Comprehension; Google Docs; Microsoft Office software,Technical & Regulatory Documentation Analysis Workshop; Google Workspace Collaboration: Document Co-Authoring & Cloud Governance; Enterprise Microsoft 365 Productivity & Workflow Automation Bootcamp
746,Sales Executive,LOW,None,None - No skill gaps identified
747,Sales Executive,LOW,Facebook,"B2B Social Media Marketing, Meta Business Suite & Targeted Outreach Campaigns"
749,Sales Representative,MEDIUM,Active Listening; Reading Comprehension; Writing,Empathetic Leadership & Active Listening for Cross-Functional Collaboration; Technical & Regulatory Documentation Analysis Workshop; Business & Technical Writing: Structuring Executive Summaries & Proposals
752,Research Scientist,HIGH,Reading Comprehension; Active Listening; Speaking,Technical & Regulatory Documentation Analysis Workshop; Empathetic Leadership & Active Listening for Cross-Functional Collaboration; Executive Presentation & Public Speaking Masterclass (Toastmasters / Internal Workshop)
754,Sales Executive,LOW,Active Listening; Critical Thinking,Empathetic Leadership & Active Listening for Cross-Functional Collaboration; Strategic Problem Solving & Root Cause Decision Analysis Seminar
757,Healthcare Representative,LOW,Speaking; Apple macOS,"Executive Presentation & Public Speaking Masterclass (Toastmasters / Internal Workshop); macOS for Enterprise: Advanced Terminal, Security & Productivity Tooling"
758,Laboratory Technician,MEDIUM,Reading Comprehension; Active Listening; Science,"Technical & Regulatory Documentation Analysis Workshop; Empathetic Leadership & Active Listening for Cross-Functional Collaboration; Scientific Methodology, Evidence-Based Rigor & Laboratory Standards Training"
760,Human Resources,LOW,Critical Thinking,Strategic Problem Solving & Root Cause Decision Analysis Seminar
762,Healthcare Representative,LOW,None,None - No skill gaps identified
763,Research Scientist,LOW,Active Listening; Amazon Elastic Compute Cloud EC2,Empathetic Leadership & Active Listening for Cross-Functional Collaboration; AWS Compute Architecture: Scalable EC2 Fleet Management & Auto-Scaling
764,Healthcare Representative,LOW,Microsoft Excel; Microsoft Office software,"Advanced Excel: Dynamic Arrays, Power Query & Business Financial Modeling; Enterprise Microsoft 365 Productivity & Workflow Automation Bootcamp"
766,Sales Representative,MEDIUM,Active Listening; Speaking; Reading Comprehension,Empathetic Leadership & Active Listening for Cross-Functional Collaboration; Executive Presentation & Public Speaking Masterclass (Toastmasters / Internal Workshop); Technical & Regulatory Documentation Analysis Workshop
769,Laboratory Technician,MEDIUM,Active Listening; Science; Google Docs,"Empathetic Leadership & Active Listening for Cross-Functional Collaboration; Scientific Methodology, Evidence-Based Rigor & Laboratory Standards Training; Google Workspace Collaboration: Document Co-Authoring & Cloud Governance"
771,Healthcare Representative,MEDIUM,Active Listening; Speaking; Active Learning,Empathetic Leadership & Active Listening for Cross-Functional Collaboration; Executive Presentation & Public Speaking Masterclass (Toastmasters / Internal Workshop); Continuous Professional Learning & Rapid Skill Acquisition Frameworks
772,Laboratory Technician,LOW,None,None - No skill gaps identified
773,Research Scientist,MEDIUM,Active Listening; Speaking; Active Learning,Empathetic Leadership & Active Listening for Cross-Functional Collaboration; Executive Presentation & Public Speaking Masterclass (Toastmasters / Internal Workshop); Continuous Professional Learning & Rapid Skill Acquisition Frameworks
775,Manufacturing Director,MEDIUM,Critical Thinking; Reading Comprehension; Adobe Acrobat,"Strategic Problem Solving & Root Cause Decision Analysis Seminar; Technical & Regulatory Documentation Analysis Workshop; Adobe Acrobat Pro: Digital Signatures, Forms & Secure Document Workflows"
780,Research Scientist,LOW,Amazon Web Services AWS software,"AWS Solutions Architect: Core Cloud Services, IAM & Architecture Design"
781,Sales Executive,LOW,Critical Thinking; Adobe Acrobat; Eclipse IDE,"Strategic Problem Solving & Root Cause Decision Analysis Seminar; Adobe Acrobat Pro: Digital Signatures, Forms & Secure Document Workflows; Java & Multi-Language Software Development with Eclipse IDE & Git Plugins"
783,Sales Representative,LOW,Writing,Business & Technical Writing: Structuring Executive Summaries & Proposals
784,Research Scientist,MEDIUM,Reading Comprehension; Active Listening; Speaking,Technical & Regulatory Documentation Analysis Workshop; Empathetic Leadership & Active Listening for Cross-Functional Collaboration; Executive Presentation & Public Speaking Masterclass (Toastmasters / Internal Workshop)
785,Sales Executive,LOW,Active Listening; Critical Thinking; Bentley MicroStation,Empathetic Leadership & Active Listening for Cross-Functional Collaboration; Strategic Problem Solving & Root Cause Decision Analysis Seminar; Bentley MicroStation CAD: 2D/3D Infrastructure Drafting & Asset Modeling
786,Sales Executive,LOW,Bentley MicroStation,Bentley MicroStation CAD: 2D/3D Infrastructure Drafting & Asset Modeling
789,Sales Executive,LOW,None,None - No skill gaps identified
791,Research Scientist,MEDIUM,Critical Thinking; Speaking; Active Learning,Strategic Problem Solving & Root Cause Decision Analysis Seminar; Executive Presentation & Public Speaking Masterclass (Toastmasters / Internal Workshop); Continuous Professional Learning & Rapid Skill Acquisition Frameworks
792,Laboratory Technician,MEDIUM,Active Listening; Critical Thinking; Science,"Empathetic Leadership & Active Listening for Cross-Functional Collaboration; Strategic Problem Solving & Root Cause Decision Analysis Seminar; Scientific Methodology, Evidence-Based Rigor & Laboratory Standards Training"
793,Healthcare Representative,LOW,Active Learning; Microsoft Excel,"Continuous Professional Learning & Rapid Skill Acquisition Frameworks; Advanced Excel: Dynamic Arrays, Power Query & Business Financial Modeling"
796,Sales Executive,LOW,Critical Thinking; Eclipse IDE,Strategic Problem Solving & Root Cause Decision Analysis Seminar; Java & Multi-Language Software Development with Eclipse IDE & Git Plugins
797,Research Scientist,MEDIUM,Critical Thinking; Speaking; Amazon DynamoDB,Strategic Problem Solving & Root Cause Decision Analysis Seminar; Executive Presentation & Public Speaking Masterclass (Toastmasters / Internal Workshop); NoSQL Database Architecture with AWS DynamoDB: Modeling & Scalability
799,Manufacturing Director,LOW,Active Listening,Empathetic Leadership & Active Listening for Cross-Functional Collaboration
800,Sales Executive,MEDIUM,Active Listening; Reading Comprehension; Critical Thinking,Empathetic Leadership & Active Listening for Cross-Functional Collaboration; Technical & Regulatory Documentation Analysis Workshop; Strategic Problem Solving & Root Cause Decision Analysis Seminar
802,Research Scientist,LOW,Active Listening; Speaking; Amazon Redshift,Empathetic Leadership & Active Listening for Cross-Functional Collaboration; Executive Presentation & Public Speaking Masterclass (Toastmasters / Internal Workshop); Cloud Data Warehousing & High-Performance SQL Analytics with Amazon Redshift
803,Manufacturing Director,LOW,Reading Comprehension,Technical & Regulatory Documentation Analysis Workshop
804,Research Scientist,LOW,Active Learning; Amazon DynamoDB; Amazon Web Services AWS CloudFormation,Continuous Professional Learning & Rapid Skill Acquisition Frameworks; NoSQL Database Architecture with AWS DynamoDB: Modeling & Scalability; AWS Infrastructure as Code: CloudFormation & CDK Automated Deployments
805,Sales Representative,MEDIUM,Active Listening; Speaking; Active Learning,Empathetic Leadership & Active Listening for Cross-Functional Collaboration; Executive Presentation & Public Speaking Masterclass (Toastmasters / Internal Workshop); Continuous Professional Learning & Rapid Skill Acquisition Frameworks
806,Laboratory Technician,MEDIUM,Reading Comprehension; Active Listening; Speaking,Technical & Regulatory Documentation Analysis Workshop; Empathetic Leadership & Active Listening for Cross-Functional Collaboration; Executive Presentation & Public Speaking Masterclass (Toastmasters / Internal Workshop)
807,Healthcare Representative,LOW,Apple macOS,"macOS for Enterprise: Advanced Terminal, Security & Productivity Tooling"
808,Sales Executive,MEDIUM,Critical Thinking; Adobe Acrobat; Adobe Creative Cloud software,"Strategic Problem Solving & Root Cause Decision Analysis Seminar; Adobe Acrobat Pro: Digital Signatures, Forms & Secure Document Workflows; Adobe Creative Cloud Bootcamp: Multi-App Visual Design & Asset Management"
811,Laboratory Technician,HIGH,Active Listening; Science; Google Docs,"Empathetic Leadership & Active Listening for Cross-Functional Collaboration; Scientific Methodology, Evidence-Based Rigor & Laboratory Standards Training; Google Workspace Collaboration: Document Co-Authoring & Cloud Governance"
812,Laboratory Technician,MEDIUM,Active Listening; Critical Thinking; Speaking,Empathetic Leadership & Active Listening for Cross-Functional Collaboration; Strategic Problem Solving & Root Cause Decision Analysis Seminar; Executive Presentation & Public Speaking Masterclass (Toastmasters / Internal Workshop)
813,Laboratory Technician,MEDIUM,Active Listening; Critical Thinking; Google Docs,Empathetic Leadership & Active Listening for Cross-Functional Collaboration; Strategic Problem Solving & Root Cause Decision Analysis Seminar; Google Workspace Collaboration: Document Co-Authoring & Cloud Governance
815,Research Director,LOW,Science; Active Listening,"Scientific Methodology, Evidence-Based Rigor & Laboratory Standards Training; Empathetic Leadership & Active Listening for Cross-Functional Collaboration"
816,Laboratory Technician,HIGH,Critical Thinking; Speaking; Science,"Strategic Problem Solving & Root Cause Decision Analysis Seminar; Executive Presentation & Public Speaking Masterclass (Toastmasters / Internal Workshop); Scientific Methodology, Evidence-Based Rigor & Laboratory Standards Training"
817,Research Director,LOW,None,None - No skill gaps identified
819,Sales Executive,LOW,Critical Thinking; Bentley MicroStation,Strategic Problem Solving & Root Cause Decision Analysis Seminar; Bentley MicroStation CAD: 2D/3D Infrastructure Drafting & Asset Modeling
823,Manufacturing Director,LOW,Adobe Photoshop; Autodesk AutoCAD,Commercial Image Retouching & Asset Production with Adobe Photoshop; AutoCAD Essentials: Mechanical/Architectural Drafting & Dimensioning Standards
824,Research Scientist,LOW,None,None - No skill gaps identified
825,Research Director,LOW,None,None - No skill gaps identified
826,Research Scientist,HIGH,Critical Thinking; Active Listening; Speaking,Strategic Problem Solving & Root Cause Decision Analysis Seminar; Empathetic Leadership & Active Listening for Cross-Functional Collaboration; Executive Presentation & Public Speaking Masterclass (Toastmasters / Internal Workshop)
827,Manufacturing Director,LOW,Speaking; Adobe InDesign,"Executive Presentation & Public Speaking Masterclass (Toastmasters / Internal Workshop); Corporate Layout Design, Multi-Page Publishing & Pitch Decks with InDesign"
828,Research Scientist,LOW,None,None - No skill gaps identified
829,Human Resources,MEDIUM,Reading Comprehension; Active Listening; Writing,Technical & Regulatory Documentation Analysis Workshop; Empathetic Leadership & Active Listening for Cross-Functional Collaboration; Business & Technical Writing: Structuring Executive Summaries & Proposals
830,Manufacturing Director,LOW,None,None - No skill gaps identified
832,Laboratory Technician,LOW,Critical Thinking; Speaking; Microsoft Excel,"Strategic Problem Solving & Root Cause Decision Analysis Seminar; Executive Presentation & Public Speaking Masterclass (Toastmasters / Internal Workshop); Advanced Excel: Dynamic Arrays, Power Query & Business Financial Modeling"
833,Manufacturing Director,MEDIUM,Speaking; Monitoring; Reading Comprehension,Executive Presentation & Public Speaking Masterclass (Toastmasters / Internal Workshop); Operational Process Auditing & KPI Performance Monitoring Protocols; Technical & Regulatory Documentation Analysis Workshop
834,Research Scientist,MEDIUM,Active Listening; Speaking; Active Learning,Empathetic Leadership & Active Listening for Cross-Functional Collaboration; Executive Presentation & Public Speaking Masterclass (Toastmasters / Internal Workshop); Continuous Professional Learning & Rapid Skill Acquisition Frameworks
836,Manufacturing Director,LOW,Speaking; Active Listening; Autodesk AutoCAD,Executive Presentation & Public Speaking Masterclass (Toastmasters / Internal Workshop); Empathetic Leadership & Active Listening for Cross-Functional Collaboration; AutoCAD Essentials: Mechanical/Architectural Drafting & Dimensioning Standards
837,Healthcare Representative,MEDIUM,Active Listening; Reading Comprehension; HubSpot software,Empathetic Leadership & Active Listening for Cross-Functional Collaboration; Technical & Regulatory Documentation Analysis Workshop; Inbound Sales & CRM Pipeline Optimization with HubSpot Sales Hub
838,Research Scientist,LOW,Active Listening; Speaking; Amazon Web Services AWS CloudFormation,Empathetic Leadership & Active Listening for Cross-Functional Collaboration; Executive Presentation & Public Speaking Masterclass (Toastmasters / Internal Workshop); AWS Infrastructure as Code: CloudFormation & CDK Automated Deployments
840,Sales Executive,LOW,Critical Thinking,Strategic Problem Solving & Root Cause Decision Analysis Seminar
842,Sales Executive,LOW,None,None - No skill gaps identified
843,Research Director,MEDIUM,Reading Comprehension; Active Listening; Adobe Acrobat,"Technical & Regulatory Documentation Analysis Workshop; Empathetic Leadership & Active Listening for Cross-Functional Collaboration; Adobe Acrobat Pro: Digital Signatures, Forms & Secure Document Workflows"
844,Research Director,LOW,Reading Comprehension,Technical & Regulatory Documentation Analysis Workshop
845,Manufacturing Director,LOW,None,None - No skill gaps identified
846,Sales Executive,LOW,Speaking,Executive Presentation & Public Speaking Masterclass (Toastmasters / Internal Workshop)
847,Human Resources,MEDIUM,Speaking; Reading Comprehension; Adobe Creative Cloud software,Executive Presentation & Public Speaking Masterclass (Toastmasters / Internal Workshop); Technical & Regulatory Documentation Analysis Workshop; Adobe Creative Cloud Bootcamp: Multi-App Visual Design & Asset Management
848,Research Scientist,LOW,Active Listening; Amazon Redshift,Empathetic Leadership & Active Listening for Cross-Functional Collaboration; Cloud Data Warehousing & High-Performance SQL Analytics with Amazon Redshift
850,Research Scientist,MEDIUM,Critical Thinking; Active Listening; Active Learning,Strategic Problem Solving & Root Cause Decision Analysis Seminar; Empathetic Leadership & Active Listening for Cross-Functional Collaboration; Continuous Professional Learning & Rapid Skill Acquisition Frameworks
852,Healthcare Representative,LOW,Reading Comprehension; Apple macOS; IBM SPSS Statistics,"Technical & Regulatory Documentation Analysis Workshop; macOS for Enterprise: Advanced Terminal, Security & Productivity Tooling; Advanced Statistical Inference & Predictive Modeling using IBM SPSS"
854,Research Scientist,LOW,Active Listening; Active Learning; Amazon Web Services AWS CloudFormation,Empathetic Leadership & Active Listening for Cross-Functional Collaboration; Continuous Professional Learning & Rapid Skill Acquisition Frameworks; AWS Infrastructure as Code: CloudFormation & CDK Automated Deployments
855,Sales Executive,LOW,None,None - No skill gaps identified
856,Research Scientist,LOW,Reading Comprehension; Speaking,Technical & Regulatory Documentation Analysis Workshop; Executive Presentation & Public Speaking Masterclass (Toastmasters / Internal Workshop)
857,Sales Executive,LOW,None,None - No skill gaps identified
859,Sales Executive,LOW,Active Listening,Empathetic Leadership & Active Listening for Cross-Functional Collaboration
861,Research Scientist,MEDIUM,Critical Thinking; Active Listening; Speaking,Strategic Problem Solving & Root Cause Decision Analysis Seminar; Empathetic Leadership & Active Listening for Cross-Functional Collaboration; Executive Presentation & Public Speaking Masterclass (Toastmasters / Internal Workshop)
862,Sales Executive,LOW,Speaking; Critical Thinking; Monitoring,Executive Presentation & Public Speaking Masterclass (Toastmasters / Internal Workshop); Strategic Problem Solving & Root Cause Decision Analysis Seminar; Operational Process Auditing & KPI Performance Monitoring Protocols
864,Sales Executive,MEDIUM,Active Listening; Speaking; Reading Comprehension,Empathetic Leadership & Active Listening for Cross-Functional Collaboration; Executive Presentation & Public Speaking Masterclass (Toastmasters / Internal Workshop); Technical & Regulatory Documentation Analysis Workshop
865,Research Scientist,LOW,Reading Comprehension; Speaking; Amazon Web Services AWS CloudFormation,Technical & Regulatory Documentation Analysis Workshop; Executive Presentation & Public Speaking Masterclass (Toastmasters / Internal Workshop); AWS Infrastructure as Code: CloudFormation & CDK Automated Deployments
867,Manufacturing Director,LOW,Adobe Acrobat; Adobe Photoshop,"Adobe Acrobat Pro: Digital Signatures, Forms & Secure Document Workflows; Commercial Image Retouching & Asset Production with Adobe Photoshop"
868,Sales Executive,HIGH,Speaking; Reading Comprehension; Critical Thinking,Executive Presentation & Public Speaking Masterclass (Toastmasters / Internal Workshop); Technical & Regulatory Documentation Analysis Workshop; Strategic Problem Solving & Root Cause Decision Analysis Seminar
869,Human Resources,LOW,Adobe Illustrator,"Vector Graphics, Infographics & Brand Asset Design in Adobe Illustrator"
872,Manufacturing Director,MEDIUM,Speaking; Monitoring; Adobe InDesign,"Executive Presentation & Public Speaking Masterclass (Toastmasters / Internal Workshop); Operational Process Auditing & KPI Performance Monitoring Protocols; Corporate Layout Design, Multi-Page Publishing & Pitch Decks with InDesign"
874,Laboratory Technician,MEDIUM,Reading Comprehension; Critical Thinking; Speaking,Technical & Regulatory Documentation Analysis Workshop; Strategic Problem Solving & Root Cause Decision Analysis Seminar; Executive Presentation & Public Speaking Masterclass (Toastmasters / Internal Workshop)
875,Research Scientist,HIGH,Critical Thinking; Active Listening; Active Learning,Strategic Problem Solving & Root Cause Decision Analysis Seminar; Empathetic Leadership & Active Listening for Cross-Functional Collaboration; Continuous Professional Learning & Rapid Skill Acquisition Frameworks
878,Human Resources,LOW,Critical Thinking; Adobe Illustrator,"Strategic Problem Solving & Root Cause Decision Analysis Seminar; Vector Graphics, Infographics & Brand Asset Design in Adobe Illustrator"
879,Sales Executive,MEDIUM,Speaking; Reading Comprehension; Critical Thinking,Executive Presentation & Public Speaking Masterclass (Toastmasters / Internal Workshop); Technical & Regulatory Documentation Analysis Workshop; Strategic Problem Solving & Root Cause Decision Analysis Seminar
880,Manufacturing Director,LOW,None,None - No skill gaps identified
881,Research Scientist,LOW,None,None - No skill gaps identified
882,Laboratory Technician,MEDIUM,Active Listening; Speaking; MEDITECH software,Empathetic Leadership & Active Listening for Cross-Functional Collaboration; Executive Presentation & Public Speaking Masterclass (Toastmasters / Internal Workshop); MEDITECH EHR Clinical Data Management & Laboratory Information Systems Track
885,Sales Executive,LOW,Active Listening; Adobe Creative Cloud software; Eclipse IDE,Empathetic Leadership & Active Listening for Cross-Functional Collaboration; Adobe Creative Cloud Bootcamp: Multi-App Visual Design & Asset Management; Java & Multi-Language Software Development with Eclipse IDE & Git Plugins
887,Research Scientist,LOW,Critical Thinking; Amazon DynamoDB; Amazon Redshift,Strategic Problem Solving & Root Cause Decision Analysis Seminar; NoSQL Database Architecture with AWS DynamoDB: Modeling & Scalability; Cloud Data Warehousing & High-Performance SQL Analytics with Amazon Redshift
888,Laboratory Technician,MEDIUM,Active Listening; Critical Thinking; MEDITECH software,Empathetic Leadership & Active Listening for Cross-Functional Collaboration; Strategic Problem Solving & Root Cause Decision Analysis Seminar; MEDITECH EHR Clinical Data Management & Laboratory Information Systems Track
889,Sales Executive,LOW,Speaking,Executive Presentation & Public Speaking Masterclass (Toastmasters / Internal Workshop)
893,Sales Representative,LOW,Writing; Apple macOS; HubSpot software,"Business & Technical Writing: Structuring Executive Summaries & Proposals; macOS for Enterprise: Advanced Terminal, Security & Productivity Tooling; Inbound Sales & CRM Pipeline Optimization with HubSpot Sales Hub"
894,Laboratory Technician,MEDIUM,Speaking; Science; Microsoft Office software,"Executive Presentation & Public Speaking Masterclass (Toastmasters / Internal Workshop); Scientific Methodology, Evidence-Based Rigor & Laboratory Standards Training; Enterprise Microsoft 365 Productivity & Workflow Automation Bootcamp"
895,Research Scientist,LOW,Active Listening; Amazon Web Services AWS CloudFormation; Amazon Web Services AWS software,"Empathetic Leadership & Active Listening for Cross-Functional Collaboration; AWS Infrastructure as Code: CloudFormation & CDK Automated Deployments; AWS Solutions Architect: Core Cloud Services, IAM & Architecture Design"
896,Sales Representative,MEDIUM,Speaking; Writing; Apple macOS,"Executive Presentation & Public Speaking Masterclass (Toastmasters / Internal Workshop); Business & Technical Writing: Structuring Executive Summaries & Proposals; macOS for Enterprise: Advanced Terminal, Security & Productivity Tooling"
897,Sales Executive,MEDIUM,Active Listening; Reading Comprehension; Critical Thinking,Empathetic Leadership & Active Listening for Cross-Functional Collaboration; Technical & Regulatory Documentation Analysis Workshop; Strategic Problem Solving & Root Cause Decision Analysis Seminar
899,Manufacturing Director,LOW,Monitoring,Operational Process Auditing & KPI Performance Monitoring Protocols
900,Sales Representative,LOW,IBM SPSS Statistics,Advanced Statistical Inference & Predictive Modeling using IBM SPSS
901,Research Director,LOW,Adobe Acrobat,"Adobe Acrobat Pro: Digital Signatures, Forms & Secure Document Workflows"
902,Healthcare Representative,MEDIUM,Active Listening; Speaking; Reading Comprehension,Empathetic Leadership & Active Listening for Cross-Functional Collaboration; Executive Presentation & Public Speaking Masterclass (Toastmasters / Internal Workshop); Technical & Regulatory Documentation Analysis Workshop
903,Sales Executive,LOW,Speaking; Reading Comprehension; Adobe Creative Cloud software,Executive Presentation & Public Speaking Masterclass (Toastmasters / Internal Workshop); Technical & Regulatory Documentation Analysis Workshop; Adobe Creative Cloud Bootcamp: Multi-App Visual Design & Asset Management
904,Sales Executive,LOW,None,None - No skill gaps identified
909,Human Resources,MEDIUM,Critical Thinking; Adobe Acrobat; Adobe InDesign,"Strategic Problem Solving & Root Cause Decision Analysis Seminar; Adobe Acrobat Pro: Digital Signatures, Forms & Secure Document Workflows; Corporate Layout Design, Multi-Page Publishing & Pitch Decks with InDesign"
910,Human Resources,MEDIUM,Reading Comprehension; Critical Thinking; Adobe InDesign,"Technical & Regulatory Documentation Analysis Workshop; Strategic Problem Solving & Root Cause Decision Analysis Seminar; Corporate Layout Design, Multi-Page Publishing & Pitch Decks with InDesign"
911,Laboratory Technician,MEDIUM,Critical Thinking; Speaking; Google Docs,Strategic Problem Solving & Root Cause Decision Analysis Seminar; Executive Presentation & Public Speaking Masterclass (Toastmasters / Internal Workshop); Google Workspace Collaboration: Document Co-Authoring & Cloud Governance
912,Laboratory Technician,LOW,Reading Comprehension,Technical & Regulatory Documentation Analysis Workshop
913,Research Scientist,LOW,Reading Comprehension; Amazon Elastic Compute Cloud EC2; Amazon Web Services AWS CloudFormation,Technical & Regulatory Documentation Analysis Workshop; AWS Compute Architecture: Scalable EC2 Fleet Management & Auto-Scaling; AWS Infrastructure as Code: CloudFormation & CDK Automated Deployments
916,Sales Executive,MEDIUM,Speaking; Adobe Acrobat; Bentley MicroStation,"Executive Presentation & Public Speaking Masterclass (Toastmasters / Internal Workshop); Adobe Acrobat Pro: Digital Signatures, Forms & Secure Document Workflows; Bentley MicroStation CAD: 2D/3D Infrastructure Drafting & Asset Modeling"
918,Laboratory Technician,LOW,Active Listening; Speaking; Microsoft Outlook,"Empathetic Leadership & Active Listening for Cross-Functional Collaboration; Executive Presentation & Public Speaking Masterclass (Toastmasters / Internal Workshop); Time Management, Calendar Optimization & Executive Email Triage in Outlook"
920,Manufacturing Director,HIGH,Critical Thinking; Monitoring; Reading Comprehension,Strategic Problem Solving & Root Cause Decision Analysis Seminar; Operational Process Auditing & KPI Performance Monitoring Protocols; Technical & Regulatory Documentation Analysis Workshop
922,Sales Representative,LOW,Writing; Active Learning; Apple macOS,"Business & Technical Writing: Structuring Executive Summaries & Proposals; Continuous Professional Learning & Rapid Skill Acquisition Frameworks; macOS for Enterprise: Advanced Terminal, Security & Productivity Tooling"
923,Research Scientist,MEDIUM,Reading Comprehension; Active Listening; Amazon Redshift,Technical & Regulatory Documentation Analysis Workshop; Empathetic Leadership & Active Listening for Cross-Functional Collaboration; Cloud Data Warehousing & High-Performance SQL Analytics with Amazon Redshift
924,Healthcare Representative,LOW,None,None - No skill gaps identified
925,Sales Representative,LOW,HubSpot software; IBM SPSS Statistics; Microsoft Office software,Inbound Sales & CRM Pipeline Optimization with HubSpot Sales Hub; Advanced Statistical Inference & Predictive Modeling using IBM SPSS; Enterprise Microsoft 365 Productivity & Workflow Automation Bootcamp
926,Manufacturing Director,LOW,Adobe InDesign,"Corporate Layout Design, Multi-Page Publishing & Pitch Decks with InDesign"
927,Laboratory Technician,LOW,Speaking,Executive Presentation & Public Speaking Masterclass (Toastmasters / Internal Workshop)
930,Research Scientist,MEDIUM,Critical Thinking; Speaking; Amazon DynamoDB,Strategic Problem Solving & Root Cause Decision Analysis Seminar; Executive Presentation & Public Speaking Masterclass (Toastmasters / Internal Workshop); NoSQL Database Architecture with AWS DynamoDB: Modeling & Scalability
932,Laboratory Technician,MEDIUM,Reading Comprehension; Active Listening; Critical Thinking,Technical & Regulatory Documentation Analysis Workshop; Empathetic Leadership & Active Listening for Cross-Functional Collaboration; Strategic Problem Solving & Root Cause Decision Analysis Seminar
933,Research Scientist,MEDIUM,Critical Thinking; Active Listening; Speaking,Strategic Problem Solving & Root Cause Decision Analysis Seminar; Empathetic Leadership & Active Listening for Cross-Functional Collaboration; Executive Presentation & Public Speaking Masterclass (Toastmasters / Internal Workshop)
934,Laboratory Technician,LOW,Science; Google Docs,"Scientific Methodology, Evidence-Based Rigor & Laboratory Standards Training; Google Workspace Collaboration: Document Co-Authoring & Cloud Governance"
936,Sales Executive,LOW,Bentley MicroStation,Bentley MicroStation CAD: 2D/3D Infrastructure Drafting & Asset Modeling
939,Research Scientist,HIGH,Critical Thinking; Reading Comprehension; Active Listening,Strategic Problem Solving & Root Cause Decision Analysis Seminar; Technical & Regulatory Documentation Analysis Workshop; Empathetic Leadership & Active Listening for Cross-Functional Collaboration
940,Healthcare Representative,LOW,Active Listening; Active Learning; IBM SPSS Statistics,Empathetic Leadership & Active Listening for Cross-Functional Collaboration; Continuous Professional Learning & Rapid Skill Acquisition Frameworks; Advanced Statistical Inference & Predictive Modeling using IBM SPSS
941,Sales Representative,LOW,Microsoft Excel,"Advanced Excel: Dynamic Arrays, Power Query & Business Financial Modeling"
942,Healthcare Representative,LOW,Writing; HubSpot software,Business & Technical Writing: Structuring Executive Summaries & Proposals; Inbound Sales & CRM Pipeline Optimization with HubSpot Sales Hub
944,Laboratory Technician,LOW,None,None - No skill gaps identified
945,Research Scientist,HIGH,Critical Thinking; Reading Comprehension; Active Listening,Strategic Problem Solving & Root Cause Decision Analysis Seminar; Technical & Regulatory Documentation Analysis Workshop; Empathetic Leadership & Active Listening for Cross-Functional Collaboration
947,Sales Executive,LOW,Reading Comprehension; Monitoring; Adobe Acrobat,"Technical & Regulatory Documentation Analysis Workshop; Operational Process Auditing & KPI Performance Monitoring Protocols; Adobe Acrobat Pro: Digital Signatures, Forms & Secure Document Workflows"
949,Research Scientist,LOW,None,None - No skill gaps identified
950,Research Director,LOW,None,None - No skill gaps identified
951,Laboratory Technician,LOW,Reading Comprehension; MEDITECH software,Technical & Regulatory Documentation Analysis Workshop; MEDITECH EHR Clinical Data Management & Laboratory Information Systems Track
952,Sales Representative,MEDIUM,Speaking; Reading Comprehension; Writing,Executive Presentation & Public Speaking Masterclass (Toastmasters / Internal Workshop); Technical & Regulatory Documentation Analysis Workshop; Business & Technical Writing: Structuring Executive Summaries & Proposals
954,Sales Executive,MEDIUM,Speaking; Reading Comprehension; Critical Thinking,Executive Presentation & Public Speaking Masterclass (Toastmasters / Internal Workshop); Technical & Regulatory Documentation Analysis Workshop; Strategic Problem Solving & Root Cause Decision Analysis Seminar
956,Sales Executive,LOW,Monitoring; Adobe Acrobat; Eclipse IDE,"Operational Process Auditing & KPI Performance Monitoring Protocols; Adobe Acrobat Pro: Digital Signatures, Forms & Secure Document Workflows; Java & Multi-Language Software Development with Eclipse IDE & Git Plugins"
957,Laboratory Technician,LOW,None,None - No skill gaps identified
958,Laboratory Technician,LOW,Microsoft Office software,Enterprise Microsoft 365 Productivity & Workflow Automation Bootcamp
959,Sales Representative,MEDIUM,Active Listening; Speaking; Apple macOS,"Empathetic Leadership & Active Listening for Cross-Functional Collaboration; Executive Presentation & Public Speaking Masterclass (Toastmasters / Internal Workshop); macOS for Enterprise: Advanced Terminal, Security & Productivity Tooling"
960,Laboratory Technician,MEDIUM,Critical Thinking; Speaking; Science,"Strategic Problem Solving & Root Cause Decision Analysis Seminar; Executive Presentation & Public Speaking Masterclass (Toastmasters / Internal Workshop); Scientific Methodology, Evidence-Based Rigor & Laboratory Standards Training"
961,Healthcare Representative,MEDIUM,Speaking; Writing; Apple macOS,"Executive Presentation & Public Speaking Masterclass (Toastmasters / Internal Workshop); Business & Technical Writing: Structuring Executive Summaries & Proposals; macOS for Enterprise: Advanced Terminal, Security & Productivity Tooling"
964,Research Scientist,MEDIUM,Active Listening; Amazon Redshift; Amazon Web Services AWS CloudFormation,Empathetic Leadership & Active Listening for Cross-Functional Collaboration; Cloud Data Warehousing & High-Performance SQL Analytics with Amazon Redshift; AWS Infrastructure as Code: CloudFormation & CDK Automated Deployments
966,Manufacturing Director,LOW,Critical Thinking; Adobe After Effects,"Strategic Problem Solving & Root Cause Decision Analysis Seminar; Motion Graphics, Video Storytelling & Product Animation with After Effects"
967,Sales Executive,LOW,None,None - No skill gaps identified
969,Healthcare Representative,LOW,Reading Comprehension; HubSpot software,Technical & Regulatory Documentation Analysis Workshop; Inbound Sales & CRM Pipeline Optimization with HubSpot Sales Hub
970,Sales Executive,LOW,Speaking,Executive Presentation & Public Speaking Masterclass (Toastmasters / Internal Workshop)
972,Laboratory Technician,LOW,None,None - No skill gaps identified
974,Sales Representative,MEDIUM,Speaking; Writing; Active Learning,Executive Presentation & Public Speaking Masterclass (Toastmasters / Internal Workshop); Business & Technical Writing: Structuring Executive Summaries & Proposals; Continuous Professional Learning & Rapid Skill Acquisition Frameworks
975,Sales Executive,LOW,Adobe Creative Cloud software; Facebook,"Adobe Creative Cloud Bootcamp: Multi-App Visual Design & Asset Management; B2B Social Media Marketing, Meta Business Suite & Targeted Outreach Campaigns"
977,Research Scientist,LOW,Critical Thinking; Active Learning; Amazon Web Services AWS software,"Strategic Problem Solving & Root Cause Decision Analysis Seminar; Continuous Professional Learning & Rapid Skill Acquisition Frameworks; AWS Solutions Architect: Core Cloud Services, IAM & Architecture Design"
982,Sales Executive,LOW,Adobe Acrobat; Bentley MicroStation; Eclipse IDE,"Adobe Acrobat Pro: Digital Signatures, Forms & Secure Document Workflows; Bentley MicroStation CAD: 2D/3D Infrastructure Drafting & Asset Modeling; Java & Multi-Language Software Development with Eclipse IDE & Git Plugins"
983,Sales Executive,MEDIUM,Speaking; Reading Comprehension; Critical Thinking,Executive Presentation & Public Speaking Masterclass (Toastmasters / Internal Workshop); Technical & Regulatory Documentation Analysis Workshop; Strategic Problem Solving & Root Cause Decision Analysis Seminar
984,Sales Executive,LOW,Adobe Acrobat,"Adobe Acrobat Pro: Digital Signatures, Forms & Secure Document Workflows"
985,Sales Executive,LOW,Speaking; Reading Comprehension; Bentley MicroStation,Executive Presentation & Public Speaking Masterclass (Toastmasters / Internal Workshop); Technical & Regulatory Documentation Analysis Workshop; Bentley MicroStation CAD: 2D/3D Infrastructure Drafting & Asset Modeling
986,Sales Executive,MEDIUM,Speaking; Reading Comprehension; Monitoring,Executive Presentation & Public Speaking Masterclass (Toastmasters / Internal Workshop); Technical & Regulatory Documentation Analysis Workshop; Operational Process Auditing & KPI Performance Monitoring Protocols
987,Manufacturing Director,LOW,Autodesk AutoCAD,AutoCAD Essentials: Mechanical/Architectural Drafting & Dimensioning Standards
990,Sales Executive,LOW,None,None - No skill gaps identified
991,Research Scientist,MEDIUM,Critical Thinking; Speaking; Amazon DynamoDB,Strategic Problem Solving & Root Cause Decision Analysis Seminar; Executive Presentation & Public Speaking Masterclass (Toastmasters / Internal Workshop); NoSQL Database Architecture with AWS DynamoDB: Modeling & Scalability
994,Research Scientist,MEDIUM,Critical Thinking; Reading Comprehension; Active Listening,Strategic Problem Solving & Root Cause Decision Analysis Seminar; Technical & Regulatory Documentation Analysis Workshop; Empathetic Leadership & Active Listening for Cross-Functional Collaboration
995,Research Scientist,LOW,Speaking; Active Learning; Amazon Web Services AWS CloudFormation,Executive Presentation & Public Speaking Masterclass (Toastmasters / Internal Workshop); Continuous Professional Learning & Rapid Skill Acquisition Frameworks; AWS Infrastructure as Code: CloudFormation & CDK Automated Deployments
996,Laboratory Technician,LOW,Speaking; Microsoft Office software,Executive Presentation & Public Speaking Masterclass (Toastmasters / Internal Workshop); Enterprise Microsoft 365 Productivity & Workflow Automation Bootcamp
997,Research Director,MEDIUM,Science; Reading Comprehension; Adobe Acrobat,"Scientific Methodology, Evidence-Based Rigor & Laboratory Standards Training; Technical & Regulatory Documentation Analysis Workshop; Adobe Acrobat Pro: Digital Signatures, Forms & Secure Document Workflows"
998,Healthcare Representative,LOW,Active Learning; HubSpot software,Continuous Professional Learning & Rapid Skill Acquisition Frameworks; Inbound Sales & CRM Pipeline Optimization with HubSpot Sales Hub
999,Research Director,LOW,None,None - No skill gaps identified
1001,Laboratory Technician,HIGH,Reading Comprehension; Active Listening; Speaking,Technical & Regulatory Documentation Analysis Workshop; Empathetic Leadership & Active Listening for Cross-Functional Collaboration; Executive Presentation & Public Speaking Masterclass (Toastmasters / Internal Workshop)
1002,Laboratory Technician,LOW,Active Listening,Empathetic Leadership & Active Listening for Cross-Functional Collaboration
1003,Sales Executive,LOW,Monitoring; Adobe Acrobat,"Operational Process Auditing & KPI Performance Monitoring Protocols; Adobe Acrobat Pro: Digital Signatures, Forms & Secure Document Workflows"
1004,Research Scientist,LOW,Reading Comprehension; Amazon DynamoDB,Technical & Regulatory Documentation Analysis Workshop; NoSQL Database Architecture with AWS DynamoDB: Modeling & Scalability
1005,Manufacturing Director,LOW,None,None - No skill gaps identified
1006,Research Scientist,HIGH,Critical Thinking; Active Listening; Speaking,Strategic Problem Solving & Root Cause Decision Analysis Seminar; Empathetic Leadership & Active Listening for Cross-Functional Collaboration; Executive Presentation & Public Speaking Masterclass (Toastmasters / Internal Workshop)
1007,Manufacturing Director,LOW,Adobe After Effects; Autodesk AutoCAD,"Motion Graphics, Video Storytelling & Product Animation with After Effects; AutoCAD Essentials: Mechanical/Architectural Drafting & Dimensioning Standards"
1009,Manufacturing Director,LOW,Reading Comprehension; Active Listening,Technical & Regulatory Documentation Analysis Workshop; Empathetic Leadership & Active Listening for Cross-Functional Collaboration
1010,Laboratory Technician,MEDIUM,Reading Comprehension; Critical Thinking; Microsoft Office software,Technical & Regulatory Documentation Analysis Workshop; Strategic Problem Solving & Root Cause Decision Analysis Seminar; Enterprise Microsoft 365 Productivity & Workflow Automation Bootcamp
1011,Manufacturing Director,MEDIUM,Monitoring; Adobe Acrobat; Adobe After Effects,"Operational Process Auditing & KPI Performance Monitoring Protocols; Adobe Acrobat Pro: Digital Signatures, Forms & Secure Document Workflows; Motion Graphics, Video Storytelling & Product Animation with After Effects"
1012,Research Scientist,HIGH,Active Listening; Speaking; Active Learning,Empathetic Leadership & Active Listening for Cross-Functional Collaboration; Executive Presentation & Public Speaking Masterclass (Toastmasters / Internal Workshop); Continuous Professional Learning & Rapid Skill Acquisition Frameworks
1013,Manufacturing Director,LOW,Adobe Photoshop,Commercial Image Retouching & Asset Production with Adobe Photoshop
1014,Healthcare Representative,LOW,HubSpot software,Inbound Sales & CRM Pipeline Optimization with HubSpot Sales Hub
1015,Research Director,LOW,IBM SPSS Statistics,Advanced Statistical Inference & Predictive Modeling using IBM SPSS
1016,Research Scientist,HIGH,Reading Comprehension; Active Listening; Active Learning,Technical & Regulatory Documentation Analysis Workshop; Empathetic Leadership & Active Listening for Cross-Functional Collaboration; Continuous Professional Learning & Rapid Skill Acquisition Frameworks
1017,Laboratory Technician,LOW,Reading Comprehension; MEDITECH software,Technical & Regulatory Documentation Analysis Workshop; MEDITECH EHR Clinical Data Management & Laboratory Information Systems Track
1018,Manufacturing Director,LOW,None,None - No skill gaps identified
1019,Laboratory Technician,MEDIUM,Reading Comprehension; Speaking; Microsoft Excel,"Technical & Regulatory Documentation Analysis Workshop; Executive Presentation & Public Speaking Masterclass (Toastmasters / Internal Workshop); Advanced Excel: Dynamic Arrays, Power Query & Business Financial Modeling"
1022,Healthcare Representative,HIGH,Active Listening; Speaking; Reading Comprehension,Empathetic Leadership & Active Listening for Cross-Functional Collaboration; Executive Presentation & Public Speaking Masterclass (Toastmasters / Internal Workshop); Technical & Regulatory Documentation Analysis Workshop
1024,Healthcare Representative,LOW,Microsoft Office software,Enterprise Microsoft 365 Productivity & Workflow Automation Bootcamp
1025,Manufacturing Director,LOW,Critical Thinking; Active Listening,Strategic Problem Solving & Root Cause Decision Analysis Seminar; Empathetic Leadership & Active Listening for Cross-Functional Collaboration
1026,Manufacturing Director,LOW,None,None - No skill gaps identified
1027,Manufacturing Director,MEDIUM,Speaking; Monitoring; Adobe Photoshop,Executive Presentation & Public Speaking Masterclass (Toastmasters / Internal Workshop); Operational Process Auditing & KPI Performance Monitoring Protocols; Commercial Image Retouching & Asset Production with Adobe Photoshop
1028,Laboratory Technician,LOW,Science; Microsoft Office software,"Scientific Methodology, Evidence-Based Rigor & Laboratory Standards Training; Enterprise Microsoft 365 Productivity & Workflow Automation Bootcamp"
1030,Laboratory Technician,LOW,Reading Comprehension; Science; Google Docs,"Technical & Regulatory Documentation Analysis Workshop; Scientific Methodology, Evidence-Based Rigor & Laboratory Standards Training; Google Workspace Collaboration: Document Co-Authoring & Cloud Governance"
1032,Manufacturing Director,MEDIUM,Speaking; Monitoring; Adobe Acrobat,"Executive Presentation & Public Speaking Masterclass (Toastmasters / Internal Workshop); Operational Process Auditing & KPI Performance Monitoring Protocols; Adobe Acrobat Pro: Digital Signatures, Forms & Secure Document Workflows"
1033,Healthcare Representative,MEDIUM,Writing; IBM SPSS Statistics; Microsoft Excel,"Business & Technical Writing: Structuring Executive Summaries & Proposals; Advanced Statistical Inference & Predictive Modeling using IBM SPSS; Advanced Excel: Dynamic Arrays, Power Query & Business Financial Modeling"
1034,Healthcare Representative,LOW,Speaking; IBM SPSS Statistics,Executive Presentation & Public Speaking Masterclass (Toastmasters / Internal Workshop); Advanced Statistical Inference & Predictive Modeling using IBM SPSS
1035,Research Director,LOW,None,None - No skill gaps identified
1036,Sales Executive,MEDIUM,Reading Comprehension; Monitoring; Adobe Acrobat,"Technical & Regulatory Documentation Analysis Workshop; Operational Process Auditing & KPI Performance Monitoring Protocols; Adobe Acrobat Pro: Digital Signatures, Forms & Secure Document Workflows"
1037,Sales Executive,MEDIUM,Active Listening; Speaking; Adobe Acrobat,"Empathetic Leadership & Active Listening for Cross-Functional Collaboration; Executive Presentation & Public Speaking Masterclass (Toastmasters / Internal Workshop); Adobe Acrobat Pro: Digital Signatures, Forms & Secure Document Workflows"
1039,Sales Executive,LOW,Facebook,"B2B Social Media Marketing, Meta Business Suite & Targeted Outreach Campaigns"
1040,Sales Executive,LOW,Reading Comprehension,Technical & Regulatory Documentation Analysis Workshop
1042,Laboratory Technician,LOW,None,None - No skill gaps identified
1043,Manufacturing Director,LOW,None,None - No skill gaps identified
1044,Sales Representative,MEDIUM,Active Listening; Active Learning; Apple macOS,"Empathetic Leadership & Active Listening for Cross-Functional Collaboration; Continuous Professional Learning & Rapid Skill Acquisition Frameworks; macOS for Enterprise: Advanced Terminal, Security & Productivity Tooling"
1046,Laboratory Technician,LOW,Critical Thinking,Strategic Problem Solving & Root Cause Decision Analysis Seminar
1047,Sales Executive,LOW,None,None - No skill gaps identified
1049,Human Resources,MEDIUM,Reading Comprehension; Active Listening; Writing,Technical & Regulatory Documentation Analysis Workshop; Empathetic Leadership & Active Listening for Cross-Functional Collaboration; Business & Technical Writing: Structuring Executive Summaries & Proposals
1050,Sales Executive,LOW,None,None - No skill gaps identified
1052,Laboratory Technician,MEDIUM,Reading Comprehension; Critical Thinking; Science,"Technical & Regulatory Documentation Analysis Workshop; Strategic Problem Solving & Root Cause Decision Analysis Seminar; Scientific Methodology, Evidence-Based Rigor & Laboratory Standards Training"
1053,Research Scientist,MEDIUM,Critical Thinking; Active Listening; Amazon Elastic Compute Cloud EC2,Strategic Problem Solving & Root Cause Decision Analysis Seminar; Empathetic Leadership & Active Listening for Cross-Functional Collaboration; AWS Compute Architecture: Scalable EC2 Fleet Management & Auto-Scaling
1055,Sales Representative,MEDIUM,Active Listening; Speaking; Reading Comprehension,Empathetic Leadership & Active Listening for Cross-Functional Collaboration; Executive Presentation & Public Speaking Masterclass (Toastmasters / Internal Workshop); Technical & Regulatory Documentation Analysis Workshop
1056,Sales Representative,LOW,Reading Comprehension; IBM SPSS Statistics; Microsoft Office software,Technical & Regulatory Documentation Analysis Workshop; Advanced Statistical Inference & Predictive Modeling using IBM SPSS; Enterprise Microsoft 365 Productivity & Workflow Automation Bootcamp
1060,Research Scientist,MEDIUM,Reading Comprehension; Active Learning; Amazon Elastic Compute Cloud EC2,Technical & Regulatory Documentation Analysis Workshop; Continuous Professional Learning & Rapid Skill Acquisition Frameworks; AWS Compute Architecture: Scalable EC2 Fleet Management & Auto-Scaling
1061,Research Director,LOW,Reading Comprehension; Adobe Photoshop; Microsoft Access,Technical & Regulatory Documentation Analysis Workshop; Commercial Image Retouching & Asset Production with Adobe Photoshop; Relational Database Design & SQL Querying with Microsoft Access
1062,Healthcare Representative,LOW,Reading Comprehension; Microsoft Excel,"Technical & Regulatory Documentation Analysis Workshop; Advanced Excel: Dynamic Arrays, Power Query & Business Financial Modeling"
1066,Sales Executive,LOW,Speaking; Adobe Acrobat; Adobe Creative Cloud software,"Executive Presentation & Public Speaking Masterclass (Toastmasters / Internal Workshop); Adobe Acrobat Pro: Digital Signatures, Forms & Secure Document Workflows; Adobe Creative Cloud Bootcamp: Multi-App Visual Design & Asset Management"
1068,Research Scientist,LOW,Critical Thinking; Speaking; Amazon Web Services AWS software,"Strategic Problem Solving & Root Cause Decision Analysis Seminar; Executive Presentation & Public Speaking Masterclass (Toastmasters / Internal Workshop); AWS Solutions Architect: Core Cloud Services, IAM & Architecture Design"
1069,Research Director,HIGH,Reading Comprehension; Active Listening; Monitoring,Technical & Regulatory Documentation Analysis Workshop; Empathetic Leadership & Active Listening for Cross-Functional Collaboration; Operational Process Auditing & KPI Performance Monitoring Protocols
1070,Sales Executive,LOW,None,None - No skill gaps identified
1071,Research Scientist,MEDIUM,Critical Thinking; Active Listening; Speaking,Strategic Problem Solving & Root Cause Decision Analysis Seminar; Empathetic Leadership & Active Listening for Cross-Functional Collaboration; Executive Presentation & Public Speaking Masterclass (Toastmasters / Internal Workshop)
1073,Manufacturing Director,LOW,None,None - No skill gaps identified
1076,Sales Executive,MEDIUM,Speaking; Critical Thinking; Adobe Creative Cloud software,Executive Presentation & Public Speaking Masterclass (Toastmasters / Internal Workshop); Strategic Problem Solving & Root Cause Decision Analysis Seminar; Adobe Creative Cloud Bootcamp: Multi-App Visual Design & Asset Management
1077,Sales Representative,MEDIUM,Reading Comprehension; Writing; Apple macOS,"Technical & Regulatory Documentation Analysis Workshop; Business & Technical Writing: Structuring Executive Summaries & Proposals; macOS for Enterprise: Advanced Terminal, Security & Productivity Tooling"
1079,Laboratory Technician,MEDIUM,Science; Microsoft Excel; Microsoft Office software,"Scientific Methodology, Evidence-Based Rigor & Laboratory Standards Training; Advanced Excel: Dynamic Arrays, Power Query & Business Financial Modeling; Enterprise Microsoft 365 Productivity & Workflow Automation Bootcamp"
1080,Research Scientist,LOW,None,None - No skill gaps identified
1081,Research Scientist,LOW,Amazon Web Services AWS CloudFormation; Amazon Web Services AWS software,"AWS Infrastructure as Code: CloudFormation & CDK Automated Deployments; AWS Solutions Architect: Core Cloud Services, IAM & Architecture Design"
1082,Healthcare Representative,LOW,Active Listening; Apple macOS; Microsoft Excel,"Empathetic Leadership & Active Listening for Cross-Functional Collaboration; macOS for Enterprise: Advanced Terminal, Security & Productivity Tooling; Advanced Excel: Dynamic Arrays, Power Query & Business Financial Modeling"
1083,Laboratory Technician,LOW,Microsoft Excel; Microsoft Office software,"Advanced Excel: Dynamic Arrays, Power Query & Business Financial Modeling; Enterprise Microsoft 365 Productivity & Workflow Automation Bootcamp"
1084,Manufacturing Director,MEDIUM,Critical Thinking; Speaking; Adobe After Effects,"Strategic Problem Solving & Root Cause Decision Analysis Seminar; Executive Presentation & Public Speaking Masterclass (Toastmasters / Internal Workshop); Motion Graphics, Video Storytelling & Product Animation with After Effects"
1085,Research Scientist,LOW,None,None - No skill gaps identified
1088,Healthcare Representative,LOW,None,None - No skill gaps identified
1092,Healthcare Representative,LOW,Speaking,Executive Presentation & Public Speaking Masterclass (Toastmasters / Internal Workshop)
1094,Laboratory Technician,LOW,Microsoft Office software; Microsoft Outlook,"Enterprise Microsoft 365 Productivity & Workflow Automation Bootcamp; Time Management, Calendar Optimization & Executive Email Triage in Outlook"
1096,Manufacturing Director,LOW,Critical Thinking; Adobe Acrobat,"Strategic Problem Solving & Root Cause Decision Analysis Seminar; Adobe Acrobat Pro: Digital Signatures, Forms & Secure Document Workflows"
1097,Research Scientist,LOW,Amazon DynamoDB,NoSQL Database Architecture with AWS DynamoDB: Modeling & Scalability
1098,Human Resources,LOW,Speaking; Adobe Acrobat,"Executive Presentation & Public Speaking Masterclass (Toastmasters / Internal Workshop); Adobe Acrobat Pro: Digital Signatures, Forms & Secure Document Workflows"
1099,Healthcare Representative,LOW,Writing; IBM SPSS Statistics; Microsoft Office software,Business & Technical Writing: Structuring Executive Summaries & Proposals; Advanced Statistical Inference & Predictive Modeling using IBM SPSS; Enterprise Microsoft 365 Productivity & Workflow Automation Bootcamp
1100,Sales Executive,LOW,Speaking; Reading Comprehension,Executive Presentation & Public Speaking Masterclass (Toastmasters / Internal Workshop); Technical & Regulatory Documentation Analysis Workshop
1101,Research Scientist,LOW,None,None - No skill gaps identified
1102,Laboratory Technician,MEDIUM,Google Docs; MEDITECH software; Microsoft Excel,"Google Workspace Collaboration: Document Co-Authoring & Cloud Governance; MEDITECH EHR Clinical Data Management & Laboratory Information Systems Track; Advanced Excel: Dynamic Arrays, Power Query & Business Financial Modeling"
1103,Healthcare Representative,LOW,Active Listening; Writing; Microsoft Office software,Empathetic Leadership & Active Listening for Cross-Functional Collaboration; Business & Technical Writing: Structuring Executive Summaries & Proposals; Enterprise Microsoft 365 Productivity & Workflow Automation Bootcamp
1105,Sales Executive,LOW,Active Listening; Speaking; Critical Thinking,Empathetic Leadership & Active Listening for Cross-Functional Collaboration; Executive Presentation & Public Speaking Masterclass (Toastmasters / Internal Workshop); Strategic Problem Solving & Root Cause Decision Analysis Seminar
1106,Laboratory Technician,LOW,Critical Thinking; Microsoft Excel,"Strategic Problem Solving & Root Cause Decision Analysis Seminar; Advanced Excel: Dynamic Arrays, Power Query & Business Financial Modeling"
1107,Laboratory Technician,MEDIUM,Reading Comprehension; Critical Thinking; Speaking,Technical & Regulatory Documentation Analysis Workshop; Strategic Problem Solving & Root Cause Decision Analysis Seminar; Executive Presentation & Public Speaking Masterclass (Toastmasters / Internal Workshop)
1108,Research Scientist,MEDIUM,Reading Comprehension; Active Listening; Speaking,Technical & Regulatory Documentation Analysis Workshop; Empathetic Leadership & Active Listening for Cross-Functional Collaboration; Executive Presentation & Public Speaking Masterclass (Toastmasters / Internal Workshop)
1111,Laboratory Technician,MEDIUM,Speaking; Science; Google Docs,"Executive Presentation & Public Speaking Masterclass (Toastmasters / Internal Workshop); Scientific Methodology, Evidence-Based Rigor & Laboratory Standards Training; Google Workspace Collaboration: Document Co-Authoring & Cloud Governance"
1113,Sales Executive,LOW,Speaking; Eclipse IDE; Facebook,"Executive Presentation & Public Speaking Masterclass (Toastmasters / Internal Workshop); Java & Multi-Language Software Development with Eclipse IDE & Git Plugins; B2B Social Media Marketing, Meta Business Suite & Targeted Outreach Campaigns"
1114,Sales Executive,LOW,Adobe Acrobat,"Adobe Acrobat Pro: Digital Signatures, Forms & Secure Document Workflows"
1115,Research Scientist,MEDIUM,Critical Thinking; Speaking; Amazon DynamoDB,Strategic Problem Solving & Root Cause Decision Analysis Seminar; Executive Presentation & Public Speaking Masterclass (Toastmasters / Internal Workshop); NoSQL Database Architecture with AWS DynamoDB: Modeling & Scalability
1117,Sales Executive,LOW,Adobe Acrobat,"Adobe Acrobat Pro: Digital Signatures, Forms & Secure Document Workflows"
1118,Healthcare Representative,LOW,Reading Comprehension,Technical & Regulatory Documentation Analysis Workshop
1119,Sales Executive,LOW,Active Listening; Reading Comprehension; Eclipse IDE,Empathetic Leadership & Active Listening for Cross-Functional Collaboration; Technical & Regulatory Documentation Analysis Workshop; Java & Multi-Language Software Development with Eclipse IDE & Git Plugins
1120,Research Scientist,LOW,Amazon Redshift; Amazon Web Services AWS software,"Cloud Data Warehousing & High-Performance SQL Analytics with Amazon Redshift; AWS Solutions Architect: Core Cloud Services, IAM & Architecture Design"
1121,Manufacturing Director,LOW,None,None - No skill gaps identified
1125,Sales Executive,MEDIUM,Active Listening; Speaking; Monitoring,Empathetic Leadership & Active Listening for Cross-Functional Collaboration; Executive Presentation & Public Speaking Masterclass (Toastmasters / Internal Workshop); Operational Process Auditing & KPI Performance Monitoring Protocols
1126,Manufacturing Director,MEDIUM,Critical Thinking; Speaking; Adobe Acrobat,"Strategic Problem Solving & Root Cause Decision Analysis Seminar; Executive Presentation & Public Speaking Masterclass (Toastmasters / Internal Workshop); Adobe Acrobat Pro: Digital Signatures, Forms & Secure Document Workflows"
1127,Healthcare Representative,LOW,None,None - No skill gaps identified
1128,Research Director,LOW,None,None - No skill gaps identified
1131,Research Scientist,MEDIUM,Speaking; Amazon Elastic Compute Cloud EC2; Amazon Web Services AWS CloudFormation,Executive Presentation & Public Speaking Masterclass (Toastmasters / Internal Workshop); AWS Compute Architecture: Scalable EC2 Fleet Management & Auto-Scaling; AWS Infrastructure as Code: CloudFormation & CDK Automated Deployments
1132,Laboratory Technician,LOW,Reading Comprehension; Critical Thinking; Microsoft Outlook,"Technical & Regulatory Documentation Analysis Workshop; Strategic Problem Solving & Root Cause Decision Analysis Seminar; Time Management, Calendar Optimization & Executive Email Triage in Outlook"
1133,Manufacturing Director,LOW,Adobe Acrobat; Adobe After Effects,"Adobe Acrobat Pro: Digital Signatures, Forms & Secure Document Workflows; Motion Graphics, Video Storytelling & Product Animation with After Effects"
1135,Sales Representative,MEDIUM,Writing; IBM SPSS Statistics; Microsoft Excel,"Business & Technical Writing: Structuring Executive Summaries & Proposals; Advanced Statistical Inference & Predictive Modeling using IBM SPSS; Advanced Excel: Dynamic Arrays, Power Query & Business Financial Modeling"
1136,Research Scientist,LOW,Critical Thinking; Amazon DynamoDB; Amazon Redshift,Strategic Problem Solving & Root Cause Decision Analysis Seminar; NoSQL Database Architecture with AWS DynamoDB: Modeling & Scalability; Cloud Data Warehousing & High-Performance SQL Analytics with Amazon Redshift
1137,Sales Executive,MEDIUM,Speaking; Reading Comprehension; Critical Thinking,Executive Presentation & Public Speaking Masterclass (Toastmasters / Internal Workshop); Technical & Regulatory Documentation Analysis Workshop; Strategic Problem Solving & Root Cause Decision Analysis Seminar
1138,Sales Executive,LOW,Critical Thinking,Strategic Problem Solving & Root Cause Decision Analysis Seminar
1140,Manufacturing Director,LOW,Monitoring; Adobe InDesign; Adobe Photoshop,"Operational Process Auditing & KPI Performance Monitoring Protocols; Corporate Layout Design, Multi-Page Publishing & Pitch Decks with InDesign; Commercial Image Retouching & Asset Production with Adobe Photoshop"
1143,Research Scientist,MEDIUM,Critical Thinking; Amazon Elastic Compute Cloud EC2; Amazon Web Services AWS CloudFormation,Strategic Problem Solving & Root Cause Decision Analysis Seminar; AWS Compute Architecture: Scalable EC2 Fleet Management & Auto-Scaling; AWS Infrastructure as Code: CloudFormation & CDK Automated Deployments
1148,Laboratory Technician,MEDIUM,Active Listening; Speaking; Science,"Empathetic Leadership & Active Listening for Cross-Functional Collaboration; Executive Presentation & Public Speaking Masterclass (Toastmasters / Internal Workshop); Scientific Methodology, Evidence-Based Rigor & Laboratory Standards Training"
1150,Manufacturing Director,LOW,None,None - No skill gaps identified
1152,Human Resources,LOW,Writing; Critical Thinking; Adobe Acrobat,"Business & Technical Writing: Structuring Executive Summaries & Proposals; Strategic Problem Solving & Root Cause Decision Analysis Seminar; Adobe Acrobat Pro: Digital Signatures, Forms & Secure Document Workflows"
1154,Research Scientist,MEDIUM,Reading Comprehension; Active Listening; Amazon Elastic Compute Cloud EC2,Technical & Regulatory Documentation Analysis Workshop; Empathetic Leadership & Active Listening for Cross-Functional Collaboration; AWS Compute Architecture: Scalable EC2 Fleet Management & Auto-Scaling
1156,Laboratory Technician,HIGH,Reading Comprehension; Active Listening; Critical Thinking,Technical & Regulatory Documentation Analysis Workshop; Empathetic Leadership & Active Listening for Cross-Functional Collaboration; Strategic Problem Solving & Root Cause Decision Analysis Seminar
1157,Sales Executive,MEDIUM,Active Listening; Adobe Acrobat; Adobe Creative Cloud software,"Empathetic Leadership & Active Listening for Cross-Functional Collaboration; Adobe Acrobat Pro: Digital Signatures, Forms & Secure Document Workflows; Adobe Creative Cloud Bootcamp: Multi-App Visual Design & Asset Management"
1158,Laboratory Technician,MEDIUM,Active Listening; Speaking; Science,"Empathetic Leadership & Active Listening for Cross-Functional Collaboration; Executive Presentation & Public Speaking Masterclass (Toastmasters / Internal Workshop); Scientific Methodology, Evidence-Based Rigor & Laboratory Standards Training"
1160,Laboratory Technician,MEDIUM,Reading Comprehension; Active Listening; Microsoft Excel,"Technical & Regulatory Documentation Analysis Workshop; Empathetic Leadership & Active Listening for Cross-Functional Collaboration; Advanced Excel: Dynamic Arrays, Power Query & Business Financial Modeling"
1161,Healthcare Representative,LOW,Apple macOS; IBM SPSS Statistics; Microsoft Office software,"macOS for Enterprise: Advanced Terminal, Security & Productivity Tooling; Advanced Statistical Inference & Predictive Modeling using IBM SPSS; Enterprise Microsoft 365 Productivity & Workflow Automation Bootcamp"
1162,Research Scientist,MEDIUM,Critical Thinking; Reading Comprehension; Speaking,Strategic Problem Solving & Root Cause Decision Analysis Seminar; Technical & Regulatory Documentation Analysis Workshop; Executive Presentation & Public Speaking Masterclass (Toastmasters / Internal Workshop)
1163,Sales Executive,LOW,Critical Thinking; Adobe Creative Cloud software,Strategic Problem Solving & Root Cause Decision Analysis Seminar; Adobe Creative Cloud Bootcamp: Multi-App Visual Design & Asset Management
1164,Human Resources,LOW,Active Listening; Adobe Illustrator; Adobe Photoshop,"Empathetic Leadership & Active Listening for Cross-Functional Collaboration; Vector Graphics, Infographics & Brand Asset Design in Adobe Illustrator; Commercial Image Retouching & Asset Production with Adobe Photoshop"
1165,Sales Executive,LOW,None,None - No skill gaps identified
1166,Research Director,LOW,None,None - No skill gaps identified
1167,Sales Executive,LOW,None,None - No skill gaps identified
1171,Sales Executive,LOW,Reading Comprehension; Monitoring; Bentley MicroStation,Technical & Regulatory Documentation Analysis Workshop; Operational Process Auditing & KPI Performance Monitoring Protocols; Bentley MicroStation CAD: 2D/3D Infrastructure Drafting & Asset Modeling
1172,Laboratory Technician,LOW,MEDITECH software,MEDITECH EHR Clinical Data Management & Laboratory Information Systems Track
1173,Laboratory Technician,LOW,Critical Thinking; MEDITECH software; Microsoft Excel,"Strategic Problem Solving & Root Cause Decision Analysis Seminar; MEDITECH EHR Clinical Data Management & Laboratory Information Systems Track; Advanced Excel: Dynamic Arrays, Power Query & Business Financial Modeling"
1175,Laboratory Technician,LOW,Microsoft Excel; Microsoft Office software; Microsoft Outlook,"Advanced Excel: Dynamic Arrays, Power Query & Business Financial Modeling; Enterprise Microsoft 365 Productivity & Workflow Automation Bootcamp; Time Management, Calendar Optimization & Executive Email Triage in Outlook"
1177,Laboratory Technician,LOW,Google Docs; MEDITECH software,Google Workspace Collaboration: Document Co-Authoring & Cloud Governance; MEDITECH EHR Clinical Data Management & Laboratory Information Systems Track
1179,Sales Executive,LOW,None,None - No skill gaps identified
1180,Research Scientist,MEDIUM,Critical Thinking; Active Learning; Amazon DynamoDB,Strategic Problem Solving & Root Cause Decision Analysis Seminar; Continuous Professional Learning & Rapid Skill Acquisition Frameworks; NoSQL Database Architecture with AWS DynamoDB: Modeling & Scalability
1182,Manufacturing Director,LOW,Monitoring,Operational Process Auditing & KPI Performance Monitoring Protocols
1184,Healthcare Representative,LOW,Apple macOS,"macOS for Enterprise: Advanced Terminal, Security & Productivity Tooling"
1185,Laboratory Technician,HIGH,Reading Comprehension; Critical Thinking; Speaking,Technical & Regulatory Documentation Analysis Workshop; Strategic Problem Solving & Root Cause Decision Analysis Seminar; Executive Presentation & Public Speaking Masterclass (Toastmasters / Internal Workshop)
1188,Sales Executive,LOW,Critical Thinking; Adobe Acrobat,"Strategic Problem Solving & Root Cause Decision Analysis Seminar; Adobe Acrobat Pro: Digital Signatures, Forms & Secure Document Workflows"
1190,Sales Representative,MEDIUM,Speaking; Reading Comprehension; Apple macOS,"Executive Presentation & Public Speaking Masterclass (Toastmasters / Internal Workshop); Technical & Regulatory Documentation Analysis Workshop; macOS for Enterprise: Advanced Terminal, Security & Productivity Tooling"
1192,Laboratory Technician,LOW,Google Docs,Google Workspace Collaboration: Document Co-Authoring & Cloud Governance
1193,Research Scientist,LOW,Critical Thinking; Amazon Elastic Compute Cloud EC2,Strategic Problem Solving & Root Cause Decision Analysis Seminar; AWS Compute Architecture: Scalable EC2 Fleet Management & Auto-Scaling
1195,Research Scientist,MEDIUM,Critical Thinking; Reading Comprehension; Active Learning,Strategic Problem Solving & Root Cause Decision Analysis Seminar; Technical & Regulatory Documentation Analysis Workshop; Continuous Professional Learning & Rapid Skill Acquisition Frameworks
1196,Manufacturing Director,LOW,None,None - No skill gaps identified
1198,Laboratory Technician,MEDIUM,Active Listening; Critical Thinking; MEDITECH software,Empathetic Leadership & Active Listening for Cross-Functional Collaboration; Strategic Problem Solving & Root Cause Decision Analysis Seminar; MEDITECH EHR Clinical Data Management & Laboratory Information Systems Track
1200,Research Scientist,LOW,Critical Thinking; Active Learning; Amazon Redshift,Strategic Problem Solving & Root Cause Decision Analysis Seminar; Continuous Professional Learning & Rapid Skill Acquisition Frameworks; Cloud Data Warehousing & High-Performance SQL Analytics with Amazon Redshift
1202,Research Scientist,LOW,Critical Thinking; Amazon Web Services AWS software,"Strategic Problem Solving & Root Cause Decision Analysis Seminar; AWS Solutions Architect: Core Cloud Services, IAM & Architecture Design"
1203,Research Scientist,HIGH,Critical Thinking; Reading Comprehension; Speaking,Strategic Problem Solving & Root Cause Decision Analysis Seminar; Technical & Regulatory Documentation Analysis Workshop; Executive Presentation & Public Speaking Masterclass (Toastmasters / Internal Workshop)
1206,Research Scientist,MEDIUM,Active Listening; Amazon DynamoDB; Amazon Elastic Compute Cloud EC2,Empathetic Leadership & Active Listening for Cross-Functional Collaboration; NoSQL Database Architecture with AWS DynamoDB: Modeling & Scalability; AWS Compute Architecture: Scalable EC2 Fleet Management & Auto-Scaling
1207,Human Resources,LOW,Speaking; Adobe InDesign,"Executive Presentation & Public Speaking Masterclass (Toastmasters / Internal Workshop); Corporate Layout Design, Multi-Page Publishing & Pitch Decks with InDesign"
1210,Research Scientist,MEDIUM,Critical Thinking; Reading Comprehension; Speaking,Strategic Problem Solving & Root Cause Decision Analysis Seminar; Technical & Regulatory Documentation Analysis Workshop; Executive Presentation & Public Speaking Masterclass (Toastmasters / Internal Workshop)
1211,Sales Executive,MEDIUM,Active Listening; Monitoring; Adobe Acrobat,"Empathetic Leadership & Active Listening for Cross-Functional Collaboration; Operational Process Auditing & KPI Performance Monitoring Protocols; Adobe Acrobat Pro: Digital Signatures, Forms & Secure Document Workflows"
1212,Sales Executive,HIGH,Active Listening; Speaking; Reading Comprehension,Empathetic Leadership & Active Listening for Cross-Functional Collaboration; Executive Presentation & Public Speaking Masterclass (Toastmasters / Internal Workshop); Technical & Regulatory Documentation Analysis Workshop
1216,Laboratory Technician,LOW,Science; Microsoft Excel; Microsoft Outlook,"Scientific Methodology, Evidence-Based Rigor & Laboratory Standards Training; Advanced Excel: Dynamic Arrays, Power Query & Business Financial Modeling; Time Management, Calendar Optimization & Executive Email Triage in Outlook"
1217,Research Director,MEDIUM,Science; Critical Thinking; Adobe Photoshop,"Scientific Methodology, Evidence-Based Rigor & Laboratory Standards Training; Strategic Problem Solving & Root Cause Decision Analysis Seminar; Commercial Image Retouching & Asset Production with Adobe Photoshop"
1218,Sales Executive,LOW,Reading Comprehension; Monitoring,Technical & Regulatory Documentation Analysis Workshop; Operational Process Auditing & KPI Performance Monitoring Protocols
1219,Laboratory Technician,MEDIUM,Reading Comprehension; Critical Thinking; Science,"Technical & Regulatory Documentation Analysis Workshop; Strategic Problem Solving & Root Cause Decision Analysis Seminar; Scientific Methodology, Evidence-Based Rigor & Laboratory Standards Training"
1220,Sales Executive,LOW,None,None - No skill gaps identified
1221,Laboratory Technician,LOW,MEDITECH software; Microsoft Outlook,"MEDITECH EHR Clinical Data Management & Laboratory Information Systems Track; Time Management, Calendar Optimization & Executive Email Triage in Outlook"
1224,Laboratory Technician,LOW,Speaking,Executive Presentation & Public Speaking Masterclass (Toastmasters / Internal Workshop)
1225,Research Scientist,LOW,Reading Comprehension,Technical & Regulatory Documentation Analysis Workshop
1226,Sales Representative,MEDIUM,Reading Comprehension; Writing; HubSpot software,Technical & Regulatory Documentation Analysis Workshop; Business & Technical Writing: Structuring Executive Summaries & Proposals; Inbound Sales & CRM Pipeline Optimization with HubSpot Sales Hub
1228,Manufacturing Director,LOW,Adobe InDesign; Adobe Photoshop,"Corporate Layout Design, Multi-Page Publishing & Pitch Decks with InDesign; Commercial Image Retouching & Asset Production with Adobe Photoshop"
1231,Human Resources,MEDIUM,Speaking; Active Listening; Critical Thinking,Executive Presentation & Public Speaking Masterclass (Toastmasters / Internal Workshop); Empathetic Leadership & Active Listening for Cross-Functional Collaboration; Strategic Problem Solving & Root Cause Decision Analysis Seminar
1233,Sales Executive,LOW,Monitoring,Operational Process Auditing & KPI Performance Monitoring Protocols
1234,Laboratory Technician,MEDIUM,Reading Comprehension; Active Listening; Speaking,Technical & Regulatory Documentation Analysis Workshop; Empathetic Leadership & Active Listening for Cross-Functional Collaboration; Executive Presentation & Public Speaking Masterclass (Toastmasters / Internal Workshop)
1235,Research Scientist,LOW,Critical Thinking,Strategic Problem Solving & Root Cause Decision Analysis Seminar
1237,Manufacturing Director,LOW,Critical Thinking; Speaking,Strategic Problem Solving & Root Cause Decision Analysis Seminar; Executive Presentation & Public Speaking Masterclass (Toastmasters / Internal Workshop)
1238,Research Scientist,LOW,Speaking,Executive Presentation & Public Speaking Masterclass (Toastmasters / Internal Workshop)
1239,Sales Executive,LOW,Active Listening; Adobe Creative Cloud software,Empathetic Leadership & Active Listening for Cross-Functional Collaboration; Adobe Creative Cloud Bootcamp: Multi-App Visual Design & Asset Management
1240,Sales Executive,LOW,Reading Comprehension,Technical & Regulatory Documentation Analysis Workshop
1241,Research Scientist,LOW,None,None - No skill gaps identified
1242,Research Director,LOW,Science; Critical Thinking,"Scientific Methodology, Evidence-Based Rigor & Laboratory Standards Training; Strategic Problem Solving & Root Cause Decision Analysis Seminar"
1243,Sales Executive,LOW,None,None - No skill gaps identified
1244,Research Scientist,LOW,Amazon Web Services AWS CloudFormation,AWS Infrastructure as Code: CloudFormation & CDK Automated Deployments
1245,Manufacturing Director,MEDIUM,Critical Thinking; Speaking; Adobe Acrobat,"Strategic Problem Solving & Root Cause Decision Analysis Seminar; Executive Presentation & Public Speaking Masterclass (Toastmasters / Internal Workshop); Adobe Acrobat Pro: Digital Signatures, Forms & Secure Document Workflows"
1246,Research Scientist,LOW,None,None - No skill gaps identified
1248,Research Scientist,MEDIUM,Speaking; Active Learning; Amazon DynamoDB,Executive Presentation & Public Speaking Masterclass (Toastmasters / Internal Workshop); Continuous Professional Learning & Rapid Skill Acquisition Frameworks; NoSQL Database Architecture with AWS DynamoDB: Modeling & Scalability
1249,Research Scientist,LOW,Reading Comprehension; Active Listening; Amazon DynamoDB,Technical & Regulatory Documentation Analysis Workshop; Empathetic Leadership & Active Listening for Cross-Functional Collaboration; NoSQL Database Architecture with AWS DynamoDB: Modeling & Scalability
1250,Research Director,LOW,Science,"Scientific Methodology, Evidence-Based Rigor & Laboratory Standards Training"
1251,Healthcare Representative,LOW,Active Listening; Reading Comprehension,Empathetic Leadership & Active Listening for Cross-Functional Collaboration; Technical & Regulatory Documentation Analysis Workshop
1252,Healthcare Representative,LOW,None,None - No skill gaps identified
1254,Sales Executive,LOW,Adobe Acrobat; Bentley MicroStation; Eclipse IDE,"Adobe Acrobat Pro: Digital Signatures, Forms & Secure Document Workflows; Bentley MicroStation CAD: 2D/3D Infrastructure Drafting & Asset Modeling; Java & Multi-Language Software Development with Eclipse IDE & Git Plugins"
1255,Research Director,LOW,Active Listening; Adobe Photoshop,Empathetic Leadership & Active Listening for Cross-Functional Collaboration; Commercial Image Retouching & Asset Production with Adobe Photoshop
1257,Research Scientist,LOW,Active Learning,Continuous Professional Learning & Rapid Skill Acquisition Frameworks
1258,Laboratory Technician,LOW,Reading Comprehension; Critical Thinking,Technical & Regulatory Documentation Analysis Workshop; Strategic Problem Solving & Root Cause Decision Analysis Seminar
1259,Research Scientist,LOW,Critical Thinking; Amazon DynamoDB; Amazon Redshift,Strategic Problem Solving & Root Cause Decision Analysis Seminar; NoSQL Database Architecture with AWS DynamoDB: Modeling & Scalability; Cloud Data Warehousing & High-Performance SQL Analytics with Amazon Redshift
1260,Healthcare Representative,LOW,Writing,Business & Technical Writing: Structuring Executive Summaries & Proposals
1263,Research Director,MEDIUM,Science; Active Listening; Critical Thinking,"Scientific Methodology, Evidence-Based Rigor & Laboratory Standards Training; Empathetic Leadership & Active Listening for Cross-Functional Collaboration; Strategic Problem Solving & Root Cause Decision Analysis Seminar"
1264,Research Director,MEDIUM,Active Listening; Monitoring; IBM SPSS Statistics,Empathetic Leadership & Active Listening for Cross-Functional Collaboration; Operational Process Auditing & KPI Performance Monitoring Protocols; Advanced Statistical Inference & Predictive Modeling using IBM SPSS
1265,Research Scientist,LOW,Reading Comprehension,Technical & Regulatory Documentation Analysis Workshop
1268,Sales Executive,LOW,Speaking,Executive Presentation & Public Speaking Masterclass (Toastmasters / Internal Workshop)
1269,Research Scientist,LOW,Critical Thinking; Amazon Redshift,Strategic Problem Solving & Root Cause Decision Analysis Seminar; Cloud Data Warehousing & High-Performance SQL Analytics with Amazon Redshift
1270,Research Scientist,MEDIUM,Reading Comprehension; Speaking; Active Learning,Technical & Regulatory Documentation Analysis Workshop; Executive Presentation & Public Speaking Masterclass (Toastmasters / Internal Workshop); Continuous Professional Learning & Rapid Skill Acquisition Frameworks
1273,Sales Representative,MEDIUM,Reading Comprehension; Apple macOS; HubSpot software,"Technical & Regulatory Documentation Analysis Workshop; macOS for Enterprise: Advanced Terminal, Security & Productivity Tooling; Inbound Sales & CRM Pipeline Optimization with HubSpot Sales Hub"
1275,Research Scientist,LOW,Active Learning; Amazon Web Services AWS CloudFormation,Continuous Professional Learning & Rapid Skill Acquisition Frameworks; AWS Infrastructure as Code: CloudFormation & CDK Automated Deployments
1278,Healthcare Representative,LOW,Active Listening; Active Learning,Empathetic Leadership & Active Listening for Cross-Functional Collaboration; Continuous Professional Learning & Rapid Skill Acquisition Frameworks
1279,Laboratory Technician,MEDIUM,Science; Google Docs; Microsoft Excel,"Scientific Methodology, Evidence-Based Rigor & Laboratory Standards Training; Google Workspace Collaboration: Document Co-Authoring & Cloud Governance; Advanced Excel: Dynamic Arrays, Power Query & Business Financial Modeling"
1281,Sales Executive,MEDIUM,Reading Comprehension; Critical Thinking; Monitoring,Technical & Regulatory Documentation Analysis Workshop; Strategic Problem Solving & Root Cause Decision Analysis Seminar; Operational Process Auditing & KPI Performance Monitoring Protocols
1283,Manufacturing Director,LOW,Adobe Acrobat; Adobe After Effects,"Adobe Acrobat Pro: Digital Signatures, Forms & Secure Document Workflows; Motion Graphics, Video Storytelling & Product Animation with After Effects"
1285,Laboratory Technician,LOW,Speaking,Executive Presentation & Public Speaking Masterclass (Toastmasters / Internal Workshop)
1286,Laboratory Technician,MEDIUM,Active Listening; Critical Thinking; Speaking,Empathetic Leadership & Active Listening for Cross-Functional Collaboration; Strategic Problem Solving & Root Cause Decision Analysis Seminar; Executive Presentation & Public Speaking Masterclass (Toastmasters / Internal Workshop)
1289,Human Resources,LOW,None,None - No skill gaps identified
1291,Research Scientist,MEDIUM,Critical Thinking; Speaking; Amazon Redshift,Strategic Problem Solving & Root Cause Decision Analysis Seminar; Executive Presentation & Public Speaking Masterclass (Toastmasters / Internal Workshop); Cloud Data Warehousing & High-Performance SQL Analytics with Amazon Redshift
1292,Research Scientist,MEDIUM,Critical Thinking; Reading Comprehension; Active Listening,Strategic Problem Solving & Root Cause Decision Analysis Seminar; Technical & Regulatory Documentation Analysis Workshop; Empathetic Leadership & Active Listening for Cross-Functional Collaboration
1293,Sales Executive,LOW,None,None - No skill gaps identified
1294,Manufacturing Director,LOW,None,None - No skill gaps identified
1295,Healthcare Representative,LOW,None,None - No skill gaps identified
1296,Laboratory Technician,MEDIUM,Active Listening; Critical Thinking; MEDITECH software,Empathetic Leadership & Active Listening for Cross-Functional Collaboration; Strategic Problem Solving & Root Cause Decision Analysis Seminar; MEDITECH EHR Clinical Data Management & Laboratory Information Systems Track
1297,Laboratory Technician,LOW,None,None - No skill gaps identified
1298,Manufacturing Director,LOW,Monitoring; Autodesk AutoCAD,Operational Process Auditing & KPI Performance Monitoring Protocols; AutoCAD Essentials: Mechanical/Architectural Drafting & Dimensioning Standards
1299,Laboratory Technician,MEDIUM,Active Listening; Critical Thinking; Google Docs,Empathetic Leadership & Active Listening for Cross-Functional Collaboration; Strategic Problem Solving & Root Cause Decision Analysis Seminar; Google Workspace Collaboration: Document Co-Authoring & Cloud Governance
1301,Research Scientist,MEDIUM,Critical Thinking; Speaking; Amazon DynamoDB,Strategic Problem Solving & Root Cause Decision Analysis Seminar; Executive Presentation & Public Speaking Masterclass (Toastmasters / Internal Workshop); NoSQL Database Architecture with AWS DynamoDB: Modeling & Scalability
1303,Research Scientist,MEDIUM,Critical Thinking; Amazon DynamoDB; Amazon Elastic Compute Cloud EC2,Strategic Problem Solving & Root Cause Decision Analysis Seminar; NoSQL Database Architecture with AWS DynamoDB: Modeling & Scalability; AWS Compute Architecture: Scalable EC2 Fleet Management & Auto-Scaling
1304,Sales Executive,LOW,None,None - No skill gaps identified
1308,Research Scientist,LOW,Speaking; Amazon Web Services AWS software,"Executive Presentation & Public Speaking Masterclass (Toastmasters / Internal Workshop); AWS Solutions Architect: Core Cloud Services, IAM & Architecture Design"
1309,Laboratory Technician,LOW,None,None - No skill gaps identified
1310,Research Scientist,LOW,Critical Thinking; Amazon Redshift,Strategic Problem Solving & Root Cause Decision Analysis Seminar; Cloud Data Warehousing & High-Performance SQL Analytics with Amazon Redshift
1311,Laboratory Technician,LOW,None,None - No skill gaps identified
1312,Healthcare Representative,LOW,Speaking; HubSpot software,Executive Presentation & Public Speaking Masterclass (Toastmasters / Internal Workshop); Inbound Sales & CRM Pipeline Optimization with HubSpot Sales Hub
1314,Human Resources,LOW,Speaking; Reading Comprehension,Executive Presentation & Public Speaking Masterclass (Toastmasters / Internal Workshop); Technical & Regulatory Documentation Analysis Workshop
1315,Laboratory Technician,LOW,None,None - No skill gaps identified
1317,Research Director,LOW,Reading Comprehension; Monitoring; Adobe Acrobat,"Technical & Regulatory Documentation Analysis Workshop; Operational Process Auditing & KPI Performance Monitoring Protocols; Adobe Acrobat Pro: Digital Signatures, Forms & Secure Document Workflows"
1318,Sales Executive,LOW,Speaking; Adobe Acrobat,"Executive Presentation & Public Speaking Masterclass (Toastmasters / Internal Workshop); Adobe Acrobat Pro: Digital Signatures, Forms & Secure Document Workflows"
1319,Sales Executive,LOW,None,None - No skill gaps identified
1322,Manufacturing Director,LOW,Active Listening,Empathetic Leadership & Active Listening for Cross-Functional Collaboration
1324,Sales Executive,LOW,None,None - No skill gaps identified
1329,Sales Executive,LOW,Adobe Creative Cloud software,Adobe Creative Cloud Bootcamp: Multi-App Visual Design & Asset Management
1331,Sales Representative,MEDIUM,Speaking; Writing; Active Learning,Executive Presentation & Public Speaking Masterclass (Toastmasters / Internal Workshop); Business & Technical Writing: Structuring Executive Summaries & Proposals; Continuous Professional Learning & Rapid Skill Acquisition Frameworks
1333,Laboratory Technician,LOW,Reading Comprehension; Speaking,Technical & Regulatory Documentation Analysis Workshop; Executive Presentation & Public Speaking Masterclass (Toastmasters / Internal Workshop)
1340,Research Scientist,MEDIUM,Critical Thinking; Speaking; Active Learning,Strategic Problem Solving & Root Cause Decision Analysis Seminar; Executive Presentation & Public Speaking Masterclass (Toastmasters / Internal Workshop); Continuous Professional Learning & Rapid Skill Acquisition Frameworks
1344,Healthcare Representative,LOW,Reading Comprehension,Technical & Regulatory Documentation Analysis Workshop
1346,Research Scientist,LOW,Reading Comprehension,Technical & Regulatory Documentation Analysis Workshop
1349,Sales Executive,LOW,Monitoring; Eclipse IDE,Operational Process Auditing & KPI Performance Monitoring Protocols; Java & Multi-Language Software Development with Eclipse IDE & Git Plugins
1350,Research Scientist,LOW,Amazon Elastic Compute Cloud EC2,AWS Compute Architecture: Scalable EC2 Fleet Management & Auto-Scaling
1355,Sales Executive,LOW,Active Listening,Empathetic Leadership & Active Listening for Cross-Functional Collaboration
1356,Sales Executive,LOW,None,None - No skill gaps identified
1358,Laboratory Technician,LOW,Reading Comprehension; Science,"Technical & Regulatory Documentation Analysis Workshop; Scientific Methodology, Evidence-Based Rigor & Laboratory Standards Training"
1360,Manufacturing Director,LOW,Active Listening,Empathetic Leadership & Active Listening for Cross-Functional Collaboration
1361,Laboratory Technician,LOW,Active Listening; Critical Thinking; Microsoft Outlook,"Empathetic Leadership & Active Listening for Cross-Functional Collaboration; Strategic Problem Solving & Root Cause Decision Analysis Seminar; Time Management, Calendar Optimization & Executive Email Triage in Outlook"
1362,Sales Executive,LOW,Facebook,"B2B Social Media Marketing, Meta Business Suite & Targeted Outreach Campaigns"
1363,Manufacturing Director,LOW,None,None - No skill gaps identified
1364,Sales Representative,MEDIUM,Reading Comprehension; Writing; Apple macOS,"Technical & Regulatory Documentation Analysis Workshop; Business & Technical Writing: Structuring Executive Summaries & Proposals; macOS for Enterprise: Advanced Terminal, Security & Productivity Tooling"
1367,Manufacturing Director,MEDIUM,Reading Comprehension; Active Listening; Adobe Acrobat,"Technical & Regulatory Documentation Analysis Workshop; Empathetic Leadership & Active Listening for Cross-Functional Collaboration; Adobe Acrobat Pro: Digital Signatures, Forms & Secure Document Workflows"
1368,Laboratory Technician,MEDIUM,Critical Thinking; Speaking; Google Docs,Strategic Problem Solving & Root Cause Decision Analysis Seminar; Executive Presentation & Public Speaking Masterclass (Toastmasters / Internal Workshop); Google Workspace Collaboration: Document Co-Authoring & Cloud Governance
1369,Laboratory Technician,LOW,Active Listening; Microsoft Excel; Microsoft Outlook,"Empathetic Leadership & Active Listening for Cross-Functional Collaboration; Advanced Excel: Dynamic Arrays, Power Query & Business Financial Modeling; Time Management, Calendar Optimization & Executive Email Triage in Outlook"
1371,Sales Executive,LOW,None,None - No skill gaps identified
1372,Sales Executive,LOW,None,None - No skill gaps identified
1373,Manufacturing Director,LOW,None,None - No skill gaps identified
1374,Research Scientist,LOW,Amazon Redshift; Amazon Web Services AWS software,"Cloud Data Warehousing & High-Performance SQL Analytics with Amazon Redshift; AWS Solutions Architect: Core Cloud Services, IAM & Architecture Design"
1375,Healthcare Representative,LOW,Active Listening,Empathetic Leadership & Active Listening for Cross-Functional Collaboration
1377,Laboratory Technician,LOW,Microsoft Excel,"Advanced Excel: Dynamic Arrays, Power Query & Business Financial Modeling"
1379,Sales Representative,MEDIUM,Speaking; Active Learning; HubSpot software,Executive Presentation & Public Speaking Masterclass (Toastmasters / Internal Workshop); Continuous Professional Learning & Rapid Skill Acquisition Frameworks; Inbound Sales & CRM Pipeline Optimization with HubSpot Sales Hub
1380,Sales Executive,MEDIUM,Speaking; Critical Thinking; Adobe Acrobat,"Executive Presentation & Public Speaking Masterclass (Toastmasters / Internal Workshop); Strategic Problem Solving & Root Cause Decision Analysis Seminar; Adobe Acrobat Pro: Digital Signatures, Forms & Secure Document Workflows"
1382,Research Scientist,LOW,Active Listening; Amazon Web Services AWS CloudFormation,Empathetic Leadership & Active Listening for Cross-Functional Collaboration; AWS Infrastructure as Code: CloudFormation & CDK Automated Deployments
1383,Healthcare Representative,LOW,Apple macOS,"macOS for Enterprise: Advanced Terminal, Security & Productivity Tooling"
1387,Sales Executive,LOW,Active Listening; Speaking; Reading Comprehension,Empathetic Leadership & Active Listening for Cross-Functional Collaboration; Executive Presentation & Public Speaking Masterclass (Toastmasters / Internal Workshop); Technical & Regulatory Documentation Analysis Workshop
1389,Manufacturing Director,LOW,None,None - No skill gaps identified
1390,Sales Executive,LOW,Critical Thinking; Bentley MicroStation,Strategic Problem Solving & Root Cause Decision Analysis Seminar; Bentley MicroStation CAD: 2D/3D Infrastructure Drafting & Asset Modeling
1391,Sales Executive,LOW,Adobe Acrobat; Eclipse IDE,"Adobe Acrobat Pro: Digital Signatures, Forms & Secure Document Workflows; Java & Multi-Language Software Development with Eclipse IDE & Git Plugins"
1392,Research Scientist,LOW,Amazon Redshift,Cloud Data Warehousing & High-Performance SQL Analytics with Amazon Redshift
1394,Research Scientist,MEDIUM,Critical Thinking; Amazon Redshift; Amazon Web Services AWS CloudFormation,Strategic Problem Solving & Root Cause Decision Analysis Seminar; Cloud Data Warehousing & High-Performance SQL Analytics with Amazon Redshift; AWS Infrastructure as Code: CloudFormation & CDK Automated Deployments
1395,Sales Executive,MEDIUM,Active Listening; Reading Comprehension; Critical Thinking,Empathetic Leadership & Active Listening for Cross-Functional Collaboration; Technical & Regulatory Documentation Analysis Workshop; Strategic Problem Solving & Root Cause Decision Analysis Seminar
1396,Sales Executive,MEDIUM,Speaking; Monitoring; Adobe Creative Cloud software,Executive Presentation & Public Speaking Masterclass (Toastmasters / Internal Workshop); Operational Process Auditing & KPI Performance Monitoring Protocols; Adobe Creative Cloud Bootcamp: Multi-App Visual Design & Asset Management
1397,Healthcare Representative,LOW,Reading Comprehension; Active Learning,Technical & Regulatory Documentation Analysis Workshop; Continuous Professional Learning & Rapid Skill Acquisition Frameworks
1399,Sales Executive,LOW,Adobe Creative Cloud software; Bentley MicroStation; Eclipse IDE,Adobe Creative Cloud Bootcamp: Multi-App Visual Design & Asset Management; Bentley MicroStation CAD: 2D/3D Infrastructure Drafting & Asset Modeling; Java & Multi-Language Software Development with Eclipse IDE & Git Plugins
1401,Manufacturing Director,MEDIUM,Critical Thinking; Monitoring; Active Listening,Strategic Problem Solving & Root Cause Decision Analysis Seminar; Operational Process Auditing & KPI Performance Monitoring Protocols; Empathetic Leadership & Active Listening for Cross-Functional Collaboration
1402,Research Scientist,LOW,None,None - No skill gaps identified
1403,Sales Executive,LOW,Eclipse IDE; Facebook,"Java & Multi-Language Software Development with Eclipse IDE & Git Plugins; B2B Social Media Marketing, Meta Business Suite & Targeted Outreach Campaigns"
1405,Research Scientist,MEDIUM,Critical Thinking; Active Listening; Speaking,Strategic Problem Solving & Root Cause Decision Analysis Seminar; Empathetic Leadership & Active Listening for Cross-Functional Collaboration; Executive Presentation & Public Speaking Masterclass (Toastmasters / Internal Workshop)
1407,Research Scientist,MEDIUM,Critical Thinking; Active Learning; Amazon Redshift,Strategic Problem Solving & Root Cause Decision Analysis Seminar; Continuous Professional Learning & Rapid Skill Acquisition Frameworks; Cloud Data Warehousing & High-Performance SQL Analytics with Amazon Redshift
1409,Laboratory Technician,MEDIUM,Reading Comprehension; Active Listening; Microsoft Excel,"Technical & Regulatory Documentation Analysis Workshop; Empathetic Leadership & Active Listening for Cross-Functional Collaboration; Advanced Excel: Dynamic Arrays, Power Query & Business Financial Modeling"
1411,Laboratory Technician,LOW,Science; Google Docs; Microsoft Excel,"Scientific Methodology, Evidence-Based Rigor & Laboratory Standards Training; Google Workspace Collaboration: Document Co-Authoring & Cloud Governance; Advanced Excel: Dynamic Arrays, Power Query & Business Financial Modeling"
1412,Manufacturing Director,LOW,Monitoring; Active Listening; Autodesk AutoCAD,Operational Process Auditing & KPI Performance Monitoring Protocols; Empathetic Leadership & Active Listening for Cross-Functional Collaboration; AutoCAD Essentials: Mechanical/Architectural Drafting & Dimensioning Standards
1415,Laboratory Technician,MEDIUM,Active Listening; Critical Thinking; Speaking,Empathetic Leadership & Active Listening for Cross-Functional Collaboration; Strategic Problem Solving & Root Cause Decision Analysis Seminar; Executive Presentation & Public Speaking Masterclass (Toastmasters / Internal Workshop)
1417,Laboratory Technician,LOW,Science; Microsoft Office software,"Scientific Methodology, Evidence-Based Rigor & Laboratory Standards Training; Enterprise Microsoft 365 Productivity & Workflow Automation Bootcamp"
1419,Human Resources,LOW,None,None - No skill gaps identified
1420,Laboratory Technician,LOW,Critical Thinking; Science,"Strategic Problem Solving & Root Cause Decision Analysis Seminar; Scientific Methodology, Evidence-Based Rigor & Laboratory Standards Training"
1421,Healthcare Representative,LOW,Speaking; Active Learning; IBM SPSS Statistics,Executive Presentation & Public Speaking Masterclass (Toastmasters / Internal Workshop); Continuous Professional Learning & Rapid Skill Acquisition Frameworks; Advanced Statistical Inference & Predictive Modeling using IBM SPSS
1422,Research Director,LOW,None,None - No skill gaps identified
1423,Research Director,LOW,None,None - No skill gaps identified
1424,Research Director,LOW,None,None - No skill gaps identified
1425,Sales Executive,MEDIUM,Speaking; Adobe Acrobat; Adobe Creative Cloud software,"Executive Presentation & Public Speaking Masterclass (Toastmasters / Internal Workshop); Adobe Acrobat Pro: Digital Signatures, Forms & Secure Document Workflows; Adobe Creative Cloud Bootcamp: Multi-App Visual Design & Asset Management"
1427,Sales Representative,MEDIUM,Active Listening; Speaking; Writing,Empathetic Leadership & Active Listening for Cross-Functional Collaboration; Executive Presentation & Public Speaking Masterclass (Toastmasters / Internal Workshop); Business & Technical Writing: Structuring Executive Summaries & Proposals
1428,Sales Executive,HIGH,Active Listening; Reading Comprehension; Critical Thinking,Empathetic Leadership & Active Listening for Cross-Functional Collaboration; Technical & Regulatory Documentation Analysis Workshop; Strategic Problem Solving & Root Cause Decision Analysis Seminar
1430,Research Director,MEDIUM,Active Listening; Adobe Acrobat; Adobe Photoshop,"Empathetic Leadership & Active Listening for Cross-Functional Collaboration; Adobe Acrobat Pro: Digital Signatures, Forms & Secure Document Workflows; Commercial Image Retouching & Asset Production with Adobe Photoshop"
1431,Research Scientist,LOW,Reading Comprehension; Amazon Redshift; Amazon Web Services AWS CloudFormation,Technical & Regulatory Documentation Analysis Workshop; Cloud Data Warehousing & High-Performance SQL Analytics with Amazon Redshift; AWS Infrastructure as Code: CloudFormation & CDK Automated Deployments
1433,Research Scientist,MEDIUM,Critical Thinking; Speaking; Amazon Elastic Compute Cloud EC2,Strategic Problem Solving & Root Cause Decision Analysis Seminar; Executive Presentation & Public Speaking Masterclass (Toastmasters / Internal Workshop); AWS Compute Architecture: Scalable EC2 Fleet Management & Auto-Scaling
1434,Laboratory Technician,LOW,Google Docs; MEDITECH software,Google Workspace Collaboration: Document Co-Authoring & Cloud Governance; MEDITECH EHR Clinical Data Management & Laboratory Information Systems Track
1435,Laboratory Technician,LOW,Reading Comprehension; Active Listening,Technical & Regulatory Documentation Analysis Workshop; Empathetic Leadership & Active Listening for Cross-Functional Collaboration
1436,Sales Executive,LOW,Active Listening,Empathetic Leadership & Active Listening for Cross-Functional Collaboration
1438,Research Scientist,LOW,Active Listening,Empathetic Leadership & Active Listening for Cross-Functional Collaboration
1439,Sales Representative,MEDIUM,Active Listening; Reading Comprehension; Active Learning,Empathetic Leadership & Active Listening for Cross-Functional Collaboration; Technical & Regulatory Documentation Analysis Workshop; Continuous Professional Learning & Rapid Skill Acquisition Frameworks
1440,Laboratory Technician,MEDIUM,Reading Comprehension; Critical Thinking; MEDITECH software,Technical & Regulatory Documentation Analysis Workshop; Strategic Problem Solving & Root Cause Decision Analysis Seminar; MEDITECH EHR Clinical Data Management & Laboratory Information Systems Track
1441,Research Scientist,LOW,Amazon Elastic Compute Cloud EC2; Amazon Redshift,AWS Compute Architecture: Scalable EC2 Fleet Management & Auto-Scaling; Cloud Data Warehousing & High-Performance SQL Analytics with Amazon Redshift
1443,Research Director,LOW,None,None - No skill gaps identified
1445,Sales Executive,MEDIUM,Reading Comprehension; Monitoring; Adobe Acrobat,"Technical & Regulatory Documentation Analysis Workshop; Operational Process Auditing & KPI Performance Monitoring Protocols; Adobe Acrobat Pro: Digital Signatures, Forms & Secure Document Workflows"
1446,Sales Executive,MEDIUM,Speaking; Reading Comprehension; Monitoring,Executive Presentation & Public Speaking Masterclass (Toastmasters / Internal Workshop); Technical & Regulatory Documentation Analysis Workshop; Operational Process Auditing & KPI Performance Monitoring Protocols
1447,Laboratory Technician,LOW,Speaking; Science,"Executive Presentation & Public Speaking Masterclass (Toastmasters / Internal Workshop); Scientific Methodology, Evidence-Based Rigor & Laboratory Standards Training"
1448,Research Scientist,LOW,Amazon Web Services AWS CloudFormation,AWS Infrastructure as Code: CloudFormation & CDK Automated Deployments
1449,Laboratory Technician,LOW,Speaking,Executive Presentation & Public Speaking Masterclass (Toastmasters / Internal Workshop)
1453,Sales Executive,LOW,None,None - No skill gaps identified
1457,Sales Executive,MEDIUM,Reading Comprehension; Adobe Creative Cloud software; Eclipse IDE,Technical & Regulatory Documentation Analysis Workshop; Adobe Creative Cloud Bootcamp: Multi-App Visual Design & Asset Management; Java & Multi-Language Software Development with Eclipse IDE & Git Plugins
1458,Laboratory Technician,MEDIUM,Active Listening; Speaking; MEDITECH software,Empathetic Leadership & Active Listening for Cross-Functional Collaboration; Executive Presentation & Public Speaking Masterclass (Toastmasters / Internal Workshop); MEDITECH EHR Clinical Data Management & Laboratory Information Systems Track
1459,Manufacturing Director,LOW,Autodesk AutoCAD,AutoCAD Essentials: Mechanical/Architectural Drafting & Dimensioning Standards
1460,Healthcare Representative,LOW,Speaking; Apple macOS,"Executive Presentation & Public Speaking Masterclass (Toastmasters / Internal Workshop); macOS for Enterprise: Advanced Terminal, Security & Productivity Tooling"
1461,Human Resources,MEDIUM,Speaking; Active Listening; Adobe Creative Cloud software,Executive Presentation & Public Speaking Masterclass (Toastmasters / Internal Workshop); Empathetic Leadership & Active Listening for Cross-Functional Collaboration; Adobe Creative Cloud Bootcamp: Multi-App Visual Design & Asset Management
1464,Laboratory Technician,LOW,MEDITECH software; Microsoft Excel,"MEDITECH EHR Clinical Data Management & Laboratory Information Systems Track; Advanced Excel: Dynamic Arrays, Power Query & Business Financial Modeling"
1465,Manufacturing Director,LOW,Active Listening; Adobe Acrobat; Autodesk AutoCAD,"Empathetic Leadership & Active Listening for Cross-Functional Collaboration; Adobe Acrobat Pro: Digital Signatures, Forms & Secure Document Workflows; AutoCAD Essentials: Mechanical/Architectural Drafting & Dimensioning Standards"
1466,Sales Executive,LOW,Reading Comprehension,Technical & Regulatory Documentation Analysis Workshop
1467,Human Resources,MEDIUM,Reading Comprehension; Critical Thinking; Adobe Acrobat,"Technical & Regulatory Documentation Analysis Workshop; Strategic Problem Solving & Root Cause Decision Analysis Seminar; Adobe Acrobat Pro: Digital Signatures, Forms & Secure Document Workflows"
1468,Research Director,LOW,Monitoring,Operational Process Auditing & KPI Performance Monitoring Protocols
1469,Sales Executive,LOW,Bentley MicroStation,Bentley MicroStation CAD: 2D/3D Infrastructure Drafting & Asset Modeling
1471,Laboratory Technician,LOW,MEDITECH software,MEDITECH EHR Clinical Data Management & Laboratory Information Systems Track
1472,Research Director,LOW,None,None - No skill gaps identified
1473,Healthcare Representative,MEDIUM,Active Learning; Apple macOS; HubSpot software,"Continuous Professional Learning & Rapid Skill Acquisition Frameworks; macOS for Enterprise: Advanced Terminal, Security & Productivity Tooling; Inbound Sales & CRM Pipeline Optimization with HubSpot Sales Hub"
1474,Research Scientist,LOW,Amazon DynamoDB; Amazon Web Services AWS CloudFormation; Amazon Web Services AWS software,"NoSQL Database Architecture with AWS DynamoDB: Modeling & Scalability; AWS Infrastructure as Code: CloudFormation & CDK Automated Deployments; AWS Solutions Architect: Core Cloud Services, IAM & Architecture Design"
1475,Research Scientist,LOW,Amazon Elastic Compute Cloud EC2,AWS Compute Architecture: Scalable EC2 Fleet Management & Auto-Scaling
1477,Sales Executive,LOW,Critical Thinking; Facebook,"Strategic Problem Solving & Root Cause Decision Analysis Seminar; B2B Social Media Marketing, Meta Business Suite & Targeted Outreach Campaigns"
1478,Sales Executive,LOW,Active Listening,Empathetic Leadership & Active Listening for Cross-Functional Collaboration
1479,Sales Executive,MEDIUM,Active Listening; Reading Comprehension; Critical Thinking,Empathetic Leadership & Active Listening for Cross-Functional Collaboration; Technical & Regulatory Documentation Analysis Workshop; Strategic Problem Solving & Root Cause Decision Analysis Seminar
1480,Laboratory Technician,LOW,None,None - No skill gaps identified
1481,Sales Executive,MEDIUM,Active Listening; Reading Comprehension; Critical Thinking,Empathetic Leadership & Active Listening for Cross-Functional Collaboration; Technical & Regulatory Documentation Analysis Workshop; Strategic Problem Solving & Root Cause Decision Analysis Seminar
1482,Research Scientist,HIGH,Reading Comprehension; Active Listening; Speaking,Technical & Regulatory Documentation Analysis Workshop; Empathetic Leadership & Active Listening for Cross-Functional Collaboration; Executive Presentation & Public Speaking Masterclass (Toastmasters / Internal Workshop)
1483,Research Scientist,LOW,None,None - No skill gaps identified
1484,Healthcare Representative,LOW,IBM SPSS Statistics,Advanced Statistical Inference & Predictive Modeling using IBM SPSS
1485,Research Director,LOW,Active Listening; IBM SPSS Statistics,Empathetic Leadership & Active Listening for Cross-Functional Collaboration; Advanced Statistical Inference & Predictive Modeling using IBM SPSS
1486,Sales Representative,MEDIUM,Active Listening; Active Learning; IBM SPSS Statistics,Empathetic Leadership & Active Listening for Cross-Functional Collaboration; Continuous Professional Learning & Rapid Skill Acquisition Frameworks; Advanced Statistical Inference & Predictive Modeling using IBM SPSS
1487,Sales Executive,LOW,Critical Thinking; Adobe Acrobat,"Strategic Problem Solving & Root Cause Decision Analysis Seminar; Adobe Acrobat Pro: Digital Signatures, Forms & Secure Document Workflows"
1489,Sales Executive,LOW,None,None - No skill gaps identified
1492,Sales Representative,HIGH,Active Listening; Writing; Active Learning,Empathetic Leadership & Active Listening for Cross-Functional Collaboration; Business & Technical Writing: Structuring Executive Summaries & Proposals; Continuous Professional Learning & Rapid Skill Acquisition Frameworks
1494,Laboratory Technician,MEDIUM,Active Listening; Speaking; Science,"Empathetic Leadership & Active Listening for Cross-Functional Collaboration; Executive Presentation & Public Speaking Masterclass (Toastmasters / Internal Workshop); Scientific Methodology, Evidence-Based Rigor & Laboratory Standards Training"
1495,Sales Representative,HIGH,Active Listening; Speaking; Reading Comprehension,Empathetic Leadership & Active Listening for Cross-Functional Collaboration; Executive Presentation & Public Speaking Masterclass (Toastmasters / Internal Workshop); Technical & Regulatory Documentation Analysis Workshop
1496,Manufacturing Director,MEDIUM,Speaking; Reading Comprehension; Adobe After Effects,"Executive Presentation & Public Speaking Masterclass (Toastmasters / Internal Workshop); Technical & Regulatory Documentation Analysis Workshop; Motion Graphics, Video Storytelling & Product Animation with After Effects"
1497,Sales Executive,LOW,Speaking,Executive Presentation & Public Speaking Masterclass (Toastmasters / Internal Workshop)
1499,Human Resources,LOW,Reading Comprehension; Critical Thinking,Technical & Regulatory Documentation Analysis Workshop; Strategic Problem Solving & Root Cause Decision Analysis Seminar
1501,Healthcare Representative,MEDIUM,Active Listening; Reading Comprehension; Writing,Empathetic Leadership & Active Listening for Cross-Functional Collaboration; Technical & Regulatory Documentation Analysis Workshop; Business & Technical Writing: Structuring Executive Summaries & Proposals
1502,Laboratory Technician,LOW,None,None - No skill gaps identified
1503,Sales Executive,LOW,Critical Thinking; Adobe Creative Cloud software; Bentley MicroStation,Strategic Problem Solving & Root Cause Decision Analysis Seminar; Adobe Creative Cloud Bootcamp: Multi-App Visual Design & Asset Management; Bentley MicroStation CAD: 2D/3D Infrastructure Drafting & Asset Modeling
1504,Laboratory Technician,HIGH,Reading Comprehension; Critical Thinking; Speaking,Technical & Regulatory Documentation Analysis Workshop; Strategic Problem Solving & Root Cause Decision Analysis Seminar; Executive Presentation & Public Speaking Masterclass (Toastmasters / Internal Workshop)
1506,Research Scientist,LOW,Speaking; Active Learning; Amazon Elastic Compute Cloud EC2,Executive Presentation & Public Speaking Masterclass (Toastmasters / Internal Workshop); Continuous Professional Learning & Rapid Skill Acquisition Frameworks; AWS Compute Architecture: Scalable EC2 Fleet Management & Auto-Scaling
1507,Sales Executive,LOW,Speaking; Adobe Acrobat,"Executive Presentation & Public Speaking Masterclass (Toastmasters / Internal Workshop); Adobe Acrobat Pro: Digital Signatures, Forms & Secure Document Workflows"
1509,Laboratory Technician,MEDIUM,Active Listening; Critical Thinking; Speaking,Empathetic Leadership & Active Listening for Cross-Functional Collaboration; Strategic Problem Solving & Root Cause Decision Analysis Seminar; Executive Presentation & Public Speaking Masterclass (Toastmasters / Internal Workshop)
1513,Laboratory Technician,MEDIUM,Reading Comprehension; Microsoft Excel; Microsoft Office software,"Technical & Regulatory Documentation Analysis Workshop; Advanced Excel: Dynamic Arrays, Power Query & Business Financial Modeling; Enterprise Microsoft 365 Productivity & Workflow Automation Bootcamp"
1514,Manufacturing Director,LOW,Critical Thinking,Strategic Problem Solving & Root Cause Decision Analysis Seminar
1515,Healthcare Representative,MEDIUM,Speaking; HubSpot software; IBM SPSS Statistics,Executive Presentation & Public Speaking Masterclass (Toastmasters / Internal Workshop); Inbound Sales & CRM Pipeline Optimization with HubSpot Sales Hub; Advanced Statistical Inference & Predictive Modeling using IBM SPSS
1522,Research Scientist,LOW,None,None - No skill gaps identified
1523,Research Director,LOW,Reading Comprehension; Active Listening; IBM SPSS Statistics,Technical & Regulatory Documentation Analysis Workshop; Empathetic Leadership & Active Listening for Cross-Functional Collaboration; Advanced Statistical Inference & Predictive Modeling using IBM SPSS
1525,Manufacturing Director,MEDIUM,Speaking; Reading Comprehension; Active Listening,Executive Presentation & Public Speaking Masterclass (Toastmasters / Internal Workshop); Technical & Regulatory Documentation Analysis Workshop; Empathetic Leadership & Active Listening for Cross-Functional Collaboration
1529,Healthcare Representative,LOW,None,None - No skill gaps identified
1533,Laboratory Technician,MEDIUM,Speaking; Google Docs; Microsoft Excel,"Executive Presentation & Public Speaking Masterclass (Toastmasters / Internal Workshop); Google Workspace Collaboration: Document Co-Authoring & Cloud Governance; Advanced Excel: Dynamic Arrays, Power Query & Business Financial Modeling"
1534,Laboratory Technician,LOW,Reading Comprehension; Active Listening; Critical Thinking,Technical & Regulatory Documentation Analysis Workshop; Empathetic Leadership & Active Listening for Cross-Functional Collaboration; Strategic Problem Solving & Root Cause Decision Analysis Seminar
1535,Sales Executive,LOW,None,None - No skill gaps identified
1537,Research Scientist,MEDIUM,Reading Comprehension; Active Listening; Speaking,Technical & Regulatory Documentation Analysis Workshop; Empathetic Leadership & Active Listening for Cross-Functional Collaboration; Executive Presentation & Public Speaking Masterclass (Toastmasters / Internal Workshop)
1539,Research Director,LOW,Microsoft Access,Relational Database Design & SQL Querying with Microsoft Access
1541,Sales Representative,LOW,None,None - No skill gaps identified
1542,Laboratory Technician,MEDIUM,Critical Thinking; Google Docs; MEDITECH software,Strategic Problem Solving & Root Cause Decision Analysis Seminar; Google Workspace Collaboration: Document Co-Authoring & Cloud Governance; MEDITECH EHR Clinical Data Management & Laboratory Information Systems Track
1543,Research Scientist,LOW,Critical Thinking; Active Learning; Amazon Web Services AWS software,"Strategic Problem Solving & Root Cause Decision Analysis Seminar; Continuous Professional Learning & Rapid Skill Acquisition Frameworks; AWS Solutions Architect: Core Cloud Services, IAM & Architecture Design"
1544,Healthcare Representative,LOW,None,None - No skill gaps identified
1545,Manufacturing Director,LOW,Reading Comprehension; Active Listening; Adobe InDesign,"Technical & Regulatory Documentation Analysis Workshop; Empathetic Leadership & Active Listening for Cross-Functional Collaboration; Corporate Layout Design, Multi-Page Publishing & Pitch Decks with InDesign"
1546,Research Scientist,LOW,Critical Thinking; Active Listening; Active Learning,Strategic Problem Solving & Root Cause Decision Analysis Seminar; Empathetic Leadership & Active Listening for Cross-Functional Collaboration; Continuous Professional Learning & Rapid Skill Acquisition Frameworks
1547,Healthcare Representative,LOW,None,None - No skill gaps identified
1548,Sales Executive,LOW,None,None - No skill gaps identified
1549,Laboratory Technician,LOW,Reading Comprehension,Technical & Regulatory Documentation Analysis Workshop
1551,Laboratory Technician,MEDIUM,Critical Thinking; Science; Google Docs,"Strategic Problem Solving & Root Cause Decision Analysis Seminar; Scientific Methodology, Evidence-Based Rigor & Laboratory Standards Training; Google Workspace Collaboration: Document Co-Authoring & Cloud Governance"
1552,Healthcare Representative,MEDIUM,Active Listening; Active Learning; Microsoft Excel,"Empathetic Leadership & Active Listening for Cross-Functional Collaboration; Continuous Professional Learning & Rapid Skill Acquisition Frameworks; Advanced Excel: Dynamic Arrays, Power Query & Business Financial Modeling"
1553,Healthcare Representative,LOW,None,None - No skill gaps identified
1554,Sales Representative,LOW,None,None - No skill gaps identified
1555,Research Scientist,LOW,Amazon Elastic Compute Cloud EC2; Amazon Redshift,AWS Compute Architecture: Scalable EC2 Fleet Management & Auto-Scaling; Cloud Data Warehousing & High-Performance SQL Analytics with Amazon Redshift
1556,Sales Representative,MEDIUM,Active Listening; Writing; Apple macOS,"Empathetic Leadership & Active Listening for Cross-Functional Collaboration; Business & Technical Writing: Structuring Executive Summaries & Proposals; macOS for Enterprise: Advanced Terminal, Security & Productivity Tooling"
1557,Sales Executive,LOW,None,None - No skill gaps identified
1558,Research Scientist,MEDIUM,Critical Thinking; Speaking; Active Learning,Strategic Problem Solving & Root Cause Decision Analysis Seminar; Executive Presentation & Public Speaking Masterclass (Toastmasters / Internal Workshop); Continuous Professional Learning & Rapid Skill Acquisition Frameworks
1560,Sales Executive,MEDIUM,Speaking; Reading Comprehension; Adobe Creative Cloud software,Executive Presentation & Public Speaking Masterclass (Toastmasters / Internal Workshop); Technical & Regulatory Documentation Analysis Workshop; Adobe Creative Cloud Bootcamp: Multi-App Visual Design & Asset Management
1562,Sales Executive,LOW,None,None - No skill gaps identified
1563,Human Resources,LOW,Adobe Acrobat; Adobe Illustrator; Adobe InDesign,"Adobe Acrobat Pro: Digital Signatures, Forms & Secure Document Workflows; Vector Graphics, Infographics & Brand Asset Design in Adobe Illustrator; Corporate Layout Design, Multi-Page Publishing & Pitch Decks with InDesign"
1564,Laboratory Technician,LOW,Reading Comprehension; Science; Microsoft Office software,"Technical & Regulatory Documentation Analysis Workshop; Scientific Methodology, Evidence-Based Rigor & Laboratory Standards Training; Enterprise Microsoft 365 Productivity & Workflow Automation Bootcamp"
1568,Sales Executive,MEDIUM,Active Listening; Speaking; Reading Comprehension,Empathetic Leadership & Active Listening for Cross-Functional Collaboration; Executive Presentation & Public Speaking Masterclass (Toastmasters / Internal Workshop); Technical & Regulatory Documentation Analysis Workshop
1569,Laboratory Technician,MEDIUM,Critical Thinking; Science; Google Docs,"Strategic Problem Solving & Root Cause Decision Analysis Seminar; Scientific Methodology, Evidence-Based Rigor & Laboratory Standards Training; Google Workspace Collaboration: Document Co-Authoring & Cloud Governance"
1572,Manufacturing Director,LOW,None,None - No skill gaps identified
1573,Manufacturing Director,MEDIUM,Reading Comprehension; Adobe Acrobat; Adobe After Effects,"Technical & Regulatory Documentation Analysis Workshop; Adobe Acrobat Pro: Digital Signatures, Forms & Secure Document Workflows; Motion Graphics, Video Storytelling & Product Animation with After Effects"
1574,Research Scientist,MEDIUM,Critical Thinking; Reading Comprehension; Speaking,Strategic Problem Solving & Root Cause Decision Analysis Seminar; Technical & Regulatory Documentation Analysis Workshop; Executive Presentation & Public Speaking Masterclass (Toastmasters / Internal Workshop)
1576,Research Scientist,LOW,Critical Thinking; Active Listening,Strategic Problem Solving & Root Cause Decision Analysis Seminar; Empathetic Leadership & Active Listening for Cross-Functional Collaboration
1577,Research Scientist,LOW,Critical Thinking; Active Listening; Amazon Web Services AWS software,"Strategic Problem Solving & Root Cause Decision Analysis Seminar; Empathetic Leadership & Active Listening for Cross-Functional Collaboration; AWS Solutions Architect: Core Cloud Services, IAM & Architecture Design"
1580,Research Scientist,MEDIUM,Critical Thinking; Reading Comprehension; Speaking,Strategic Problem Solving & Root Cause Decision Analysis Seminar; Technical & Regulatory Documentation Analysis Workshop; Executive Presentation & Public Speaking Masterclass (Toastmasters / Internal Workshop)
1581,Research Scientist,LOW,Speaking; Active Learning; Amazon Redshift,Executive Presentation & Public Speaking Masterclass (Toastmasters / Internal Workshop); Continuous Professional Learning & Rapid Skill Acquisition Frameworks; Cloud Data Warehousing & High-Performance SQL Analytics with Amazon Redshift
1582,Sales Executive,LOW,None,None - No skill gaps identified
1583,Sales Executive,MEDIUM,Active Listening; Speaking; Reading Comprehension,Empathetic Leadership & Active Listening for Cross-Functional Collaboration; Executive Presentation & Public Speaking Masterclass (Toastmasters / Internal Workshop); Technical & Regulatory Documentation Analysis Workshop
1585,Sales Executive,MEDIUM,Speaking; Monitoring; Eclipse IDE,Executive Presentation & Public Speaking Masterclass (Toastmasters / Internal Workshop); Operational Process Auditing & KPI Performance Monitoring Protocols; Java & Multi-Language Software Development with Eclipse IDE & Git Plugins
1586,Laboratory Technician,LOW,Microsoft Excel,"Advanced Excel: Dynamic Arrays, Power Query & Business Financial Modeling"
1587,Healthcare Representative,LOW,Active Listening,Empathetic Leadership & Active Listening for Cross-Functional Collaboration
1588,Sales Executive,LOW,Monitoring,Operational Process Auditing & KPI Performance Monitoring Protocols
1590,Healthcare Representative,MEDIUM,Active Listening; Speaking; Active Learning,Empathetic Leadership & Active Listening for Cross-Functional Collaboration; Executive Presentation & Public Speaking Masterclass (Toastmasters / Internal Workshop); Continuous Professional Learning & Rapid Skill Acquisition Frameworks
1592,Research Scientist,MEDIUM,Active Listening; Active Learning; Amazon DynamoDB,Empathetic Leadership & Active Listening for Cross-Functional Collaboration; Continuous Professional Learning & Rapid Skill Acquisition Frameworks; NoSQL Database Architecture with AWS DynamoDB: Modeling & Scalability
1594,Laboratory Technician,LOW,Critical Thinking; Science,"Strategic Problem Solving & Root Cause Decision Analysis Seminar; Scientific Methodology, Evidence-Based Rigor & Laboratory Standards Training"
1596,Laboratory Technician,LOW,Speaking; Microsoft Outlook,"Executive Presentation & Public Speaking Masterclass (Toastmasters / Internal Workshop); Time Management, Calendar Optimization & Executive Email Triage in Outlook"
1597,Healthcare Representative,LOW,Speaking; Writing,Executive Presentation & Public Speaking Masterclass (Toastmasters / Internal Workshop); Business & Technical Writing: Structuring Executive Summaries & Proposals
1598,Sales Executive,LOW,Reading Comprehension; Critical Thinking; Eclipse IDE,Technical & Regulatory Documentation Analysis Workshop; Strategic Problem Solving & Root Cause Decision Analysis Seminar; Java & Multi-Language Software Development with Eclipse IDE & Git Plugins
1599,Laboratory Technician,LOW,Active Listening; Critical Thinking; Science,"Empathetic Leadership & Active Listening for Cross-Functional Collaboration; Strategic Problem Solving & Root Cause Decision Analysis Seminar; Scientific Methodology, Evidence-Based Rigor & Laboratory Standards Training"
1601,Laboratory Technician,MEDIUM,Active Listening; Critical Thinking; Google Docs,Empathetic Leadership & Active Listening for Cross-Functional Collaboration; Strategic Problem Solving & Root Cause Decision Analysis Seminar; Google Workspace Collaboration: Document Co-Authoring & Cloud Governance
1604,Laboratory Technician,LOW,Science; MEDITECH software; Microsoft Excel,"Scientific Methodology, Evidence-Based Rigor & Laboratory Standards Training; MEDITECH EHR Clinical Data Management & Laboratory Information Systems Track; Advanced Excel: Dynamic Arrays, Power Query & Business Financial Modeling"
1605,Research Scientist,LOW,Active Listening; Active Learning; Amazon Web Services AWS CloudFormation,Empathetic Leadership & Active Listening for Cross-Functional Collaboration; Continuous Professional Learning & Rapid Skill Acquisition Frameworks; AWS Infrastructure as Code: CloudFormation & CDK Automated Deployments
1606,Healthcare Representative,LOW,None,None - No skill gaps identified
1607,Research Scientist,MEDIUM,Reading Comprehension; Active Listening; Amazon DynamoDB,Technical & Regulatory Documentation Analysis Workshop; Empathetic Leadership & Active Listening for Cross-Functional Collaboration; NoSQL Database Architecture with AWS DynamoDB: Modeling & Scalability
1608,Research Director,LOW,Active Listening,Empathetic Leadership & Active Listening for Cross-Functional Collaboration
1609,Research Scientist,MEDIUM,Speaking; Active Learning; Amazon Elastic Compute Cloud EC2,Executive Presentation & Public Speaking Masterclass (Toastmasters / Internal Workshop); Continuous Professional Learning & Rapid Skill Acquisition Frameworks; AWS Compute Architecture: Scalable EC2 Fleet Management & Auto-Scaling
1611,Laboratory Technician,LOW,Microsoft Outlook,"Time Management, Calendar Optimization & Executive Email Triage in Outlook"
1612,Sales Executive,LOW,Speaking; Eclipse IDE,Executive Presentation & Public Speaking Masterclass (Toastmasters / Internal Workshop); Java & Multi-Language Software Development with Eclipse IDE & Git Plugins
1613,Sales Executive,MEDIUM,Speaking; Monitoring; Adobe Acrobat,"Executive Presentation & Public Speaking Masterclass (Toastmasters / Internal Workshop); Operational Process Auditing & KPI Performance Monitoring Protocols; Adobe Acrobat Pro: Digital Signatures, Forms & Secure Document Workflows"
1614,Manufacturing Director,MEDIUM,Speaking; Reading Comprehension; Adobe InDesign,"Executive Presentation & Public Speaking Masterclass (Toastmasters / Internal Workshop); Technical & Regulatory Documentation Analysis Workshop; Corporate Layout Design, Multi-Page Publishing & Pitch Decks with InDesign"
1615,Manufacturing Director,LOW,None,None - No skill gaps identified
1617,Laboratory Technician,LOW,Speaking,Executive Presentation & Public Speaking Masterclass (Toastmasters / Internal Workshop)
1618,Manufacturing Director,LOW,Adobe After Effects; Adobe InDesign,"Motion Graphics, Video Storytelling & Product Animation with After Effects; Corporate Layout Design, Multi-Page Publishing & Pitch Decks with InDesign"
1619,Laboratory Technician,LOW,Speaking; Science; MEDITECH software,"Executive Presentation & Public Speaking Masterclass (Toastmasters / Internal Workshop); Scientific Methodology, Evidence-Based Rigor & Laboratory Standards Training; MEDITECH EHR Clinical Data Management & Laboratory Information Systems Track"
1621,Research Scientist,LOW,Amazon DynamoDB,NoSQL Database Architecture with AWS DynamoDB: Modeling & Scalability
1622,Manufacturing Director,MEDIUM,Speaking; Reading Comprehension; Adobe After Effects,"Executive Presentation & Public Speaking Masterclass (Toastmasters / Internal Workshop); Technical & Regulatory Documentation Analysis Workshop; Motion Graphics, Video Storytelling & Product Animation with After Effects"
1623,Research Scientist,HIGH,Critical Thinking; Reading Comprehension; Active Listening,Strategic Problem Solving & Root Cause Decision Analysis Seminar; Technical & Regulatory Documentation Analysis Workshop; Empathetic Leadership & Active Listening for Cross-Functional Collaboration
1624,Sales Representative,MEDIUM,Active Listening; Reading Comprehension; Writing,Empathetic Leadership & Active Listening for Cross-Functional Collaboration; Technical & Regulatory Documentation Analysis Workshop; Business & Technical Writing: Structuring Executive Summaries & Proposals
1627,Laboratory Technician,LOW,None,None - No skill gaps identified
1628,Manufacturing Director,LOW,Speaking,Executive Presentation & Public Speaking Masterclass (Toastmasters / Internal Workshop)
1630,Healthcare Representative,LOW,Reading Comprehension; HubSpot software,Technical & Regulatory Documentation Analysis Workshop; Inbound Sales & CRM Pipeline Optimization with HubSpot Sales Hub
1631,Manufacturing Director,LOW,Reading Comprehension; Adobe After Effects; Adobe Photoshop,"Technical & Regulatory Documentation Analysis Workshop; Motion Graphics, Video Storytelling & Product Animation with After Effects; Commercial Image Retouching & Asset Production with Adobe Photoshop"
1633,Manufacturing Director,LOW,Monitoring; Active Listening,Operational Process Auditing & KPI Performance Monitoring Protocols; Empathetic Leadership & Active Listening for Cross-Functional Collaboration
1635,Manufacturing Director,LOW,None,None - No skill gaps identified
1638,Manufacturing Director,LOW,Speaking,Executive Presentation & Public Speaking Masterclass (Toastmasters / Internal Workshop)
1639,Sales Executive,LOW,None,None - No skill gaps identified
1640,Research Scientist,LOW,None,None - No skill gaps identified
1641,Manufacturing Director,LOW,Monitoring; Active Listening; Adobe Acrobat,"Operational Process Auditing & KPI Performance Monitoring Protocols; Empathetic Leadership & Active Listening for Cross-Functional Collaboration; Adobe Acrobat Pro: Digital Signatures, Forms & Secure Document Workflows"
1642,Human Resources,LOW,None,None - No skill gaps identified
1645,Sales Executive,MEDIUM,Active Listening; Speaking; Reading Comprehension,Empathetic Leadership & Active Listening for Cross-Functional Collaboration; Executive Presentation & Public Speaking Masterclass (Toastmasters / Internal Workshop); Technical & Regulatory Documentation Analysis Workshop
1646,Research Scientist,LOW,Critical Thinking; Active Listening; Amazon Web Services AWS CloudFormation,Strategic Problem Solving & Root Cause Decision Analysis Seminar; Empathetic Leadership & Active Listening for Cross-Functional Collaboration; AWS Infrastructure as Code: CloudFormation & CDK Automated Deployments
1647,Research Scientist,MEDIUM,Reading Comprehension; Speaking; Active Learning,Technical & Regulatory Documentation Analysis Workshop; Executive Presentation & Public Speaking Masterclass (Toastmasters / Internal Workshop); Continuous Professional Learning & Rapid Skill Acquisition Frameworks
1648,Research Scientist,HIGH,Critical Thinking; Reading Comprehension; Speaking,Strategic Problem Solving & Root Cause Decision Analysis Seminar; Technical & Regulatory Documentation Analysis Workshop; Executive Presentation & Public Speaking Masterclass (Toastmasters / Internal Workshop)
1649,Laboratory Technician,MEDIUM,Critical Thinking; Science; Microsoft Excel,"Strategic Problem Solving & Root Cause Decision Analysis Seminar; Scientific Methodology, Evidence-Based Rigor & Laboratory Standards Training; Advanced Excel: Dynamic Arrays, Power Query & Business Financial Modeling"
1650,Sales Executive,LOW,Adobe Acrobat; Bentley MicroStation; Eclipse IDE,"Adobe Acrobat Pro: Digital Signatures, Forms & Secure Document Workflows; Bentley MicroStation CAD: 2D/3D Infrastructure Drafting & Asset Modeling; Java & Multi-Language Software Development with Eclipse IDE & Git Plugins"
1651,Healthcare Representative,MEDIUM,Active Listening; Reading Comprehension; Apple macOS,"Empathetic Leadership & Active Listening for Cross-Functional Collaboration; Technical & Regulatory Documentation Analysis Workshop; macOS for Enterprise: Advanced Terminal, Security & Productivity Tooling"
1653,Manufacturing Director,LOW,None,None - No skill gaps identified
1654,Manufacturing Director,LOW,Critical Thinking; Adobe Acrobat; Adobe InDesign,"Strategic Problem Solving & Root Cause Decision Analysis Seminar; Adobe Acrobat Pro: Digital Signatures, Forms & Secure Document Workflows; Corporate Layout Design, Multi-Page Publishing & Pitch Decks with InDesign"
1655,Research Director,LOW,Reading Comprehension; Monitoring; Microsoft Access,Technical & Regulatory Documentation Analysis Workshop; Operational Process Auditing & KPI Performance Monitoring Protocols; Relational Database Design & SQL Querying with Microsoft Access
1656,Research Director,LOW,None,None - No skill gaps identified
1657,Sales Representative,LOW,Active Listening; Reading Comprehension; Active Learning,Empathetic Leadership & Active Listening for Cross-Functional Collaboration; Technical & Regulatory Documentation Analysis Workshop; Continuous Professional Learning & Rapid Skill Acquisition Frameworks
1658,Research Scientist,LOW,None,None - No skill gaps identified
1659,Laboratory Technician,LOW,Speaking; Science,"Executive Presentation & Public Speaking Masterclass (Toastmasters / Internal Workshop); Scientific Methodology, Evidence-Based Rigor & Laboratory Standards Training"
1661,Healthcare Representative,LOW,None,None - No skill gaps identified
1662,Manufacturing Director,LOW,Critical Thinking; Reading Comprehension; Adobe After Effects,"Strategic Problem Solving & Root Cause Decision Analysis Seminar; Technical & Regulatory Documentation Analysis Workshop; Motion Graphics, Video Storytelling & Product Animation with After Effects"
1664,Healthcare Representative,LOW,IBM SPSS Statistics; Microsoft Office software,Advanced Statistical Inference & Predictive Modeling using IBM SPSS; Enterprise Microsoft 365 Productivity & Workflow Automation Bootcamp
1666,Research Director,LOW,None,None - No skill gaps identified
1667,Sales Executive,LOW,None,None - No skill gaps identified
1668,Research Scientist,LOW,None,None - No skill gaps identified
1669,Sales Executive,LOW,None,None - No skill gaps identified
1670,Sales Executive,LOW,Monitoring; Adobe Creative Cloud software,Operational Process Auditing & KPI Performance Monitoring Protocols; Adobe Creative Cloud Bootcamp: Multi-App Visual Design & Asset Management
1671,Research Scientist,LOW,None,None - No skill gaps identified
1673,Sales Executive,MEDIUM,Reading Comprehension; Adobe Acrobat; Bentley MicroStation,"Technical & Regulatory Documentation Analysis Workshop; Adobe Acrobat Pro: Digital Signatures, Forms & Secure Document Workflows; Bentley MicroStation CAD: 2D/3D Infrastructure Drafting & Asset Modeling"
1674,Laboratory Technician,MEDIUM,Reading Comprehension; Critical Thinking; Google Docs,Technical & Regulatory Documentation Analysis Workshop; Strategic Problem Solving & Root Cause Decision Analysis Seminar; Google Workspace Collaboration: Document Co-Authoring & Cloud Governance
1675,Laboratory Technician,MEDIUM,Speaking; Science; Google Docs,"Executive Presentation & Public Speaking Masterclass (Toastmasters / Internal Workshop); Scientific Methodology, Evidence-Based Rigor & Laboratory Standards Training; Google Workspace Collaboration: Document Co-Authoring & Cloud Governance"
1678,Sales Executive,MEDIUM,Active Listening; Speaking; Reading Comprehension,Empathetic Leadership & Active Listening for Cross-Functional Collaboration; Executive Presentation & Public Speaking Masterclass (Toastmasters / Internal Workshop); Technical & Regulatory Documentation Analysis Workshop
1680,Sales Representative,MEDIUM,Reading Comprehension; Writing; Active Learning,Technical & Regulatory Documentation Analysis Workshop; Business & Technical Writing: Structuring Executive Summaries & Proposals; Continuous Professional Learning & Rapid Skill Acquisition Frameworks
1681,Sales Executive,LOW,Active Listening; Reading Comprehension; Critical Thinking,Empathetic Leadership & Active Listening for Cross-Functional Collaboration; Technical & Regulatory Documentation Analysis Workshop; Strategic Problem Solving & Root Cause Decision Analysis Seminar
1682,Healthcare Representative,LOW,Speaking; Microsoft Office software,Executive Presentation & Public Speaking Masterclass (Toastmasters / Internal Workshop); Enterprise Microsoft 365 Productivity & Workflow Automation Bootcamp
1683,Human Resources,MEDIUM,Speaking; Writing; Critical Thinking,Executive Presentation & Public Speaking Masterclass (Toastmasters / Internal Workshop); Business & Technical Writing: Structuring Executive Summaries & Proposals; Strategic Problem Solving & Root Cause Decision Analysis Seminar
1684,Laboratory Technician,MEDIUM,Reading Comprehension; Active Listening; MEDITECH software,Technical & Regulatory Documentation Analysis Workshop; Empathetic Leadership & Active Listening for Cross-Functional Collaboration; MEDITECH EHR Clinical Data Management & Laboratory Information Systems Track
1687,Laboratory Technician,MEDIUM,Active Listening; Critical Thinking; Science,"Empathetic Leadership & Active Listening for Cross-Functional Collaboration; Strategic Problem Solving & Root Cause Decision Analysis Seminar; Scientific Methodology, Evidence-Based Rigor & Laboratory Standards Training"
1689,Healthcare Representative,MEDIUM,Active Listening; Apple macOS; HubSpot software,"Empathetic Leadership & Active Listening for Cross-Functional Collaboration; macOS for Enterprise: Advanced Terminal, Security & Productivity Tooling; Inbound Sales & CRM Pipeline Optimization with HubSpot Sales Hub"
1691,Sales Representative,LOW,None,None - No skill gaps identified
1692,Laboratory Technician,MEDIUM,Reading Comprehension; Speaking; Science,"Technical & Regulatory Documentation Analysis Workshop; Executive Presentation & Public Speaking Masterclass (Toastmasters / Internal Workshop); Scientific Methodology, Evidence-Based Rigor & Laboratory Standards Training"
1693,Laboratory Technician,LOW,Active Listening,Empathetic Leadership & Active Listening for Cross-Functional Collaboration
1694,Research Scientist,MEDIUM,Reading Comprehension; Active Learning; Amazon Elastic Compute Cloud EC2,Technical & Regulatory Documentation Analysis Workshop; Continuous Professional Learning & Rapid Skill Acquisition Frameworks; AWS Compute Architecture: Scalable EC2 Fleet Management & Auto-Scaling
1696,Laboratory Technician,LOW,None,None - No skill gaps identified
1697,Healthcare Representative,HIGH,Active Listening; Speaking; Reading Comprehension,Empathetic Leadership & Active Listening for Cross-Functional Collaboration; Executive Presentation & Public Speaking Masterclass (Toastmasters / Internal Workshop); Technical & Regulatory Documentation Analysis Workshop
1698,Laboratory Technician,LOW,Google Docs,Google Workspace Collaboration: Document Co-Authoring & Cloud Governance
1700,Sales Executive,LOW,Adobe Creative Cloud software; Facebook,"Adobe Creative Cloud Bootcamp: Multi-App Visual Design & Asset Management; B2B Social Media Marketing, Meta Business Suite & Targeted Outreach Campaigns"
1701,Research Scientist,LOW,None,None - No skill gaps identified
1702,Sales Representative,MEDIUM,Speaking; Reading Comprehension; Active Learning,Executive Presentation & Public Speaking Masterclass (Toastmasters / Internal Workshop); Technical & Regulatory Documentation Analysis Workshop; Continuous Professional Learning & Rapid Skill Acquisition Frameworks
1703,Healthcare Representative,LOW,Writing; IBM SPSS Statistics,Business & Technical Writing: Structuring Executive Summaries & Proposals; Advanced Statistical Inference & Predictive Modeling using IBM SPSS
1704,Research Scientist,LOW,Critical Thinking; Amazon Redshift,Strategic Problem Solving & Root Cause Decision Analysis Seminar; Cloud Data Warehousing & High-Performance SQL Analytics with Amazon Redshift
1706,Sales Executive,LOW,None,None - No skill gaps identified
1707,Research Scientist,MEDIUM,Reading Comprehension; Active Listening; Speaking,Technical & Regulatory Documentation Analysis Workshop; Empathetic Leadership & Active Listening for Cross-Functional Collaboration; Executive Presentation & Public Speaking Masterclass (Toastmasters / Internal Workshop)
1708,Sales Executive,LOW,None,None - No skill gaps identified
1709,Laboratory Technician,LOW,Microsoft Office software; Microsoft Outlook,"Enterprise Microsoft 365 Productivity & Workflow Automation Bootcamp; Time Management, Calendar Optimization & Executive Email Triage in Outlook"
1710,Sales Representative,LOW,Reading Comprehension,Technical & Regulatory Documentation Analysis Workshop
1712,Healthcare Representative,LOW,None,None - No skill gaps identified
1714,Human Resources,LOW,Active Listening; Adobe Creative Cloud software; Adobe InDesign,"Empathetic Leadership & Active Listening for Cross-Functional Collaboration; Adobe Creative Cloud Bootcamp: Multi-App Visual Design & Asset Management; Corporate Layout Design, Multi-Page Publishing & Pitch Decks with InDesign"
1716,Sales Executive,LOW,Critical Thinking,Strategic Problem Solving & Root Cause Decision Analysis Seminar
1718,Laboratory Technician,LOW,Reading Comprehension; Science; Microsoft Office software,"Technical & Regulatory Documentation Analysis Workshop; Scientific Methodology, Evidence-Based Rigor & Laboratory Standards Training; Enterprise Microsoft 365 Productivity & Workflow Automation Bootcamp"
1719,Research Director,LOW,None,None - No skill gaps identified
1720,Research Scientist,MEDIUM,Speaking; Amazon DynamoDB; Amazon Elastic Compute Cloud EC2,Executive Presentation & Public Speaking Masterclass (Toastmasters / Internal Workshop); NoSQL Database Architecture with AWS DynamoDB: Modeling & Scalability; AWS Compute Architecture: Scalable EC2 Fleet Management & Auto-Scaling
1721,Laboratory Technician,LOW,Science; Microsoft Excel; Microsoft Office software,"Scientific Methodology, Evidence-Based Rigor & Laboratory Standards Training; Advanced Excel: Dynamic Arrays, Power Query & Business Financial Modeling; Enterprise Microsoft 365 Productivity & Workflow Automation Bootcamp"
1722,Human Resources,MEDIUM,Speaking; Active Listening; Adobe Acrobat,"Executive Presentation & Public Speaking Masterclass (Toastmasters / Internal Workshop); Empathetic Leadership & Active Listening for Cross-Functional Collaboration; Adobe Acrobat Pro: Digital Signatures, Forms & Secure Document Workflows"
1724,Manufacturing Director,MEDIUM,Critical Thinking; Monitoring; Active Listening,Strategic Problem Solving & Root Cause Decision Analysis Seminar; Operational Process Auditing & KPI Performance Monitoring Protocols; Empathetic Leadership & Active Listening for Cross-Functional Collaboration
1725,Laboratory Technician,LOW,Active Listening; Microsoft Excel; Microsoft Office software,"Empathetic Leadership & Active Listening for Cross-Functional Collaboration; Advanced Excel: Dynamic Arrays, Power Query & Business Financial Modeling; Enterprise Microsoft 365 Productivity & Workflow Automation Bootcamp"
1727,Healthcare Representative,LOW,None,None - No skill gaps identified
1728,Manufacturing Director,LOW,Monitoring; Active Listening,Operational Process Auditing & KPI Performance Monitoring Protocols; Empathetic Leadership & Active Listening for Cross-Functional Collaboration
1729,Research Scientist,LOW,Amazon Elastic Compute Cloud EC2,AWS Compute Architecture: Scalable EC2 Fleet Management & Auto-Scaling
1731,Sales Executive,MEDIUM,Active Listening; Reading Comprehension; Critical Thinking,Empathetic Leadership & Active Listening for Cross-Functional Collaboration; Technical & Regulatory Documentation Analysis Workshop; Strategic Problem Solving & Root Cause Decision Analysis Seminar
1732,Sales Executive,LOW,Reading Comprehension,Technical & Regulatory Documentation Analysis Workshop
1733,Sales Executive,LOW,Adobe Acrobat; Adobe Creative Cloud software; Facebook,"Adobe Acrobat Pro: Digital Signatures, Forms & Secure Document Workflows; Adobe Creative Cloud Bootcamp: Multi-App Visual Design & Asset Management; B2B Social Media Marketing, Meta Business Suite & Targeted Outreach Campaigns"
1734,Sales Executive,MEDIUM,Speaking; Monitoring; Adobe Creative Cloud software,Executive Presentation & Public Speaking Masterclass (Toastmasters / Internal Workshop); Operational Process Auditing & KPI Performance Monitoring Protocols; Adobe Creative Cloud Bootcamp: Multi-App Visual Design & Asset Management
1735,Laboratory Technician,MEDIUM,Critical Thinking; Science; Microsoft Excel,"Strategic Problem Solving & Root Cause Decision Analysis Seminar; Scientific Methodology, Evidence-Based Rigor & Laboratory Standards Training; Advanced Excel: Dynamic Arrays, Power Query & Business Financial Modeling"
1736,Manufacturing Director,MEDIUM,Monitoring; Active Listening; Adobe InDesign,"Operational Process Auditing & KPI Performance Monitoring Protocols; Empathetic Leadership & Active Listening for Cross-Functional Collaboration; Corporate Layout Design, Multi-Page Publishing & Pitch Decks with InDesign"
1737,Laboratory Technician,LOW,None,None - No skill gaps identified
1739,Sales Executive,LOW,Active Listening; Critical Thinking; Facebook,"Empathetic Leadership & Active Listening for Cross-Functional Collaboration; Strategic Problem Solving & Root Cause Decision Analysis Seminar; B2B Social Media Marketing, Meta Business Suite & Targeted Outreach Campaigns"
1744,Human Resources,MEDIUM,Reading Comprehension; Active Listening; Adobe Acrobat,"Technical & Regulatory Documentation Analysis Workshop; Empathetic Leadership & Active Listening for Cross-Functional Collaboration; Adobe Acrobat Pro: Digital Signatures, Forms & Secure Document Workflows"
1745,Research Scientist,LOW,Active Listening; Amazon Web Services AWS software,"Empathetic Leadership & Active Listening for Cross-Functional Collaboration; AWS Solutions Architect: Core Cloud Services, IAM & Architecture Design"
1746,Human Resources,MEDIUM,Speaking; Critical Thinking; Adobe Acrobat,"Executive Presentation & Public Speaking Masterclass (Toastmasters / Internal Workshop); Strategic Problem Solving & Root Cause Decision Analysis Seminar; Adobe Acrobat Pro: Digital Signatures, Forms & Secure Document Workflows"
1747,Human Resources,HIGH,Speaking; Active Listening; Adobe Acrobat,"Executive Presentation & Public Speaking Masterclass (Toastmasters / Internal Workshop); Empathetic Leadership & Active Listening for Cross-Functional Collaboration; Adobe Acrobat Pro: Digital Signatures, Forms & Secure Document Workflows"
1749,Sales Executive,MEDIUM,Active Listening; Reading Comprehension; Bentley MicroStation,Empathetic Leadership & Active Listening for Cross-Functional Collaboration; Technical & Regulatory Documentation Analysis Workshop; Bentley MicroStation CAD: 2D/3D Infrastructure Drafting & Asset Modeling
1751,Research Scientist,LOW,Amazon Elastic Compute Cloud EC2,AWS Compute Architecture: Scalable EC2 Fleet Management & Auto-Scaling
1752,Sales Representative,LOW,Reading Comprehension; Active Learning; Microsoft Office software,Technical & Regulatory Documentation Analysis Workshop; Continuous Professional Learning & Rapid Skill Acquisition Frameworks; Enterprise Microsoft 365 Productivity & Workflow Automation Bootcamp
1753,Healthcare Representative,LOW,Active Learning; IBM SPSS Statistics; Microsoft Office software,Continuous Professional Learning & Rapid Skill Acquisition Frameworks; Advanced Statistical Inference & Predictive Modeling using IBM SPSS; Enterprise Microsoft 365 Productivity & Workflow Automation Bootcamp
1754,Sales Executive,LOW,Reading Comprehension; Eclipse IDE,Technical & Regulatory Documentation Analysis Workshop; Java & Multi-Language Software Development with Eclipse IDE & Git Plugins
1755,Research Scientist,LOW,Reading Comprehension; Active Learning; Amazon DynamoDB,Technical & Regulatory Documentation Analysis Workshop; Continuous Professional Learning & Rapid Skill Acquisition Frameworks; NoSQL Database Architecture with AWS DynamoDB: Modeling & Scalability
1756,Sales Executive,LOW,None,None - No skill gaps identified
1757,Sales Executive,MEDIUM,Active Listening; Critical Thinking; Adobe Acrobat,"Empathetic Leadership & Active Listening for Cross-Functional Collaboration; Strategic Problem Solving & Root Cause Decision Analysis Seminar; Adobe Acrobat Pro: Digital Signatures, Forms & Secure Document Workflows"
1758,Sales Executive,MEDIUM,Active Listening; Adobe Creative Cloud software; Bentley MicroStation,Empathetic Leadership & Active Listening for Cross-Functional Collaboration; Adobe Creative Cloud Bootcamp: Multi-App Visual Design & Asset Management; Bentley MicroStation CAD: 2D/3D Infrastructure Drafting & Asset Modeling
1760,Laboratory Technician,LOW,Reading Comprehension; Active Listening; Speaking,Technical & Regulatory Documentation Analysis Workshop; Empathetic Leadership & Active Listening for Cross-Functional Collaboration; Executive Presentation & Public Speaking Masterclass (Toastmasters / Internal Workshop)
1761,Sales Executive,MEDIUM,Active Listening; Speaking; Critical Thinking,Empathetic Leadership & Active Listening for Cross-Functional Collaboration; Executive Presentation & Public Speaking Masterclass (Toastmasters / Internal Workshop); Strategic Problem Solving & Root Cause Decision Analysis Seminar
1762,Research Scientist,MEDIUM,Reading Comprehension; Active Learning; Amazon DynamoDB,Technical & Regulatory Documentation Analysis Workshop; Continuous Professional Learning & Rapid Skill Acquisition Frameworks; NoSQL Database Architecture with AWS DynamoDB: Modeling & Scalability
1763,Healthcare Representative,LOW,Active Listening; Speaking; IBM SPSS Statistics,Empathetic Leadership & Active Listening for Cross-Functional Collaboration; Executive Presentation & Public Speaking Masterclass (Toastmasters / Internal Workshop); Advanced Statistical Inference & Predictive Modeling using IBM SPSS
1764,Research Scientist,LOW,Speaking,Executive Presentation & Public Speaking Masterclass (Toastmasters / Internal Workshop)
1766,Healthcare Representative,MEDIUM,Reading Comprehension; Active Learning; Apple macOS,"Technical & Regulatory Documentation Analysis Workshop; Continuous Professional Learning & Rapid Skill Acquisition Frameworks; macOS for Enterprise: Advanced Terminal, Security & Productivity Tooling"
1767,Research Scientist,MEDIUM,Reading Comprehension; Active Listening; Speaking,Technical & Regulatory Documentation Analysis Workshop; Empathetic Leadership & Active Listening for Cross-Functional Collaboration; Executive Presentation & Public Speaking Masterclass (Toastmasters / Internal Workshop)
1768,Laboratory Technician,LOW,MEDITECH software; Microsoft Excel,"MEDITECH EHR Clinical Data Management & Laboratory Information Systems Track; Advanced Excel: Dynamic Arrays, Power Query & Business Financial Modeling"
1770,Research Director,LOW,Science; Active Listening; ESRI ArcGIS software,"Scientific Methodology, Evidence-Based Rigor & Laboratory Standards Training; Empathetic Leadership & Active Listening for Cross-Functional Collaboration; Spatial Data Analytics & Geospatial Mapping with ESRI ArcGIS Pro"
1771,Research Scientist,LOW,Reading Comprehension,Technical & Regulatory Documentation Analysis Workshop
1772,Laboratory Technician,LOW,Reading Comprehension; Google Docs; Microsoft Office software,Technical & Regulatory Documentation Analysis Workshop; Google Workspace Collaboration: Document Co-Authoring & Cloud Governance; Enterprise Microsoft 365 Productivity & Workflow Automation Bootcamp
1774,Sales Executive,LOW,Critical Thinking,Strategic Problem Solving & Root Cause Decision Analysis Seminar
1775,Manufacturing Director,MEDIUM,Speaking; Monitoring; Adobe After Effects,"Executive Presentation & Public Speaking Masterclass (Toastmasters / Internal Workshop); Operational Process Auditing & KPI Performance Monitoring Protocols; Motion Graphics, Video Storytelling & Product Animation with After Effects"
1778,Human Resources,LOW,None,None - No skill gaps identified
1779,Sales Executive,LOW,Monitoring; Eclipse IDE; Facebook,"Operational Process Auditing & KPI Performance Monitoring Protocols; Java & Multi-Language Software Development with Eclipse IDE & Git Plugins; B2B Social Media Marketing, Meta Business Suite & Targeted Outreach Campaigns"
1780,Sales Representative,HIGH,Speaking; Reading Comprehension; Writing,Executive Presentation & Public Speaking Masterclass (Toastmasters / Internal Workshop); Technical & Regulatory Documentation Analysis Workshop; Business & Technical Writing: Structuring Executive Summaries & Proposals
1782,Laboratory Technician,LOW,Reading Comprehension; Critical Thinking; Google Docs,Technical & Regulatory Documentation Analysis Workshop; Strategic Problem Solving & Root Cause Decision Analysis Seminar; Google Workspace Collaboration: Document Co-Authoring & Cloud Governance
1783,Laboratory Technician,LOW,Speaking; Science; MEDITECH software,"Executive Presentation & Public Speaking Masterclass (Toastmasters / Internal Workshop); Scientific Methodology, Evidence-Based Rigor & Laboratory Standards Training; MEDITECH EHR Clinical Data Management & Laboratory Information Systems Track"
1784,Sales Executive,LOW,Active Listening,Empathetic Leadership & Active Listening for Cross-Functional Collaboration
1787,Sales Executive,MEDIUM,Active Listening; Speaking; Critical Thinking,Empathetic Leadership & Active Listening for Cross-Functional Collaboration; Executive Presentation & Public Speaking Masterclass (Toastmasters / Internal Workshop); Strategic Problem Solving & Root Cause Decision Analysis Seminar
1789,Research Director,MEDIUM,Reading Comprehension; Active Listening; Critical Thinking,Technical & Regulatory Documentation Analysis Workshop; Empathetic Leadership & Active Listening for Cross-Functional Collaboration; Strategic Problem Solving & Root Cause Decision Analysis Seminar
1790,Healthcare Representative,LOW,Active Learning; Microsoft Office software,Continuous Professional Learning & Rapid Skill Acquisition Frameworks; Enterprise Microsoft 365 Productivity & Workflow Automation Bootcamp
1792,Research Scientist,MEDIUM,Reading Comprehension; Active Listening; Speaking,Technical & Regulatory Documentation Analysis Workshop; Empathetic Leadership & Active Listening for Cross-Functional Collaboration; Executive Presentation & Public Speaking Masterclass (Toastmasters / Internal Workshop)
1794,Human Resources,LOW,None,None - No skill gaps identified
1797,Sales Executive,LOW,Active Listening; Adobe Acrobat,"Empathetic Leadership & Active Listening for Cross-Functional Collaboration; Adobe Acrobat Pro: Digital Signatures, Forms & Secure Document Workflows"
1798,Research Scientist,LOW,None,None - No skill gaps identified
1799,Research Scientist,LOW,Amazon Redshift,Cloud Data Warehousing & High-Performance SQL Analytics with Amazon Redshift
1800,Research Director,MEDIUM,Reading Comprehension; Active Listening; Monitoring,Technical & Regulatory Documentation Analysis Workshop; Empathetic Leadership & Active Listening for Cross-Functional Collaboration; Operational Process Auditing & KPI Performance Monitoring Protocols
1801,Sales Executive,HIGH,Active Listening; Speaking; Critical Thinking,Empathetic Leadership & Active Listening for Cross-Functional Collaboration; Executive Presentation & Public Speaking Masterclass (Toastmasters / Internal Workshop); Strategic Problem Solving & Root Cause Decision Analysis Seminar
1802,Laboratory Technician,LOW,Reading Comprehension; Speaking; Google Docs,Technical & Regulatory Documentation Analysis Workshop; Executive Presentation & Public Speaking Masterclass (Toastmasters / Internal Workshop); Google Workspace Collaboration: Document Co-Authoring & Cloud Governance
1803,Healthcare Representative,MEDIUM,Active Listening; Speaking; HubSpot software,Empathetic Leadership & Active Listening for Cross-Functional Collaboration; Executive Presentation & Public Speaking Masterclass (Toastmasters / Internal Workshop); Inbound Sales & CRM Pipeline Optimization with HubSpot Sales Hub
1804,Manufacturing Director,LOW,None,None - No skill gaps identified
1805,Human Resources,LOW,Speaking; Adobe Illustrator,"Executive Presentation & Public Speaking Masterclass (Toastmasters / Internal Workshop); Vector Graphics, Infographics & Brand Asset Design in Adobe Illustrator"
1807,Laboratory Technician,LOW,Reading Comprehension; Active Listening; MEDITECH software,Technical & Regulatory Documentation Analysis Workshop; Empathetic Leadership & Active Listening for Cross-Functional Collaboration; MEDITECH EHR Clinical Data Management & Laboratory Information Systems Track
1809,Manufacturing Director,LOW,None,None - No skill gaps identified
1812,Sales Executive,LOW,Eclipse IDE; Facebook,"Java & Multi-Language Software Development with Eclipse IDE & Git Plugins; B2B Social Media Marketing, Meta Business Suite & Targeted Outreach Campaigns"
1813,Research Scientist,MEDIUM,Active Listening; Active Learning; Amazon Elastic Compute Cloud EC2,Empathetic Leadership & Active Listening for Cross-Functional Collaboration; Continuous Professional Learning & Rapid Skill Acquisition Frameworks; AWS Compute Architecture: Scalable EC2 Fleet Management & Auto-Scaling
1814,Healthcare Representative,MEDIUM,Active Listening; Writing; Apple macOS,"Empathetic Leadership & Active Listening for Cross-Functional Collaboration; Business & Technical Writing: Structuring Executive Summaries & Proposals; macOS for Enterprise: Advanced Terminal, Security & Productivity Tooling"
1815,Sales Executive,LOW,Active Listening,Empathetic Leadership & Active Listening for Cross-Functional Collaboration
1816,Manufacturing Director,LOW,Monitoring; Reading Comprehension,Operational Process Auditing & KPI Performance Monitoring Protocols; Technical & Regulatory Documentation Analysis Workshop
1818,Human Resources,LOW,Active Listening; Critical Thinking; Adobe Illustrator,"Empathetic Leadership & Active Listening for Cross-Functional Collaboration; Strategic Problem Solving & Root Cause Decision Analysis Seminar; Vector Graphics, Infographics & Brand Asset Design in Adobe Illustrator"
1821,Healthcare Representative,LOW,IBM SPSS Statistics,Advanced Statistical Inference & Predictive Modeling using IBM SPSS
1822,Healthcare Representative,LOW,Writing; Active Learning; HubSpot software,Business & Technical Writing: Structuring Executive Summaries & Proposals; Continuous Professional Learning & Rapid Skill Acquisition Frameworks; Inbound Sales & CRM Pipeline Optimization with HubSpot Sales Hub
1823,Sales Executive,LOW,Active Listening; Bentley MicroStation,Empathetic Leadership & Active Listening for Cross-Functional Collaboration; Bentley MicroStation CAD: 2D/3D Infrastructure Drafting & Asset Modeling
1826,Laboratory Technician,LOW,Speaking; Google Docs; Microsoft Outlook,"Executive Presentation & Public Speaking Masterclass (Toastmasters / Internal Workshop); Google Workspace Collaboration: Document Co-Authoring & Cloud Governance; Time Management, Calendar Optimization & Executive Email Triage in Outlook"
1827,Manufacturing Director,LOW,None,None - No skill gaps identified
1829,Healthcare Representative,LOW,Writing; IBM SPSS Statistics,Business & Technical Writing: Structuring Executive Summaries & Proposals; Advanced Statistical Inference & Predictive Modeling using IBM SPSS
1830,Research Scientist,MEDIUM,Active Listening; Speaking; Amazon DynamoDB,Empathetic Leadership & Active Listening for Cross-Functional Collaboration; Executive Presentation & Public Speaking Masterclass (Toastmasters / Internal Workshop); NoSQL Database Architecture with AWS DynamoDB: Modeling & Scalability
1833,Sales Executive,MEDIUM,Speaking; Critical Thinking; Monitoring,Executive Presentation & Public Speaking Masterclass (Toastmasters / Internal Workshop); Strategic Problem Solving & Root Cause Decision Analysis Seminar; Operational Process Auditing & KPI Performance Monitoring Protocols
1834,Research Scientist,MEDIUM,Speaking; Amazon DynamoDB; Amazon Redshift,Executive Presentation & Public Speaking Masterclass (Toastmasters / Internal Workshop); NoSQL Database Architecture with AWS DynamoDB: Modeling & Scalability; Cloud Data Warehousing & High-Performance SQL Analytics with Amazon Redshift
1835,Sales Representative,LOW,HubSpot software; Microsoft Office software,Inbound Sales & CRM Pipeline Optimization with HubSpot Sales Hub; Enterprise Microsoft 365 Productivity & Workflow Automation Bootcamp
1836,Sales Executive,LOW,Speaking,Executive Presentation & Public Speaking Masterclass (Toastmasters / Internal Workshop)
1837,Research Director,LOW,Critical Thinking; Monitoring,Strategic Problem Solving & Root Cause Decision Analysis Seminar; Operational Process Auditing & KPI Performance Monitoring Protocols
1839,Research Scientist,MEDIUM,Reading Comprehension; Active Listening; Amazon DynamoDB,Technical & Regulatory Documentation Analysis Workshop; Empathetic Leadership & Active Listening for Cross-Functional Collaboration; NoSQL Database Architecture with AWS DynamoDB: Modeling & Scalability
1842,Human Resources,MEDIUM,Reading Comprehension; Writing; Critical Thinking,Technical & Regulatory Documentation Analysis Workshop; Business & Technical Writing: Structuring Executive Summaries & Proposals; Strategic Problem Solving & Root Cause Decision Analysis Seminar
1844,Human Resources,MEDIUM,Reading Comprehension; Adobe Acrobat; Adobe Creative Cloud software,"Technical & Regulatory Documentation Analysis Workshop; Adobe Acrobat Pro: Digital Signatures, Forms & Secure Document Workflows; Adobe Creative Cloud Bootcamp: Multi-App Visual Design & Asset Management"
1845,Sales Executive,LOW,Reading Comprehension,Technical & Regulatory Documentation Analysis Workshop
1847,Research Scientist,MEDIUM,Reading Comprehension; Speaking; Amazon Elastic Compute Cloud EC2,Technical & Regulatory Documentation Analysis Workshop; Executive Presentation & Public Speaking Masterclass (Toastmasters / Internal Workshop); AWS Compute Architecture: Scalable EC2 Fleet Management & Auto-Scaling
1849,Sales Executive,LOW,Reading Comprehension; Critical Thinking,Technical & Regulatory Documentation Analysis Workshop; Strategic Problem Solving & Root Cause Decision Analysis Seminar
1850,Laboratory Technician,LOW,Science,"Scientific Methodology, Evidence-Based Rigor & Laboratory Standards Training"
1852,Laboratory Technician,LOW,Active Listening; Google Docs; Microsoft Outlook,"Empathetic Leadership & Active Listening for Cross-Functional Collaboration; Google Workspace Collaboration: Document Co-Authoring & Cloud Governance; Time Management, Calendar Optimization & Executive Email Triage in Outlook"
1853,Sales Executive,LOW,Reading Comprehension; Critical Thinking; Facebook,"Technical & Regulatory Documentation Analysis Workshop; Strategic Problem Solving & Root Cause Decision Analysis Seminar; B2B Social Media Marketing, Meta Business Suite & Targeted Outreach Campaigns"
1854,Research Scientist,MEDIUM,Critical Thinking; Reading Comprehension; Active Listening,Strategic Problem Solving & Root Cause Decision Analysis Seminar; Technical & Regulatory Documentation Analysis Workshop; Empathetic Leadership & Active Listening for Cross-Functional Collaboration
1856,Laboratory Technician,MEDIUM,Reading Comprehension; Critical Thinking; Science,"Technical & Regulatory Documentation Analysis Workshop; Strategic Problem Solving & Root Cause Decision Analysis Seminar; Scientific Methodology, Evidence-Based Rigor & Laboratory Standards Training"
1857,Manufacturing Director,LOW,None,None - No skill gaps identified
1858,Human Resources,LOW,Reading Comprehension; Adobe Acrobat; Adobe Creative Cloud software,"Technical & Regulatory Documentation Analysis Workshop; Adobe Acrobat Pro: Digital Signatures, Forms & Secure Document Workflows; Adobe Creative Cloud Bootcamp: Multi-App Visual Design & Asset Management"
1859,Healthcare Representative,LOW,Reading Comprehension; Apple macOS,"Technical & Regulatory Documentation Analysis Workshop; macOS for Enterprise: Advanced Terminal, Security & Productivity Tooling"
1860,Laboratory Technician,HIGH,Reading Comprehension; Active Listening; Speaking,Technical & Regulatory Documentation Analysis Workshop; Empathetic Leadership & Active Listening for Cross-Functional Collaboration; Executive Presentation & Public Speaking Masterclass (Toastmasters / Internal Workshop)
1862,Sales Executive,MEDIUM,Active Listening; Speaking; Monitoring,Empathetic Leadership & Active Listening for Cross-Functional Collaboration; Executive Presentation & Public Speaking Masterclass (Toastmasters / Internal Workshop); Operational Process Auditing & KPI Performance Monitoring Protocols
1863,Sales Executive,LOW,Speaking,Executive Presentation & Public Speaking Masterclass (Toastmasters / Internal Workshop)
1864,Sales Representative,LOW,Speaking; Writing,Executive Presentation & Public Speaking Masterclass (Toastmasters / Internal Workshop); Business & Technical Writing: Structuring Executive Summaries & Proposals
1865,Human Resources,MEDIUM,Speaking; Writing; Adobe Acrobat,"Executive Presentation & Public Speaking Masterclass (Toastmasters / Internal Workshop); Business & Technical Writing: Structuring Executive Summaries & Proposals; Adobe Acrobat Pro: Digital Signatures, Forms & Secure Document Workflows"
1867,Research Director,LOW,None,None - No skill gaps identified
1868,Research Scientist,MEDIUM,Critical Thinking; Active Listening; Active Learning,Strategic Problem Solving & Root Cause Decision Analysis Seminar; Empathetic Leadership & Active Listening for Cross-Functional Collaboration; Continuous Professional Learning & Rapid Skill Acquisition Frameworks
1869,Sales Executive,LOW,Monitoring; Facebook,"Operational Process Auditing & KPI Performance Monitoring Protocols; B2B Social Media Marketing, Meta Business Suite & Targeted Outreach Campaigns"
1870,Research Scientist,LOW,Amazon Elastic Compute Cloud EC2; Amazon Web Services AWS CloudFormation,AWS Compute Architecture: Scalable EC2 Fleet Management & Auto-Scaling; AWS Infrastructure as Code: CloudFormation & CDK Automated Deployments
1871,Research Scientist,HIGH,Critical Thinking; Reading Comprehension; Active Listening,Strategic Problem Solving & Root Cause Decision Analysis Seminar; Technical & Regulatory Documentation Analysis Workshop; Empathetic Leadership & Active Listening for Cross-Functional Collaboration
1873,Research Scientist,MEDIUM,Critical Thinking; Active Learning; Amazon Web Services AWS CloudFormation,Strategic Problem Solving & Root Cause Decision Analysis Seminar; Continuous Professional Learning & Rapid Skill Acquisition Frameworks; AWS Infrastructure as Code: CloudFormation & CDK Automated Deployments
1875,Sales Representative,MEDIUM,Active Listening; Speaking; Writing,Empathetic Leadership & Active Listening for Cross-Functional Collaboration; Executive Presentation & Public Speaking Masterclass (Toastmasters / Internal Workshop); Business & Technical Writing: Structuring Executive Summaries & Proposals
1876,Sales Representative,MEDIUM,Active Listening; Active Learning; Apple macOS,"Empathetic Leadership & Active Listening for Cross-Functional Collaboration; Continuous Professional Learning & Rapid Skill Acquisition Frameworks; macOS for Enterprise: Advanced Terminal, Security & Productivity Tooling"
1878,Research Scientist,MEDIUM,Critical Thinking; Active Listening; Speaking,Strategic Problem Solving & Root Cause Decision Analysis Seminar; Empathetic Leadership & Active Listening for Cross-Functional Collaboration; Executive Presentation & Public Speaking Masterclass (Toastmasters / Internal Workshop)
1880,Sales Executive,LOW,Bentley MicroStation,Bentley MicroStation CAD: 2D/3D Infrastructure Drafting & Asset Modeling
1881,Laboratory Technician,LOW,None,None - No skill gaps identified
1882,Sales Executive,LOW,Speaking; Reading Comprehension; Critical Thinking,Executive Presentation & Public Speaking Masterclass (Toastmasters / Internal Workshop); Technical & Regulatory Documentation Analysis Workshop; Strategic Problem Solving & Root Cause Decision Analysis Seminar
1883,Laboratory Technician,LOW,Reading Comprehension; Active Listening; Science,"Technical & Regulatory Documentation Analysis Workshop; Empathetic Leadership & Active Listening for Cross-Functional Collaboration; Scientific Methodology, Evidence-Based Rigor & Laboratory Standards Training"
1885,Research Scientist,MEDIUM,Critical Thinking; Reading Comprehension; Active Learning,Strategic Problem Solving & Root Cause Decision Analysis Seminar; Technical & Regulatory Documentation Analysis Workshop; Continuous Professional Learning & Rapid Skill Acquisition Frameworks
1886,Manufacturing Director,MEDIUM,Critical Thinking; Adobe Acrobat; Adobe After Effects,"Strategic Problem Solving & Root Cause Decision Analysis Seminar; Adobe Acrobat Pro: Digital Signatures, Forms & Secure Document Workflows; Motion Graphics, Video Storytelling & Product Animation with After Effects"
1888,Manufacturing Director,LOW,Adobe Acrobat; Adobe InDesign; Autodesk AutoCAD,"Adobe Acrobat Pro: Digital Signatures, Forms & Secure Document Workflows; Corporate Layout Design, Multi-Page Publishing & Pitch Decks with InDesign; AutoCAD Essentials: Mechanical/Architectural Drafting & Dimensioning Standards"
1890,Human Resources,LOW,Reading Comprehension; Adobe Illustrator,"Technical & Regulatory Documentation Analysis Workshop; Vector Graphics, Infographics & Brand Asset Design in Adobe Illustrator"
1893,Research Scientist,MEDIUM,Reading Comprehension; Active Listening; Amazon DynamoDB,Technical & Regulatory Documentation Analysis Workshop; Empathetic Leadership & Active Listening for Cross-Functional Collaboration; NoSQL Database Architecture with AWS DynamoDB: Modeling & Scalability
1898,Sales Executive,LOW,None,None - No skill gaps identified
1903,Healthcare Representative,LOW,Reading Comprehension; IBM SPSS Statistics; Microsoft Office software,Technical & Regulatory Documentation Analysis Workshop; Advanced Statistical Inference & Predictive Modeling using IBM SPSS; Enterprise Microsoft 365 Productivity & Workflow Automation Bootcamp
1905,Research Scientist,LOW,Speaking; Amazon Elastic Compute Cloud EC2; Amazon Web Services AWS CloudFormation,Executive Presentation & Public Speaking Masterclass (Toastmasters / Internal Workshop); AWS Compute Architecture: Scalable EC2 Fleet Management & Auto-Scaling; AWS Infrastructure as Code: CloudFormation & CDK Automated Deployments
1907,Laboratory Technician,MEDIUM,Reading Comprehension; Critical Thinking; Speaking,Technical & Regulatory Documentation Analysis Workshop; Strategic Problem Solving & Root Cause Decision Analysis Seminar; Executive Presentation & Public Speaking Masterclass (Toastmasters / Internal Workshop)
1908,Sales Executive,LOW,Active Listening; Speaking; Monitoring,Empathetic Leadership & Active Listening for Cross-Functional Collaboration; Executive Presentation & Public Speaking Masterclass (Toastmasters / Internal Workshop); Operational Process Auditing & KPI Performance Monitoring Protocols
1909,Sales Executive,HIGH,Active Listening; Speaking; Reading Comprehension,Empathetic Leadership & Active Listening for Cross-Functional Collaboration; Executive Presentation & Public Speaking Masterclass (Toastmasters / Internal Workshop); Technical & Regulatory Documentation Analysis Workshop
1911,Research Director,LOW,None,None - No skill gaps identified
1912,Sales Executive,MEDIUM,Monitoring; Bentley MicroStation; Eclipse IDE,Operational Process Auditing & KPI Performance Monitoring Protocols; Bentley MicroStation CAD: 2D/3D Infrastructure Drafting & Asset Modeling; Java & Multi-Language Software Development with Eclipse IDE & Git Plugins
1915,Sales Executive,LOW,Monitoring,Operational Process Auditing & KPI Performance Monitoring Protocols
1916,Laboratory Technician,MEDIUM,Reading Comprehension; Active Listening; Critical Thinking,Technical & Regulatory Documentation Analysis Workshop; Empathetic Leadership & Active Listening for Cross-Functional Collaboration; Strategic Problem Solving & Root Cause Decision Analysis Seminar
1918,Laboratory Technician,LOW,Microsoft Excel,"Advanced Excel: Dynamic Arrays, Power Query & Business Financial Modeling"
1922,Healthcare Representative,MEDIUM,Speaking; Reading Comprehension; Writing,Executive Presentation & Public Speaking Masterclass (Toastmasters / Internal Workshop); Technical & Regulatory Documentation Analysis Workshop; Business & Technical Writing: Structuring Executive Summaries & Proposals
1924,Sales Executive,LOW,None,None - No skill gaps identified
1927,Sales Executive,LOW,Adobe Creative Cloud software; Bentley MicroStation,Adobe Creative Cloud Bootcamp: Multi-App Visual Design & Asset Management; Bentley MicroStation CAD: 2D/3D Infrastructure Drafting & Asset Modeling
1928,Sales Representative,MEDIUM,Reading Comprehension; Apple macOS; IBM SPSS Statistics,"Technical & Regulatory Documentation Analysis Workshop; macOS for Enterprise: Advanced Terminal, Security & Productivity Tooling; Advanced Statistical Inference & Predictive Modeling using IBM SPSS"
1929,Sales Executive,MEDIUM,Active Listening; Speaking; Monitoring,Empathetic Leadership & Active Listening for Cross-Functional Collaboration; Executive Presentation & Public Speaking Masterclass (Toastmasters / Internal Workshop); Operational Process Auditing & KPI Performance Monitoring Protocols
1931,Research Scientist,MEDIUM,Reading Comprehension; Speaking; Active Learning,Technical & Regulatory Documentation Analysis Workshop; Executive Presentation & Public Speaking Masterclass (Toastmasters / Internal Workshop); Continuous Professional Learning & Rapid Skill Acquisition Frameworks
1932,Research Scientist,LOW,None,None - No skill gaps identified
1933,Sales Executive,MEDIUM,Reading Comprehension; Critical Thinking; Bentley MicroStation,Technical & Regulatory Documentation Analysis Workshop; Strategic Problem Solving & Root Cause Decision Analysis Seminar; Bentley MicroStation CAD: 2D/3D Infrastructure Drafting & Asset Modeling
1934,Research Scientist,LOW,Active Listening; Speaking; Amazon DynamoDB,Empathetic Leadership & Active Listening for Cross-Functional Collaboration; Executive Presentation & Public Speaking Masterclass (Toastmasters / Internal Workshop); NoSQL Database Architecture with AWS DynamoDB: Modeling & Scalability
1935,Sales Executive,MEDIUM,Reading Comprehension; Adobe Acrobat; Bentley MicroStation,"Technical & Regulatory Documentation Analysis Workshop; Adobe Acrobat Pro: Digital Signatures, Forms & Secure Document Workflows; Bentley MicroStation CAD: 2D/3D Infrastructure Drafting & Asset Modeling"
1936,Manufacturing Director,LOW,None,None - No skill gaps identified
1937,Research Scientist,LOW,None,None - No skill gaps identified
1939,Research Scientist,MEDIUM,Reading Comprehension; Speaking; Active Learning,Technical & Regulatory Documentation Analysis Workshop; Executive Presentation & Public Speaking Masterclass (Toastmasters / Internal Workshop); Continuous Professional Learning & Rapid Skill Acquisition Frameworks
1940,Research Scientist,MEDIUM,Critical Thinking; Reading Comprehension; Amazon Redshift,Strategic Problem Solving & Root Cause Decision Analysis Seminar; Technical & Regulatory Documentation Analysis Workshop; Cloud Data Warehousing & High-Performance SQL Analytics with Amazon Redshift
1941,Research Director,LOW,Reading Comprehension; Adobe Acrobat; ESRI ArcGIS software,"Technical & Regulatory Documentation Analysis Workshop; Adobe Acrobat Pro: Digital Signatures, Forms & Secure Document Workflows; Spatial Data Analytics & Geospatial Mapping with ESRI ArcGIS Pro"
1943,Sales Executive,MEDIUM,Reading Comprehension; Critical Thinking; Adobe Acrobat,"Technical & Regulatory Documentation Analysis Workshop; Strategic Problem Solving & Root Cause Decision Analysis Seminar; Adobe Acrobat Pro: Digital Signatures, Forms & Secure Document Workflows"
1944,Human Resources,MEDIUM,Speaking; Active Listening; Critical Thinking,Executive Presentation & Public Speaking Masterclass (Toastmasters / Internal Workshop); Empathetic Leadership & Active Listening for Cross-Functional Collaboration; Strategic Problem Solving & Root Cause Decision Analysis Seminar
1945,Sales Executive,LOW,Adobe Creative Cloud software; Bentley MicroStation,Adobe Creative Cloud Bootcamp: Multi-App Visual Design & Asset Management; Bentley MicroStation CAD: 2D/3D Infrastructure Drafting & Asset Modeling
1947,Research Scientist,LOW,Active Learning; Amazon Elastic Compute Cloud EC2,Continuous Professional Learning & Rapid Skill Acquisition Frameworks; AWS Compute Architecture: Scalable EC2 Fleet Management & Auto-Scaling
1948,Research Scientist,LOW,Amazon DynamoDB; Amazon Elastic Compute Cloud EC2,NoSQL Database Architecture with AWS DynamoDB: Modeling & Scalability; AWS Compute Architecture: Scalable EC2 Fleet Management & Auto-Scaling
1949,Laboratory Technician,LOW,Reading Comprehension; MEDITECH software; Microsoft Excel,"Technical & Regulatory Documentation Analysis Workshop; MEDITECH EHR Clinical Data Management & Laboratory Information Systems Track; Advanced Excel: Dynamic Arrays, Power Query & Business Financial Modeling"
1950,Sales Executive,LOW,None,None - No skill gaps identified
1951,Sales Executive,LOW,Speaking,Executive Presentation & Public Speaking Masterclass (Toastmasters / Internal Workshop)
1952,Laboratory Technician,LOW,Science,"Scientific Methodology, Evidence-Based Rigor & Laboratory Standards Training"
1954,Healthcare Representative,LOW,Speaking; Microsoft Excel,"Executive Presentation & Public Speaking Masterclass (Toastmasters / Internal Workshop); Advanced Excel: Dynamic Arrays, Power Query & Business Financial Modeling"
1955,Healthcare Representative,LOW,Writing; IBM SPSS Statistics; Microsoft Excel,"Business & Technical Writing: Structuring Executive Summaries & Proposals; Advanced Statistical Inference & Predictive Modeling using IBM SPSS; Advanced Excel: Dynamic Arrays, Power Query & Business Financial Modeling"
1956,Research Scientist,LOW,None,None - No skill gaps identified
1960,Laboratory Technician,MEDIUM,Active Listening; Critical Thinking; Science,"Empathetic Leadership & Active Listening for Cross-Functional Collaboration; Strategic Problem Solving & Root Cause Decision Analysis Seminar; Scientific Methodology, Evidence-Based Rigor & Laboratory Standards Training"
1961,Sales Representative,MEDIUM,Active Listening; Writing; IBM SPSS Statistics,Empathetic Leadership & Active Listening for Cross-Functional Collaboration; Business & Technical Writing: Structuring Executive Summaries & Proposals; Advanced Statistical Inference & Predictive Modeling using IBM SPSS
1962,Sales Executive,LOW,None,None - No skill gaps identified
1965,Sales Executive,LOW,None,None - No skill gaps identified
1966,Manufacturing Director,HIGH,Critical Thinking; Speaking; Monitoring,Strategic Problem Solving & Root Cause Decision Analysis Seminar; Executive Presentation & Public Speaking Masterclass (Toastmasters / Internal Workshop); Operational Process Auditing & KPI Performance Monitoring Protocols
1967,Sales Executive,LOW,None,None - No skill gaps identified
1968,Sales Executive,MEDIUM,Active Listening; Speaking; Reading Comprehension,Empathetic Leadership & Active Listening for Cross-Functional Collaboration; Executive Presentation & Public Speaking Masterclass (Toastmasters / Internal Workshop); Technical & Regulatory Documentation Analysis Workshop
1969,Research Scientist,LOW,Speaking; Amazon DynamoDB; Amazon Elastic Compute Cloud EC2,Executive Presentation & Public Speaking Masterclass (Toastmasters / Internal Workshop); NoSQL Database Architecture with AWS DynamoDB: Modeling & Scalability; AWS Compute Architecture: Scalable EC2 Fleet Management & Auto-Scaling
1970,Healthcare Representative,LOW,Active Listening; Apple macOS; IBM SPSS Statistics,"Empathetic Leadership & Active Listening for Cross-Functional Collaboration; macOS for Enterprise: Advanced Terminal, Security & Productivity Tooling; Advanced Statistical Inference & Predictive Modeling using IBM SPSS"
1971,Healthcare Representative,MEDIUM,Active Listening; Reading Comprehension; HubSpot software,Empathetic Leadership & Active Listening for Cross-Functional Collaboration; Technical & Regulatory Documentation Analysis Workshop; Inbound Sales & CRM Pipeline Optimization with HubSpot Sales Hub
1972,Human Resources,MEDIUM,Active Listening; Critical Thinking; Adobe Creative Cloud software,Empathetic Leadership & Active Listening for Cross-Functional Collaboration; Strategic Problem Solving & Root Cause Decision Analysis Seminar; Adobe Creative Cloud Bootcamp: Multi-App Visual Design & Asset Management
1974,Laboratory Technician,MEDIUM,Reading Comprehension; Active Listening; Critical Thinking,Technical & Regulatory Documentation Analysis Workshop; Empathetic Leadership & Active Listening for Cross-Functional Collaboration; Strategic Problem Solving & Root Cause Decision Analysis Seminar
1975,Sales Executive,LOW,None,None - No skill gaps identified
1976,Research Scientist,LOW,Active Listening; Amazon Web Services AWS CloudFormation,Empathetic Leadership & Active Listening for Cross-Functional Collaboration; AWS Infrastructure as Code: CloudFormation & CDK Automated Deployments
1979,Research Director,LOW,Active Listening,Empathetic Leadership & Active Listening for Cross-Functional Collaboration
1980,Manufacturing Director,LOW,Critical Thinking; Reading Comprehension; Adobe Photoshop,Strategic Problem Solving & Root Cause Decision Analysis Seminar; Technical & Regulatory Documentation Analysis Workshop; Commercial Image Retouching & Asset Production with Adobe Photoshop
1981,Healthcare Representative,HIGH,Speaking; Active Learning; Apple macOS,"Executive Presentation & Public Speaking Masterclass (Toastmasters / Internal Workshop); Continuous Professional Learning & Rapid Skill Acquisition Frameworks; macOS for Enterprise: Advanced Terminal, Security & Productivity Tooling"
1982,Laboratory Technician,LOW,Microsoft Excel,"Advanced Excel: Dynamic Arrays, Power Query & Business Financial Modeling"
1985,Laboratory Technician,LOW,Science; Google Docs,"Scientific Methodology, Evidence-Based Rigor & Laboratory Standards Training; Google Workspace Collaboration: Document Co-Authoring & Cloud Governance"
1986,Sales Executive,LOW,Eclipse IDE,Java & Multi-Language Software Development with Eclipse IDE & Git Plugins
1987,Human Resources,LOW,Critical Thinking; Adobe InDesign,"Strategic Problem Solving & Root Cause Decision Analysis Seminar; Corporate Layout Design, Multi-Page Publishing & Pitch Decks with InDesign"
1989,Laboratory Technician,LOW,None,None - No skill gaps identified
1992,Laboratory Technician,MEDIUM,Reading Comprehension; Critical Thinking; Science,"Technical & Regulatory Documentation Analysis Workshop; Strategic Problem Solving & Root Cause Decision Analysis Seminar; Scientific Methodology, Evidence-Based Rigor & Laboratory Standards Training"
1993,Healthcare Representative,LOW,Active Listening,Empathetic Leadership & Active Listening for Cross-Functional Collaboration
1994,Laboratory Technician,LOW,Microsoft Office software,Enterprise Microsoft 365 Productivity & Workflow Automation Bootcamp
1995,Sales Executive,LOW,None,None - No skill gaps identified
1996,Sales Representative,MEDIUM,Active Listening; Writing; Apple macOS,"Empathetic Leadership & Active Listening for Cross-Functional Collaboration; Business & Technical Writing: Structuring Executive Summaries & Proposals; macOS for Enterprise: Advanced Terminal, Security & Productivity Tooling"
1997,Manufacturing Director,MEDIUM,Adobe Acrobat; Adobe InDesign; Adobe Photoshop,"Adobe Acrobat Pro: Digital Signatures, Forms & Secure Document Workflows; Corporate Layout Design, Multi-Page Publishing & Pitch Decks with InDesign; Commercial Image Retouching & Asset Production with Adobe Photoshop"
1998,Research Scientist,LOW,Critical Thinking; Amazon DynamoDB; Amazon Elastic Compute Cloud EC2,Strategic Problem Solving & Root Cause Decision Analysis Seminar; NoSQL Database Architecture with AWS DynamoDB: Modeling & Scalability; AWS Compute Architecture: Scalable EC2 Fleet Management & Auto-Scaling
1999,Research Scientist,MEDIUM,Speaking; Amazon DynamoDB; Amazon Redshift,Executive Presentation & Public Speaking Masterclass (Toastmasters / Internal Workshop); NoSQL Database Architecture with AWS DynamoDB: Modeling & Scalability; Cloud Data Warehousing & High-Performance SQL Analytics with Amazon Redshift
2000,Research Director,LOW,None,None - No skill gaps identified
2003,Laboratory Technician,MEDIUM,Active Listening; Critical Thinking; Speaking,Empathetic Leadership & Active Listening for Cross-Functional Collaboration; Strategic Problem Solving & Root Cause Decision Analysis Seminar; Executive Presentation & Public Speaking Masterclass (Toastmasters / Internal Workshop)
2007,Research Scientist,MEDIUM,Active Listening; Active Learning; Amazon DynamoDB,Empathetic Leadership & Active Listening for Cross-Functional Collaboration; Continuous Professional Learning & Rapid Skill Acquisition Frameworks; NoSQL Database Architecture with AWS DynamoDB: Modeling & Scalability
2008,Research Scientist,LOW,None,None - No skill gaps identified
2009,Healthcare Representative,LOW,None,None - No skill gaps identified
2010,Laboratory Technician,LOW,Google Docs; Microsoft Office software; Microsoft Outlook,"Google Workspace Collaboration: Document Co-Authoring & Cloud Governance; Enterprise Microsoft 365 Productivity & Workflow Automation Bootcamp; Time Management, Calendar Optimization & Executive Email Triage in Outlook"
2012,Laboratory Technician,MEDIUM,Speaking; Science; MEDITECH software,"Executive Presentation & Public Speaking Masterclass (Toastmasters / Internal Workshop); Scientific Methodology, Evidence-Based Rigor & Laboratory Standards Training; MEDITECH EHR Clinical Data Management & Laboratory Information Systems Track"
2013,Sales Representative,MEDIUM,Active Listening; Reading Comprehension; Active Learning,Empathetic Leadership & Active Listening for Cross-Functional Collaboration; Technical & Regulatory Documentation Analysis Workshop; Continuous Professional Learning & Rapid Skill Acquisition Frameworks
2014,Research Scientist,LOW,Amazon Elastic Compute Cloud EC2,AWS Compute Architecture: Scalable EC2 Fleet Management & Auto-Scaling
2015,Research Director,LOW,None,None - No skill gaps identified
2016,Sales Executive,LOW,None,None - No skill gaps identified
2017,Research Director,LOW,Microsoft Access,Relational Database Design & SQL Querying with Microsoft Access
2018,Sales Executive,LOW,Critical Thinking; Adobe Acrobat; Adobe Creative Cloud software,"Strategic Problem Solving & Root Cause Decision Analysis Seminar; Adobe Acrobat Pro: Digital Signatures, Forms & Secure Document Workflows; Adobe Creative Cloud Bootcamp: Multi-App Visual Design & Asset Management"
2019,Sales Representative,LOW,None,None - No skill gaps identified
2020,Research Scientist,MEDIUM,Critical Thinking; Active Listening; Speaking,Strategic Problem Solving & Root Cause Decision Analysis Seminar; Empathetic Leadership & Active Listening for Cross-Functional Collaboration; Executive Presentation & Public Speaking Masterclass (Toastmasters / Internal Workshop)
2021,Sales Representative,LOW,IBM SPSS Statistics; Microsoft Excel,"Advanced Statistical Inference & Predictive Modeling using IBM SPSS; Advanced Excel: Dynamic Arrays, Power Query & Business Financial Modeling"
2023,Sales Representative,HIGH,Active Listening; Writing; Apple macOS,"Empathetic Leadership & Active Listening for Cross-Functional Collaboration; Business & Technical Writing: Structuring Executive Summaries & Proposals; macOS for Enterprise: Advanced Terminal, Security & Productivity Tooling"
2024,Sales Executive,LOW,None,None - No skill gaps identified
2025,Manufacturing Director,LOW,Reading Comprehension,Technical & Regulatory Documentation Analysis Workshop
2026,Healthcare Representative,LOW,Active Listening,Empathetic Leadership & Active Listening for Cross-Functional Collaboration
2027,Research Scientist,MEDIUM,Active Learning; Amazon Redshift; Amazon Web Services AWS CloudFormation,Continuous Professional Learning & Rapid Skill Acquisition Frameworks; Cloud Data Warehousing & High-Performance SQL Analytics with Amazon Redshift; AWS Infrastructure as Code: CloudFormation & CDK Automated Deployments
2032,Laboratory Technician,LOW,None,None - No skill gaps identified
2034,Manufacturing Director,LOW,Adobe Acrobat,"Adobe Acrobat Pro: Digital Signatures, Forms & Secure Document Workflows"
2035,Sales Executive,LOW,Reading Comprehension; Adobe Acrobat; Eclipse IDE,"Technical & Regulatory Documentation Analysis Workshop; Adobe Acrobat Pro: Digital Signatures, Forms & Secure Document Workflows; Java & Multi-Language Software Development with Eclipse IDE & Git Plugins"
2036,Sales Executive,LOW,Eclipse IDE,Java & Multi-Language Software Development with Eclipse IDE & Git Plugins
2037,Sales Executive,LOW,Active Listening; Bentley MicroStation,Empathetic Leadership & Active Listening for Cross-Functional Collaboration; Bentley MicroStation CAD: 2D/3D Infrastructure Drafting & Asset Modeling
2038,Research Scientist,LOW,Amazon Web Services AWS software,"AWS Solutions Architect: Core Cloud Services, IAM & Architecture Design"
2040,Human Resources,LOW,Adobe Acrobat,"Adobe Acrobat Pro: Digital Signatures, Forms & Secure Document Workflows"
2041,Sales Executive,LOW,Active Listening; Adobe Creative Cloud software,Empathetic Leadership & Active Listening for Cross-Functional Collaboration; Adobe Creative Cloud Bootcamp: Multi-App Visual Design & Asset Management
2044,Sales Executive,LOW,Adobe Acrobat; Bentley MicroStation,"Adobe Acrobat Pro: Digital Signatures, Forms & Secure Document Workflows; Bentley MicroStation CAD: 2D/3D Infrastructure Drafting & Asset Modeling"
2045,Sales Executive,MEDIUM,Speaking; Reading Comprehension; Critical Thinking,Executive Presentation & Public Speaking Masterclass (Toastmasters / Internal Workshop); Technical & Regulatory Documentation Analysis Workshop; Strategic Problem Solving & Root Cause Decision Analysis Seminar
2046,Sales Executive,LOW,Critical Thinking; Adobe Acrobat; Adobe Creative Cloud software,"Strategic Problem Solving & Root Cause Decision Analysis Seminar; Adobe Acrobat Pro: Digital Signatures, Forms & Secure Document Workflows; Adobe Creative Cloud Bootcamp: Multi-App Visual Design & Asset Management"
2048,Research Scientist,LOW,Critical Thinking; Amazon Redshift; Amazon Web Services AWS CloudFormation,Strategic Problem Solving & Root Cause Decision Analysis Seminar; Cloud Data Warehousing & High-Performance SQL Analytics with Amazon Redshift; AWS Infrastructure as Code: CloudFormation & CDK Automated Deployments
2049,Healthcare Representative,LOW,None,None - No skill gaps identified
2051,Research Scientist,LOW,Active Listening; Active Learning; Amazon Redshift,Empathetic Leadership & Active Listening for Cross-Functional Collaboration; Continuous Professional Learning & Rapid Skill Acquisition Frameworks; Cloud Data Warehousing & High-Performance SQL Analytics with Amazon Redshift
2052,Research Scientist,LOW,Amazon Web Services AWS CloudFormation; Amazon Web Services AWS software,"AWS Infrastructure as Code: CloudFormation & CDK Automated Deployments; AWS Solutions Architect: Core Cloud Services, IAM & Architecture Design"
2053,Laboratory Technician,MEDIUM,Critical Thinking; Google Docs; Microsoft Office software,Strategic Problem Solving & Root Cause Decision Analysis Seminar; Google Workspace Collaboration: Document Co-Authoring & Cloud Governance; Enterprise Microsoft 365 Productivity & Workflow Automation Bootcamp
2054,Research Scientist,LOW,Speaking; Amazon Elastic Compute Cloud EC2,Executive Presentation & Public Speaking Masterclass (Toastmasters / Internal Workshop); AWS Compute Architecture: Scalable EC2 Fleet Management & Auto-Scaling
2055,Sales Executive,LOW,Reading Comprehension; Critical Thinking; Facebook,"Technical & Regulatory Documentation Analysis Workshop; Strategic Problem Solving & Root Cause Decision Analysis Seminar; B2B Social Media Marketing, Meta Business Suite & Targeted Outreach Campaigns"
2056,Sales Executive,LOW,None,None - No skill gaps identified
2057,Manufacturing Director,LOW,Speaking,Executive Presentation & Public Speaking Masterclass (Toastmasters / Internal Workshop)
2060,Sales Representative,MEDIUM,Reading Comprehension; Writing; Microsoft Excel,"Technical & Regulatory Documentation Analysis Workshop; Business & Technical Writing: Structuring Executive Summaries & Proposals; Advanced Excel: Dynamic Arrays, Power Query & Business Financial Modeling"
2061,Laboratory Technician,LOW,Google Docs; MEDITECH software,Google Workspace Collaboration: Document Co-Authoring & Cloud Governance; MEDITECH EHR Clinical Data Management & Laboratory Information Systems Track
2062,Healthcare Representative,LOW,None,None - No skill gaps identified
2064,Manufacturing Director,LOW,Adobe Acrobat,"Adobe Acrobat Pro: Digital Signatures, Forms & Secure Document Workflows"
2065,Sales Executive,LOW,None,None - No skill gaps identified
2068,Laboratory Technician,LOW,Science; Microsoft Excel,"Scientific Methodology, Evidence-Based Rigor & Laboratory Standards Training; Advanced Excel: Dynamic Arrays, Power Query & Business Financial Modeling"
